Depth (ft),Cone resistance (tsf),Sleeve friction (tsf),Pore pressure u2 (psi)
0,2.00584507893299,0.124193744820133,0
0.0328083989501312,2.00584507893299,0.124193744820133,0
0.0656167979002625,2.00584507893299,0.124193744820133,0
0.0984251968503937,2.00584507893299,0.124193744820133,0
0.131233595800525,2.00584507893299,0.124193744820133,0
0.164041994750656,2.00584507893299,0.124193744820133,0
0.196850393700787,2.00584507893299,0.124193744820133,0
0.229658792650919,2.00584507893299,0.124193744820133,0
0.26246719160105,2.00584507893299,0.124193744820133,0
0.295275590551181,2.00584507893299,0.124193744820133,0
0.328083989501312,2.00584507893299,0.124193744820133,0
0.360892388451444,2.00584507893299,0.124193744820133,0
0.393700787401575,2.00584507893299,0.124193744820133,0
0.426509186351706,2.00584507893299,0.124193744820133,0
0.459317585301837,2.00584507893299,0.124193744820133,0
0.492125984251968,2.00584507893299,0.124193744820133,0
0.5249343832021,2.00584507893299,0.124193744820133,0
0.557742782152231,2.00584507893299,0.124193744820133,0
0.590551181102362,2.00584507893299,0.124193744820133,0
0.623359580052493,2.00584507893299,0.124193744820133,0
0.656167979002625,2.00584507893299,0.124193744820133,0
0.688976377952756,2.00584507893299,0.124193744820133,0
0.721784776902887,2.00584507893299,0.124193744820133,0
0.754593175853018,2.00584507893299,0.124193744820133,0
0.78740157480315,2.00584507893299,0.124193744820133,0
0.820209973753281,2.00584507893299,0.124193744820133,0
0.853018372703412,2.00584507893299,0.124193744820133,0
0.885826771653543,2.00584507893299,0.124193744820133,0
0.918635170603675,2.00584507893299,0.124193744820133,0
0.951443569553806,2.00584507893299,0.124193744820133,0
0.984251968503937,2.00584507893299,0.124193744820133,0
1.01706036745407,2.00584507893299,0.124193744820133,0
1.0498687664042,2.00584507893299,0.124193744820133,0
1.08267716535433,2.00584507893299,0.124193744820133,0
1.11548556430446,2.00584507893299,0.124193744820133,0
1.14829396325459,2.00584507893299,0.124193744820133,0
1.18110236220472,2.00584507893299,0.124193744820133,0
1.21391076115486,2.00584507893299,0.124193744820133,0
1.24671916010499,2.00584507893299,0.124193744820133,0
1.27952755905512,2.00584507893299,0.124193744820133,0
1.31233595800525,2.00584507893299,0.124193744820133,0
1.34514435695538,2.00584507893299,0.124193744820133,0
1.37795275590551,2.00584507893299,0.124193744820133,0
1.41076115485564,2.00584507893299,0.124193744820133,0
1.44356955380577,2.00584507893299,0.124193744820133,0
1.47637795275591,2.00584507893299,0.124193744820133,0
1.50918635170604,2.00584507893299,0.124193744820133,0
1.54199475065617,2.00584507893299,0.124193744820133,0
1.5748031496063,2.00584507893299,0.124193744820133,0
1.60761154855643,2.00584507893299,0.124193744820133,0
1.64041994750656,2.00584507893299,0.124193744820133,0
1.67322834645669,2.00584507893299,0.124193744820133,0
1.70603674540682,2.00584507893299,0.124193744820133,0
1.73884514435696,2.00584507893299,0.124193744820133,0
1.77165354330709,2.00584507893299,0.124193744820133,0
1.80446194225722,2.00584507893299,0.124193744820133,0
1.83727034120735,2.00584507893299,0.124193744820133,0
1.87007874015748,2.00584507893299,0.124193744820133,0
1.90288713910761,2.00584507893299,0.124193744820133,0
1.93569553805774,2.00584507893299,0.124193744820133,0
1.96850393700787,2.00584507893299,0.124193744820133,0
2.001312335958,2.00584507893299,0.124193744820133,0
2.03412073490814,2.00584507893299,0.124193744820133,0
2.06692913385827,2.00584507893299,0.124193744820133,0
2.0997375328084,2.00584507893299,0.124193744820133,0
2.13254593175853,2.00584507893299,0.124193744820133,0
2.16535433070866,2.00584507893299,0.124193744820133,0
2.19816272965879,2.00584507893299,0.124193744820133,0
2.23097112860892,2.00584507893299,0.124193744820133,0
2.26377952755906,2.00584507893299,0.124193744820133,0
2.29658792650919,2.00584507893299,0.124193744820133,0
2.32939632545932,2.00584507893299,0.124193744820133,0
2.36220472440945,2.00584507893299,0.124193744820133,0
2.39501312335958,2.00584507893299,0.124193744820133,0
2.42782152230971,2.00584507893299,0.124193744820133,0
2.46062992125984,2.00584507893299,0.124193744820133,0
2.49343832020997,2.00584507893299,0.124193744820133,0
2.5262467191601,2.00584507893299,0.124193744820133,0
2.55905511811024,2.00584507893299,0.124193744820133,0
2.59186351706037,2.00584507893299,0.124193744820133,0
2.6246719160105,2.00584507893299,0.124193744820133,0
2.65748031496063,2.00584507893299,0.124193744820133,0
2.69028871391076,2.00584507893299,0.124193744820133,0
2.72309711286089,2.00584507893299,0.124193744820133,0
2.75590551181102,2.00584507893299,0.124193744820133,0
2.78871391076115,2.00584507893299,0.124193744820133,0
2.82152230971129,2.00584507893299,0.124193744820133,0
2.85433070866142,2.00584507893299,0.124193744820133,0
2.88713910761155,2.00584507893299,0.124193744820133,0
2.91994750656168,2.00584507893299,0.124193744820133,0
2.95275590551181,2.00584507893299,0.124193744820133,0
2.98556430446194,2.00584507893299,0.124193744820133,0
3.01837270341207,2.00584507893299,0.124193744820133,0
3.0511811023622,2.00584507893299,0.124193744820133,0
3.08398950131234,2.00584507893299,0.124193744820133,0
3.11679790026247,2.00584507893299,0.124193744820133,0
3.1496062992126,2.00584507893299,0.124193744820133,0
3.18241469816273,2.00584507893299,0.124193744820133,0
3.21522309711286,2.00584507893299,0.124193744820133,0
3.24803149606299,2.00584507893299,0.124193744820133,0
3.28083989501312,2.00584507893299,0.124193744820133,0
3.31364829396325,2.00584507893299,0.124193744820133,0
3.34645669291339,2.00584507893299,0.124193744820133,0
3.37926509186352,2.00584507893299,0.124193744820133,0
3.41207349081365,2.00584507893299,0.124193744820133,0
3.44488188976378,2.00584507893299,0.124193744820133,0
3.47769028871391,2.00584507893299,0.124193744820133,0
3.51049868766404,2.00584507893299,0.124193744820133,0
3.54330708661417,2.00584507893299,0.124193744820133,0
3.5761154855643,2.00584507893299,0.124193744820133,0
3.60892388451444,2.00584507893299,0.124193744820133,0
3.64173228346457,2.00584507893299,0.124193744820133,0
3.6745406824147,2.00584507893299,0.124193744820133,0
3.70734908136483,2.00584507893299,0.124193744820133,0
3.74015748031496,2.00584507893299,0.124193744820133,0
3.77296587926509,2.00584507893299,0.124193744820133,0
3.80577427821522,2.00584507893299,0.124193744820133,0
3.83858267716535,2.00584507893299,0.124193744820133,0
3.87139107611549,2.00584507893299,0.124193744820133,0
3.90419947506562,2.00584507893299,0.124193744820133,0
3.93700787401575,2.00584507893299,0.124193744820133,0
3.96981627296588,2.00584507893299,0.124193744820133,0
4.00262467191601,2.00584507893299,0.124193744820133,0
4.03543307086614,2.00584507893299,0.124193744820133,0
4.06824146981627,2.00584507893299,0.124193744820133,0
4.1010498687664,2.00584507893299,0.124193744820133,0
4.13385826771654,2.00584507893299,0.124193744820133,0
4.16666666666667,2.00584507893299,0.124193744820133,0
4.1994750656168,2.00584507893299,0.124193744820133,0
4.23228346456693,2.00584507893299,0.124193744820133,0
4.26509186351706,2.00584507893299,0.124193744820133,0
4.29790026246719,2.00584507893299,0.124193744820133,0
4.33070866141732,2.00584507893299,0.124193744820133,0
4.36351706036745,2.00584507893299,0.124193744820133,0
4.39632545931758,2.00584507893299,0.124193744820133,0
4.42913385826772,2.00584507893299,0.124193744820133,0
4.46194225721785,2.00584507893299,0.124193744820133,0
4.49475065616798,2.00584507893299,0.124193744820133,0
4.52755905511811,2.00584507893299,0.124193744820133,0
4.56036745406824,2.00584507893299,0.124193744820133,0
4.59317585301837,2.00584507893299,0.124193744820133,0
4.6259842519685,2.00584507893299,0.124193744820133,0
4.65879265091863,2.00584507893299,0.124193744820133,0
4.69160104986877,2.00584507893299,0.124193744820133,0
4.7244094488189,2.00584507893299,0.124193744820133,0
4.75721784776903,2.00584507893299,0.124193744820133,0
4.79002624671916,2.00584507893299,0.124193744820133,0
4.82283464566929,2.00584507893299,0.124193744820133,0
4.85564304461942,2.00584507893299,0.124193744820133,0
4.88845144356955,2.00584507893299,0.124193744820133,0
4.92125984251968,2.00584507893299,0.124193744820133,0
4.95406824146982,2.00584507893299,0.124193744820133,0
4.98687664041995,2.00584507893299,0.124193744820133,0
5.01968503937008,1.38072098969098,0.124193744820133,0
5.05249343832021,1.38072098969098,0.124193744820133,0
5.08530183727034,1.38072098969098,0.0881584436401676,0
5.11811023622047,1.5064123043593,0.102948133065266,0
5.1509186351706,1.76219333720415,0.119532532720776,0
5.18372703412073,2.017974370049,0.136116932376287,0
5.21653543307087,2.27375540289385,0.152701332031798,0
5.249343832021,2.5295364357387,0.155391641089773,0
5.28215223097113,2.78531746858355,0.155387729028901,0
5.31496062992126,3.0410985014284,0.155383816968028,0
5.34776902887139,3.29687953427325,0.155379904907156,0
5.38057742782152,3.5526605671181,0.155375992846284,0
5.41338582677165,3.80844159996295,0.155372080785412,0
5.44619422572178,4.0642226328078,0.15536816872454,0
5.47900262467192,4.32000366565264,0.155364256663667,0
5.51181102362205,4.49932732290044,0.155360344602795,0
5.54461942257218,4.49307931805177,0.155356432541923,0
5.57742782152231,4.48683131320311,0.155352520481051,0
5.61023622047244,4.48058330835444,0.155348608420179,0
5.64304461942257,4.47433530350578,0.152992208551605,0
5.6758530183727,4.46808729865711,0.149503041459691,0
5.70866141732283,4.46183929380845,0.146013874367777,0
5.74146981627297,4.45559128895978,0.142524707275863,0
5.7742782152231,4.44934328411111,0.139035540183949,0
5.80708661417323,4.44309527926245,0.135546373092034,0
5.83989501312336,4.43684727441378,0.13205720600012,0
5.87270341207349,4.43059926956512,0.128568038908206,0
5.90551181102362,4.42435126471645,0.125078871816292,0
5.93832020997375,4.41810325986779,0.121589704724378,0
5.97112860892388,4.41185525501912,0.118100537632463,0
6.00393700787402,4.40560725017046,0.114611370540549,0
6.03674540682415,4.39935924532179,0.111122203448635,0
6.06955380577428,4.39311124047313,0.108194259791744,0
6.10236220472441,4.38684247759053,0.10819132574609,0
6.13517060367454,4.38056937861534,0.108188391700436,0
6.16797900262467,4.37429627964015,0.108185457654783,0
6.2007874015748,4.36802318066496,0.108182523609129,0
6.23359580052493,4.36175008168977,0.108179589563476,0
6.26640419947507,4.35547698271457,0.108176655517822,0
6.2992125984252,4.34920388373938,0.108173721472169,0
6.33202099737533,4.34293078476419,0.108170787426515,0
6.36482939632546,4.336657685789,0.108167853380861,0
6.39763779527559,4.33038458681381,0.108164919335208,0
6.43044619422572,4.32411148783862,0.108161985289554,0
6.46325459317585,4.31783838886343,0.108159051243901,0
6.49606299212598,4.31156528988823,0.108156117198247,0
6.52887139107612,4.30529219091304,0.108153183152593,0
6.56167979002625,4.29901909193785,0.10815024910694,0
6.59448818897638,4.29274599296266,0.108147315061286,0
6.62729658792651,4.28647289398747,0.106262921318006,0
6.66010498687664,4.28019979501228,0.104267300825879,0
6.69291338582677,4.27392669603709,0.102271680333753,0
6.7257217847769,4.26765359706189,0.100276059841626,0
6.75853018372703,4.2613804980867,0.0982804393494996,0
6.79133858267716,4.25722305154667,0.0962848188573732,0
6.8241469816273,4.25722305154666,0.0942891983652466,0
6.85695538057743,4.25722305154664,0.0922935778731201,0
6.88976377952756,4.25722305154663,0.0902979573809936,0
6.92257217847769,4.25722305154662,0.0883023368888671,0
6.95538057742782,4.2572230515466,0.0863067163967406,0
6.98818897637795,4.25722305154659,0.0843110959046141,0
7.02099737532808,4.25722305154658,0.0823154754124876,0
7.05380577427821,4.25722305154656,0.0811763160622322,0
7.08661417322835,4.25722305154655,0.0811716215891856,0
7.11942257217848,4.25722305154654,0.0811669271161389,0
7.15223097112861,4.25722305154652,0.0811622326430923,0
7.18503937007874,4.25722305154651,0.0811575381700457,0
7.21784776902887,4.2572230515465,0.0811528436969991,0
7.250656167979,4.25722305154648,0.0811481492239525,0
7.28346456692913,4.25722305154647,0.0811434547509058,0
7.31627296587926,4.25722305154646,0.0811387602778592,0
7.3490813648294,4.25722305154644,0.0811340658048126,0
7.38188976377953,4.25722305154643,0.081129371331766,0
7.41469816272966,4.25722305154642,0.0811246768587194,0
7.44750656167979,4.2572230515464,0.0811199823856728,0
7.48031496062992,4.25722305154639,0.0811152879126261,0
7.51312335958005,4.25722305154638,0.0811105934395795,0
7.54593175853018,4.25722305154636,0.0811058989665329,0
7.57874015748031,4.25722305154635,0.0807029909629657,0
7.61154855643044,4.25722305154634,0.0788320967515975,0
7.64435695538058,4.25722305154632,0.0769612025402295,0
7.67716535433071,4.25722305154631,0.0750903083288614,0
7.70997375328084,4.2572230515463,0.0732194141174932,0
7.74278215223097,4.25722305154628,0.0713485199061251,0
7.7755905511811,4.25722305154627,0.069477625694757,0
7.80839895013123,4.2330518389853,0.0676067314833889,0
7.84120734908136,4.19556380989328,0.0657358372720208,0
7.87401574803149,4.15807578080127,0.0638649430606527,0
7.90682414698163,4.12058775170925,0.0619940488492846,0
7.93963254593176,4.08309972261723,0.0601231546379165,0
7.97244094488189,4.04561169352521,0.0582522604265483,0
8.00524934383202,4.0081236644332,0.0563813662151803,0
8.03805774278215,3.97063563534118,0.0545104720038121,0
8.07086614173228,3.93314760624916,0.052639577792444,0
8.10367454068241,3.89565957715714,0.0507686835810759,0
8.13648293963255,3.85817154806513,0.0488977893697078,0
8.16929133858268,3.82068351897311,0.0470268951583397,0
8.20209973753281,3.78319548988109,0.0451560009469716,0
8.23490813648294,3.74570746078907,0.0432851067356034,0
8.26771653543307,3.70821943169705,0.0414142125242354,0
8.3005249343832,3.67073140260504,0.0403195287922102,0
8.33333333333333,3.63324337351302,0.0397620601179219,0
8.36614173228346,3.595755344421,0.0392045914436337,0
8.3989501312336,3.55826731532898,0.0386471227693454,0
8.43175853018372,3.52077928623697,0.0380896540950571,0
8.46456692913386,3.48329125714495,0.0375321854207689,0
8.49737532808399,3.44580322805293,0.0369747167464807,0
8.53018372703412,3.40831519896091,0.0364172480721924,0
8.56299212598425,3.3708271698689,0.0358597793979041,0
8.59580052493438,3.33333914077688,0.0353023107236159,0
8.62860892388451,3.29585111168486,0.0347448420493276,0
8.66141732283464,3.25836308259284,0.0341873733750394,0
8.69422572178478,3.22087505350083,0.0336299047007511,0
8.72703412073491,3.18338702440881,0.0330724360264629,0
8.75984251968504,3.14589899531679,0.0325149673521746,0
8.79265091863517,3.10841096622477,0.0319574986778863,0
8.8254593175853,3.10662222680412,0.0314000300035981,0
8.85826771653543,3.10662222680412,0.0308425613293098,0
8.89107611548556,3.10662222680412,0.0302850926550216,0
8.9238845144357,3.10662222680412,0.0297276239807333,0
8.95669291338583,3.10662222680412,0.0291701553064451,0
8.98950131233596,3.10662222680412,0.0286126866321568,0
9.02230971128609,3.10662222680412,0.0280552179578686,0
9.05511811023622,3.10662222680412,0.0274977492835803,0
9.08792650918635,3.10662222680412,0.0270357979189252,0
9.12073490813648,3.10662222680412,0.0268377122984634,0
9.15354330708661,3.10662222680412,0.0266396266780017,0
9.18635170603675,3.10662222680412,0.0264415410575399,0
9.21916010498688,3.10662222680412,0.0262434554370781,0
9.25196850393701,3.10662222680412,0.0260453698166163,0
9.28477690288714,3.10662222680412,0.0258472841961545,0
9.31758530183727,3.10662222680412,0.0256491985756927,0
9.3503937007874,3.10662222680412,0.0254511129552309,0
9.38320209973753,3.10662222680412,0.0252530273347691,0
9.41601049868766,3.10662222680412,0.0250549417143073,0
9.44881889763779,3.10662222680412,0.0248568560938455,0
9.48162729658793,3.10662222680412,0.0246587704733837,0
9.51443569553806,3.10662222680412,0.0244606848529219,0
9.54724409448819,3.10662222680412,0.0242625992324601,0
9.58005249343832,3.10662222680412,0.0240645136119983,0
9.61286089238845,3.10662222680412,0.0238664279915365,0
9.64566929133858,3.10662222680412,0.0236683423710747,0
9.67847769028871,3.10662222680412,0.0234702567506129,0
9.71128608923884,3.10662222680412,0.0232721711301511,0
9.74409448818898,3.10662222680412,0.0230740855096893,0
9.77690288713911,3.10662222680412,0.0228759998892275,0
9.80971128608924,3.10662222680412,0.0226779142687657,0
9.84251968503937,3.10662222680412,0.0224798286483039,0
9.8753280839895,3.10662222680412,0.0222817430278421,0
9.90813648293963,3.10662222680412,0.0220836574073803,0
9.94094488188976,3.10662222680412,0.0218855717869185,0
9.97375328083989,3.10662222680412,0.0216874861664567,0
10.00656167979,3.10662222680412,0.0214894005459949,0
10.0393700787402,3.10662222680412,0.0212913149255331,0
10.0721784776903,3.10662222680412,0.0211795303176911,0
10.1049868766404,3.10662222680412,0.0211427607666458,0
10.1377952755906,3.10662222680412,0.0211059912156005,0
10.1706036745407,3.10662222680412,0.0210692216645553,0
10.2034120734908,3.10662222680412,0.02103245211351,0
10.2362204724409,3.10662222680412,0.0209956825624647,0
10.2690288713911,3.10662222680412,0.0209589130114194,0
10.3018372703412,3.10662222680412,0.0209221434603741,0
10.3346456692913,3.10662222680412,0.0208853739093289,0
10.3674540682415,3.10662222680412,0.0208486043582836,0
10.4002624671916,3.10662222680412,0.0208118348072383,0
10.4330708661417,3.10662222680412,0.020775065256193,0
10.4658792650919,3.10662222680412,0.0207382957051477,0
10.498687664042,3.10662222680412,0.0207015261541025,0
10.5314960629921,3.10662222680412,0.0206647566030572,0
10.5643044619423,3.10662222680412,0.0206279870520119,0
10.5971128608924,3.10662222680412,0.0205912175009666,0
10.6299212598425,3.10662222680412,0.0205544479499213,0
10.6627296587926,3.10662222680412,0.0205176783988761,0
10.6955380577428,3.10662222680412,0.0204809088478308,0
10.7283464566929,3.10662222680412,0.0204441392967855,0
10.761154855643,3.10662222680412,0.0204073697457402,0
10.7939632545932,3.10662222680412,0.0203706001946949,0
10.8267716535433,3.10662222680412,0.0203338306436497,0
10.8595800524934,3.10662222680412,0.0202970610926044,0
10.8923884514436,3.10662222680412,0.0202602915415591,0
10.9251968503937,3.10662222680412,0.0202235219905138,0
10.9580052493438,3.10662222680412,0.0201867524394685,0
10.990813648294,3.10662222680412,0.0201499828884233,0
11.0236220472441,3.10662222680412,0.020113213337378,0
11.0564304461942,3.10662222680412,0.0200764437863327,0
11.0892388451444,3.10662222680412,0.0200396742352874,0
11.1220472440945,3.10662222680412,0.0200029046842421,0
11.1548556430446,3.10662222680412,0.0199661351331969,0
11.1876640419948,3.10662222680412,0.0199381502251962,0
11.2204724409449,3.10662222680412,0.0202388703444423,0
11.253280839895,3.10662222680412,0.0205395904636884,0
11.2860892388451,3.10662222680412,0.0208403105829345,0
11.3188976377953,3.10662222680412,0.0211410307021807,0
11.3517060367454,3.10662222680412,0.0214417508214268,0
11.3845144356955,3.10662222680412,0.0217424709406729,0
11.4173228346457,3.10662222680412,0.022043191059919,0
11.4501312335958,3.10662222680412,0.0223439111791652,0
11.4829396325459,3.10662222680412,0.0226446312984113,0
11.5157480314961,3.10662222680412,0.0229453514176574,0
11.5485564304462,3.10662222680412,0.0232460715369035,0
11.5813648293963,3.10662222680412,0.0235467916561496,0
11.6141732283465,3.10662222680412,0.0238475117753958,0
11.6469816272966,3.10662222680412,0.0241482318946419,0
11.6797900262467,3.10662222680412,0.024448952013888,0
11.7125984251969,3.10662222680412,0.0247496721331341,0
11.745406824147,3.10662222680412,0.0250503922523802,0
11.7782152230971,3.10662222680412,0.0250857538002186,0
11.8110236220472,3.10662222680412,0.0249162833232348,0
11.8438320209974,3.10662222680412,0.024746812846251,0
11.8766404199475,3.10662222680412,0.0245773423692671,0
11.9094488188976,3.10662222680412,0.0244078718922832,0
11.9422572178478,3.10662222680412,0.0242384014152994,0
11.9750656167979,3.10662222680412,0.0240689309383155,0
12.007874015748,3.10662222680412,0.0238994604613317,0
12.0406824146982,3.10662222680412,0.0237299899843478,0
12.0734908136483,3.10662222680412,0.023560519507364,0
12.1062992125984,3.10662222680412,0.0233910490303801,0
12.1391076115486,3.10662222680412,0.0232215785533963,0
12.1719160104987,3.10662222680412,0.0230521080764124,0
12.2047244094488,3.10662222680412,0.0228826375994286,0
12.2375328083989,3.10662222680412,0.0227131671224447,0
12.2703412073491,3.10662222680412,0.0225436966454609,0
12.3031496062992,3.10662222680412,0.022374226168477,0
12.3359580052493,3.10662222680412,0.0222217984381587,0
12.3687664041995,3.10662222680412,0.0222182775833736,0
12.4015748031496,3.10662222680412,0.0222147567285886,0
12.4343832020997,3.10662222680412,0.0222112358738035,0
12.4671916010499,3.10662222680412,0.0222077150190184,0
12.5,3.10662222680412,0.0222041941642334,0
12.5328083989501,3.10662222680412,0.0222006733094483,0
12.5656167979003,3.10662222680412,0.0221971524546633,0
12.5984251968504,3.10662222680412,0.0221936315998782,0
12.6312335958005,3.10662222680412,0.0221901107450932,0
12.6640419947507,3.10662222680412,0.0221865898903081,0
12.6968503937008,3.10662222680412,0.022183069035523,0
12.7296587926509,3.10662222680412,0.022179548180738,0
12.762467191601,3.10662222680412,0.0221760273259529,0
12.7952755905512,3.10662222680412,0.0221725064711679,0
12.8280839895013,3.10662222680412,0.0221689856163828,0
12.8608923884514,3.10662222680412,0.0221654647615978,0
12.8937007874016,3.10662222680412,0.0221619439068127,0
12.9265091863517,3.10662222680412,0.0221584230520278,0
12.9593175853018,3.10662222680412,0.0221549021972429,0
12.992125984252,3.10662222680412,0.022151381342458,0
13.0249343832021,3.10662222680412,0.0221478604876731,0
13.0577427821522,3.10662222680412,0.0221443396328883,0
13.0905511811024,3.10662222680412,0.0221408187781034,0
13.1233595800525,3.10662222680412,0.0221372979233185,0
13.1561679790026,3.10662222680412,0.0221337770685336,0
13.1889763779528,3.10662222680412,0.0221302562137487,0
13.2217847769029,3.10662222680412,0.0221267353589639,0
13.254593175853,3.10662222680412,0.022123214504179,0
13.2874015748031,3.10662222680412,0.0221196936493941,0
13.3202099737533,3.10662222680412,0.0221161727946092,0
13.3530183727034,3.10662222680412,0.0221126519398243,0
13.3858267716535,3.10662222680412,0.0221091310850395,0
13.4186351706037,3.10662222680412,0.0221056102302546,0
13.4514435695538,3.10662222680412,0.0221020893754697,0
13.4842519685039,3.10662222680412,0.0220979369946006,0
13.5170603674541,3.10662222680412,0.0220908952850307,0
13.5498687664042,3.10662222680412,0.0220838535754607,0
13.5826771653543,3.10662222680412,0.0220768118658908,0
13.6154855643045,3.10662222680412,0.0220697701563208,0
13.6482939632546,3.10662222680412,0.0220627284467509,0
13.6811023622047,3.10662222680412,0.022055686737181,0
13.7139107611549,3.10662222680412,0.022048645027611,0
13.746719160105,3.10662222680412,0.0220416033180411,0
13.7795275590551,3.10662222680412,0.0220345616084712,0
13.8123359580052,3.10662222680412,0.0220275198989012,0
13.8451443569554,3.10662222680412,0.0220204781893313,0
13.8779527559055,3.10662222680412,0.0220134364797614,0
13.9107611548556,3.10662222680412,0.0220063947701914,0
13.9435695538058,3.10662222680412,0.0219993530606215,0
13.9763779527559,3.10662222680412,0.0219923113510516,0
14.009186351706,3.10662222680412,0.0219852696414816,0
14.0419947506562,3.10662222680412,0.0219782279319117,0
14.0748031496063,3.10662222680412,0.0219501636219111,0
14.1076115485564,3.10662222680412,0.0219138303565606,0
14.1404199475066,3.10662222680412,0.0218774970912101,0
14.1732283464567,3.10662222680412,0.0218411638258595,0
14.2060367454068,3.10662222680412,0.021804830560509,0
14.238845144357,3.10662222680412,0.0217684972951585,0
14.2716535433071,3.10662222680412,0.0217321640298079,0
14.3044619422572,3.10662222680412,0.0216958307644574,0
14.3372703412073,3.10662222680412,0.0216594974991069,0
14.3700787401575,3.10662222680412,0.0216231642337563,0
14.4028871391076,3.10662222680412,0.0215868309684058,0
14.4356955380577,3.10662222680412,0.0215504977030553,0
14.4685039370079,3.10662222680412,0.0215141644377047,0
14.501312335958,3.10662222680412,0.0214778311723542,0
14.5341207349081,3.10662222680412,0.0214414979070037,0
14.5669291338583,3.10662222680412,0.0214051646416531,0
14.5997375328084,3.10662222680412,0.0213688313763026,0
14.6325459317585,3.10662222680412,0.021332498110952,0
14.6653543307087,3.10662222680412,0.0212961648456015,0
14.6981627296588,3.10662222680412,0.021259831580251,0
14.7309711286089,3.10662222680412,0.0212234983149004,0
14.7637795275591,3.10662222680412,0.0211871650495499,0
14.7965879265092,3.10662222680412,0.0211508317841994,0
14.8293963254593,3.10662222680412,0.0211144985188488,0
14.8622047244094,3.10662222680412,0.0210781652534983,0
14.8950131233596,3.10662222680412,0.0210418319881478,0
14.9278215223097,3.10662222680412,0.0210054987227972,0
14.9606299212598,3.10662222680412,0.0209691654574467,0
14.99343832021,3.10662222680412,0.0209328321920962,0
15.0262467191601,3.10662222680412,0.0208964989267456,0
15.0590551181102,3.10662222680412,0.0208601656613951,0
15.0918635170604,3.10662222680412,0.0208238323960446,0
15.1246719160105,3.10662222680412,0.020787499130694,0
15.1574803149606,3.10662222680412,0.0207511658653435,0
15.1902887139108,3.10662222680412,0.020714832599993,0
15.2230971128609,3.10662222680412,0.0209008999522912,0
15.255905511811,3.10662222680412,0.0211445375147533,0
15.2887139107612,3.10662222680412,0.0213881750772154,0
15.3215223097113,3.10662222680412,0.0216318126396775,0
15.3543307086614,3.10662222680412,0.0218754502021396,0
15.3871391076115,3.10662222680412,0.0221190877646016,0
15.4199475065617,3.10662222680412,0.0223627253270637,0
15.4527559055118,3.10662222680412,0.0226063628895258,0
15.4855643044619,3.10662222680412,0.0228500004519879,0
15.5183727034121,3.10662222680412,0.02309363801445,0
15.5511811023622,3.10662222680412,0.0233372755769121,0
15.5839895013123,3.10662222680412,0.0235809131393742,0
15.6167979002625,3.10662222680412,0.0238245507018362,0
15.6496062992126,3.10662222680412,0.0240681882642983,0
15.6824146981627,3.10662222680412,0.0243118258267604,0
15.7152230971129,3.10662222680412,0.0245554633892225,0
15.748031496063,3.10662222680412,0.0247991009516846,0
15.7808398950131,3.10662222680412,0.0248974592721254,0
15.8136482939633,3.10662222680412,0.0247044362079007,0
15.8464566929134,3.10662222680412,0.0245114131436761,0
15.8792650918635,3.10662222680412,0.0243183900794514,0
15.9120734908136,3.10662222680412,0.0241253670152268,0
15.9448818897638,3.10662222680412,0.0239323439510021,0
15.9776902887139,3.10662222680412,0.0237393208867775,0
16.010498687664,3.10662222680412,0.0235462978225528,0
16.0433070866142,3.10662222680412,0.0233532747583282,0
16.0761154855643,3.10662222680412,0.0231602516941036,0
16.1089238845144,3.10662222680412,0.0229672286298789,0
16.1417322834646,3.10662222680412,0.0227742055656543,0
16.1745406824147,3.10662222680412,0.0225811825014296,0
16.2073490813648,3.10662222680412,0.022388159437205,0
16.240157480315,3.10662222680412,0.0221951363729803,0
16.2729658792651,3.10662222680412,0.0220021133087557,0
16.3057742782152,3.10662222680412,0.021809090244531,0
16.3385826771654,3.10662222680412,0.021785749324301,0
16.3713910761155,3.10662222680412,0.0217791032163923,0
16.4041994750656,3.10662222680412,0.0217724571084836,0
16.4370078740157,3.10662222680412,0.0217658110005749,0
16.4698162729659,3.10662222680412,0.0217591648926662,0
16.502624671916,3.10662222680412,0.0217525187847575,0
16.5354330708661,3.10662222680412,0.0217458726768488,0
16.5682414698163,3.10662222680412,0.0217392265689401,0
16.6010498687664,3.10662222680412,0.0217325804610314,0
16.6338582677165,3.10662222680412,0.0217259343531226,0
16.6666666666667,3.10662222680412,0.0217192882452139,0
16.6994750656168,3.10662222680412,0.0217126421373052,0
16.7322834645669,3.10662222680412,0.0217059960293965,0
16.7650918635171,3.10662222680412,0.0216993499214878,0
16.7979002624672,3.10662222680412,0.0216927038135791,0
16.8307086614173,3.10662222680412,0.0216860577056704,0
16.8635170603674,3.10662222680412,0.0216794115977617,0
16.8963254593176,3.10662222680412,0.021672765489853,0
16.9291338582677,3.10662222680412,0.0216681194530238,0
16.9619422572178,3.10662222680412,0.0216663590256313,0
16.994750656168,3.10662222680412,0.0216645985982387,0
17.0275590551181,3.10662222680412,0.0216628381708462,0
17.0603674540682,3.10662222680412,0.0216610777434537,0
17.0931758530184,3.10662222680412,0.0216593173160612,0
17.1259842519685,3.10662222680412,0.0216575568886686,0
17.1587926509186,3.10662222680412,0.0216557964612761,0
17.1916010498688,3.10662222680412,0.0216540360338836,0
17.2244094488189,3.10662222680412,0.021652275606491,0
17.257217847769,3.10662222680412,0.0216505151790985,0
17.2900262467192,3.10662222680412,0.021648754751706,0
17.3228346456693,3.10662222680412,0.0216469943243135,0
17.3556430446194,3.10662222680412,0.0216452338969209,0
17.3884514435696,3.10662222680412,0.0216434734695284,0
17.4212598425197,3.10662222680412,0.0216417130421359,0
17.4540682414698,3.10662222680412,0.0216399526147433,0
17.4868766404199,3.10662222680412,0.0216381921873508,0
17.5196850393701,3.10662222680412,0.0216364317599583,0
17.5524934383202,3.10662222680412,0.0216346713325658,0
17.5853018372703,3.10662222680412,0.0216329109051732,0
17.6181102362205,3.10662222680412,0.0216311504777807,0
17.6509186351706,3.10662222680412,0.0216293900503882,0
17.6837270341207,3.10662222680412,0.0216276296229956,0
17.7165354330709,3.10662222680412,0.0216258691956031,0
17.749343832021,3.10662222680412,0.0216241087682106,0
17.7821522309711,3.10662222680412,0.0216223483408181,0
17.8149606299213,3.10662222680412,0.0216205879134255,0
17.8477690288714,3.10662222680412,0.021618827486033,0
17.8805774278215,3.10662222680412,0.0216170670586405,0
17.9133858267717,3.10662222680412,0.0216153066312479,0
17.9461942257218,3.10662222680412,0.0216135462038554,0
17.9790026246719,3.10662222680412,0.0216117857764629,0
18.011811023622,3.10662222680412,0.0216100253490704,0
18.0446194225722,3.10662222680412,0.0216082649216778,0
18.0774278215223,3.10662222680412,0.0216056488507862,0
18.1102362204724,3.10662222680412,0.0216021279960013,0
18.1430446194226,3.10662222680412,0.0215986071412164,0
18.1758530183727,3.10662222680412,0.0215950862864315,0
18.2086614173228,3.10662222680412,0.0215915654316467,0
18.241469816273,3.10662222680412,0.0215880445768618,0
18.2742782152231,3.10662222680412,0.0215845237220769,0
18.3070866141732,3.10662222680412,0.021581002867292,0
18.3398950131234,3.10662222680412,0.0215774820125072,0
18.3727034120735,3.10662222680412,0.0215739611577223,0
18.4055118110236,3.10662222680412,0.0215704403029374,0
18.4383202099738,3.10662222680412,0.0215669194481525,0
18.4711286089239,3.10662222680412,0.0215633985933676,0
18.503937007874,3.10662222680412,0.0215598777385828,0
18.5367454068241,3.10662222680412,0.0215563568837979,0
18.5695538057743,3.10662222680412,0.021552836029013,0
18.6023622047244,3.10662222680412,0.0215493151742281,0
18.6351706036745,3.10662222680412,0.021540737518431,0
18.6679790026247,3.10662222680412,0.0213297796358976,0
18.7007874015748,3.10662222680412,0.0211188217533641,0
18.7335958005249,3.10662222680412,0.0209078638708307,0
18.7664041994751,3.10662222680412,0.0206969059882972,0
18.7992125984252,3.10662222680412,0.0204859481057637,0
18.8320209973753,3.10662222680412,0.0202749902232303,0
18.8648293963255,3.10662222680412,0.0200640323406968,0
18.8976377952756,3.10662222680412,0.0198530744581634,0
18.9304461942257,3.10662222680412,0.0196421165756299,0
18.9632545931759,3.10662222680412,0.0194311586930965,0
18.996062992126,3.10662222680412,0.019220200810563,0
19.0288713910761,3.10662222680412,0.0190092429280295,0
19.0616797900262,3.10662222680412,0.0187982850454961,0
19.0944881889764,3.10662222680412,0.0185873271629626,0
19.1272965879265,3.10662222680412,0.0183763692804292,0
19.1601049868766,3.10662222680412,0.0181654113978957,0
19.1929133858268,3.10662222680412,0.0179544535153623,0
19.2257217847769,3.10662222680412,0.0179437175129385,0
19.258530183727,3.10662222680412,0.0180885755383777,0
19.2913385826772,3.10662222680412,0.0182334335638168,0
19.3241469816273,3.10662222680412,0.018378291589256,0
19.3569553805774,3.10662222680412,0.0185231496146951,0
19.3897637795276,3.10662222680412,0.0186680076401343,0
19.4225721784777,3.10662222680412,0.0188128656655734,0
19.4553805774278,3.10662222680412,0.0189577236910126,0
19.488188976378,3.10662222680412,0.0191025817164518,0
19.5209973753281,3.10662222680412,0.0192474397418909,0
19.5538057742782,3.10662222680412,0.0193922977673301,0
19.5866141732283,3.10662222680412,0.0195371557927692,0
19.6194225721785,3.10662222680412,0.0196820138182084,0
19.6522309711286,3.10662222680412,0.0198268718436475,0
19.6850393700787,3.10662222680412,0.0199717298690867,0
19.7178477690289,3.10662222680412,0.0201165878945258,0
19.750656167979,3.10662222680412,0.020261445919965,0
19.7834645669291,3.10662222680412,0.0203827753067908,0
19.8162729658793,3.10662222680412,0.0202947836490211,0
19.8490813648294,3.10662222680412,0.0202067919912514,0
19.8818897637795,3.10662222680412,0.0201188003334818,0
19.9146981627297,3.10662222680412,0.0200308086757121,0
19.9475065616798,3.10662222680412,0.0199428170179425,0
19.9803149606299,3.10662222680412,0.0198548253601728,0
20.0131233595801,3.10662222680412,0.0197668337024031,0
20.0459317585302,3.10662222680412,0.0196788420446335,0
20.0787401574803,3.10662222680412,0.0195908503868638,0
20.1115485564304,3.10662222680412,0.0195028587290942,0
20.1443569553806,3.10662222680412,0.0194148670713245,0
20.1771653543307,3.10662222680412,0.0193268754135549,0
20.2099737532808,3.10662222680412,0.0192388837557852,0
20.242782152231,3.10662222680412,0.0191508920980155,0
20.2755905511811,3.10662222680412,0.0190629004402459,0
20.3083989501312,3.10662222680412,0.0189749087824762,0
20.3412073490814,3.10662222680412,0.019032981264945,0
20.3740157480315,3.10662222680412,0.0191601803857537,0
20.4068241469816,3.10662222680412,0.0192873795065624,0
20.4396325459318,3.10662222680412,0.0194145786273711,0
20.4724409448819,3.10662222680412,0.0195417777481799,0
20.505249343832,3.10662222680412,0.0196689768689886,0
20.5380577427822,3.10662222680412,0.0197961759897973,0
20.5708661417323,3.10662222680412,0.019923375110606,0
20.6036745406824,3.10662222680412,0.0200505742314147,0
20.6364829396325,3.10662222680412,0.0201777733522235,0
20.6692913385827,3.10662222680412,0.0203049724730322,0
20.7020997375328,3.10662222680412,0.0204321715938409,0
20.7349081364829,3.10662222680412,0.0205593707146496,0
20.7677165354331,3.10662222680412,0.0206865698354583,0
20.8005249343832,3.10662222680412,0.020813768956267,0
20.8333333333333,3.10662222680412,0.0209409680770758,0
20.8661417322835,3.10662222680412,0.0210681671978845,0
20.8989501312336,3.10662222680412,0.0211953663186932,0
20.9317585301837,3.10662222680412,0.0212993344844954,0
20.9645669291339,3.10662222680412,0.0212958136297104,0
20.997375328084,3.10662222680412,0.0212922927749253,0
21.0301837270341,3.10662222680412,0.0212887719201402,0
21.0629921259842,3.10662222680412,0.0212852510653552,0
21.0958005249344,3.10662222680412,0.0212817302105701,0
21.1286089238845,3.10662222680412,0.0212782093557851,0
21.1614173228346,3.10662222680412,0.021274688501,0
21.1942257217848,3.10662222680412,0.021271167646215,0
21.2270341207349,3.10662222680412,0.0212676467914299,0
21.259842519685,3.10662222680412,0.0212641259366448,0
21.2926509186352,3.10662222680412,0.0212606050818598,0
21.3254593175853,3.10662222680412,0.0212570842270747,0
21.3582677165354,3.10662222680412,0.0212535633722897,0
21.3910761154856,3.10662222680412,0.0212500425175046,0
21.4238845144357,3.10662222680412,0.0212465216627196,0
21.4566929133858,3.10662222680412,0.0212430008079345,0
21.489501312336,3.10662222680412,0.0212394799531494,0
21.5223097112861,3.10662222680412,0.0212359590983644,0
21.5551181102362,3.10662222680412,0.0212324382435793,0
21.5879265091863,3.10662222680412,0.0212289173887943,0
21.6207349081365,3.10662222680412,0.0212253965340092,0
21.6535433070866,3.10662222680412,0.0212218756792242,0
21.6863517060367,3.10662222680412,0.0212183548244391,0
21.7191601049869,3.10662222680412,0.021214833969654,0
21.751968503937,3.10662222680412,0.021211313114869,0
21.7847769028871,3.10662222680412,0.0212077922600839,0
21.8175853018373,3.10662222680412,0.0212042714052989,0
21.8503937007874,3.10662222680412,0.0212007505505138,0
21.8832020997375,3.10662222680412,0.0211972296957288,0
21.9160104986877,3.08881613893484,0.0211937088409437,0
21.9488188976378,3.07007212438883,0.0211901879861586,0
21.9816272965879,3.05132810984281,0.0211866671313736,0
22.0144356955381,3.0325840952968,0.0211831462765885,0
22.0472440944882,3.01384008075079,0.0211796254218035,0
22.0800524934383,2.99509606620477,0.0211761045670185,0
22.1128608923885,2.97635205165876,0.0211725837122336,0
22.1456692913386,2.95760803711274,0.0211690628574487,0
22.1784776902887,2.93886402256673,0.0211655420026638,0
22.2112860892388,2.92012000802072,0.021162021147879,0
22.244094488189,2.9013759934747,0.0211585002930941,0
22.2769028871391,2.88263197892869,0.0211549794383092,0
22.3097112860892,2.86388796438268,0.0211514585835243,0
22.3425196850394,2.84514394983666,0.0211479377287394,0
22.3753280839895,2.82639993529065,0.0211444168739546,0
22.4081364829396,2.80765592074463,0.0211408960191697,0
22.4409448818898,2.78891190619862,0.0211373751643848,0
22.4737532808399,2.77016789165261,0.0211338543095999,0
22.50656167979,2.75142387710659,0.021130333454815,0
22.5393700787402,2.73267986256058,0.0211268126000302,0
22.5721784776903,2.71393584801457,0.0211232917452453,0
22.6049868766404,2.69519183346855,0.0211197708904604,0
22.6377952755905,2.67644781892254,0.0211162500356755,0
22.6706036745407,2.65770380437652,0.0212535109666677,0
22.7034120734908,2.63895978983051,0.0214275837038346,0
22.7362204724409,2.6202157752845,0.0216016564410016,0
22.7690288713911,2.60147176073848,0.0217757291781685,0
22.8018372703412,2.58272774619247,0.0219498019153355,0
22.8346456692913,2.56398373164646,0.0221238746525025,0
22.8674540682415,2.54523971710044,0.0222979473896694,0
22.9002624671916,2.54023155943941,0.0224720201268364,0
22.9330708661417,2.57483589398589,0.0226460928640033,0
22.9658792650919,2.60944022853237,0.0228201656011703,0
22.998687664042,2.64404456307886,0.0229942383383373,0
23.0314960629921,2.67864889762534,0.0231683110755042,0
23.0643044619423,2.71325323217183,0.0233423838126712,0
23.0971128608924,2.74785756671831,0.0235164565498381,0
23.1299212598425,2.78246190126479,0.0236905292870051,0
23.1627296587926,2.81706623581128,0.023864602024172,0
23.1955380577428,2.85167057035776,0.024038674761339,0
23.2283464566929,2.88627490490424,0.0240985300623836,0
23.261154855643,2.92087923945073,0.0239275905845645,0
23.2939632545932,2.95548357399721,0.0237566511067454,0
23.3267716535433,2.99008790854369,0.0235857116289263,0
23.3595800524934,3.02469224309018,0.0234147721511072,0
23.3923884514436,3.05929657763666,0.0232438326732881,0
23.4251968503937,3.09390091218315,0.023072893195469,0
23.4580052493438,3.12850524672963,0.0229019537176499,0
23.490813648294,3.16310958127611,0.0227310142398308,0
23.5236220472441,3.1977139158226,0.0225600747620117,0
23.5564304461942,3.23231825036908,0.0223891352841926,0
23.5892388451444,3.26692258491556,0.0222181958063735,0
23.6220472440945,3.30152691946205,0.0220472563285544,0
23.6548556430446,3.33613125400853,0.0218763168507353,0
23.6876640419947,3.37073558855501,0.0217053773729162,0
23.7204724409449,3.4053399231015,0.0215344378950971,0
23.753280839895,3.43994425764798,0.021363498417278,0
23.7860892388451,3.47454859219446,0.0211925589394589,0
23.8188976377953,3.50915292674095,0.0210216194616398,0
23.8517060367454,3.54375726128743,0.020989452974815,0
23.8845144356955,3.57836159583392,0.0209857092811195,0
23.9173228346457,3.6129659303804,0.020981965587424,0
23.9501312335958,3.64757026492688,0.0209782218937285,0
23.9829396325459,3.68192263917529,0.020974478200033,0
24.0157480314961,3.68192263917529,0.0209707345063375,0
24.0485564304462,3.68192263917529,0.0209669908126419,0
24.0813648293963,3.68192263917529,0.0209632471189464,0
24.1141732283465,3.68192263917529,0.0209595034252509,0
24.1469816272966,3.68192263917529,0.0209557597315554,0
24.1797900262467,3.68192263917529,0.0209520160378599,0
24.2125984251968,3.68192263917529,0.0209482723441644,0
24.245406824147,3.68192263917529,0.0209445286504689,0
24.2782152230971,3.68192263917529,0.0209407849567734,0
24.3110236220472,3.68192263917529,0.0209370412630779,0
24.3438320209974,3.68192263917529,0.0209332975693824,0
24.3766404199475,3.68192263917529,0.0209296447320706,0
24.4094488188976,3.68192263917529,0.0209261238772858,0
24.4422572178478,3.68192263917529,0.0209226030225009,0
24.4750656167979,3.68192263917529,0.020919082167716,0
24.507874015748,3.68192263917529,0.0209155613129311,0
24.5406824146982,3.68192263917529,0.0209120404581463,0
24.5734908136483,3.68192263917529,0.0209085196033614,0
24.6062992125984,3.68192263917529,0.0209049987485765,0
24.6391076115486,3.68192263917529,0.0209014778937916,0
24.6719160104987,3.68192263917529,0.0208979570390067,0
24.7047244094488,3.68192263917529,0.0208944361842219,0
24.7375328083989,3.68192263917529,0.020890915329437,0
24.7703412073491,3.68192263917529,0.0208873944746521,0
24.8031496062992,3.68192263917529,0.0208838736198672,0
24.8359580052493,3.68192263917529,0.0208803527650824,0
24.8687664041995,3.68192263917529,0.0208768319102975,0
24.9015748031496,3.68192263917529,0.0208733110555126,0
24.9343832020997,3.68192263917529,0.0208697902007277,0
24.9671916010499,3.68192263917529,0.0208662693459427,0
25,3.68192263917529,0.0208627484911576,0
25.0328083989501,3.68192263917529,0.0208592276363726,0
25.0656167979003,3.68192263917529,0.0208557067815875,0
25.0984251968504,3.68192263917529,0.0208521859268024,0
25.1312335958005,3.68192263917529,0.0208486650720174,0
25.1640419947507,3.68192263917529,0.0208451442172323,0
25.1968503937008,3.68192263917529,0.0208416233624473,0
25.2296587926509,3.68192263917529,0.0208381025076622,0
25.262467191601,3.68192263917529,0.0208345816528772,0
25.2952755905512,3.68192263917529,0.0208310607980921,0
25.3280839895013,3.68192263917529,0.020827539943307,0
25.3608923884514,3.68192263917529,0.020824019088522,0
25.3937007874016,3.68192263917529,0.0208204982337369,0
25.4265091863517,3.68192263917529,0.0208169773789519,0
25.4593175853018,3.68192263917529,0.0208134565241668,0
25.492125984252,3.68192263917529,0.0208099356693818,0
25.5249343832021,3.68192263917529,0.0208064148145967,0
25.5577427821522,3.68192263917529,0.0208028939598116,0
25.5905511811024,3.68192263917529,0.0207993731050266,0
25.6233595800525,3.68192263917529,0.0207958522502415,0
25.6561679790026,3.68192263917529,0.0207923313954565,0
25.6889763779528,3.68192263917529,0.0207888105406714,0
25.7217847769029,3.68192263917529,0.0207852896858864,0
25.754593175853,3.68192263917529,0.0207817688311013,0
25.7874015748031,3.68192263917529,0.0207782479763162,0
25.8202099737533,3.68192263917529,0.0207747271215312,0
25.8530183727034,3.68192263917529,0.0207712062667461,0
25.8858267716535,3.68192263917529,0.0207676854119611,0
25.9186351706037,3.68192263917529,0.020764164557176,0
25.9514435695538,3.68192263917529,0.020760643702391,0
25.9842519685039,3.68192263917529,0.0207571228476059,0
26.0170603674541,3.68192263917529,0.0207536019928208,0
26.0498687664042,3.68192263917529,0.0207500811380358,0
26.0826771653543,3.68192263917529,0.0207449889008651,0
26.1154855643045,3.68192263917529,0.0206723223701642,0
26.1482939632546,3.68192263917529,0.0205996558394633,0
26.1811023622047,3.68192263917529,0.0205269893087624,0
26.2139107611549,3.68192263917529,0.0204543227780616,0
26.246719160105,3.68192263917529,0.0203816562473607,0
26.2795275590551,3.68192263917529,0.0203089897166598,0
26.3123359580052,3.68192263917529,0.0202363231859589,0
26.3451443569554,3.68192263917529,0.020163656655258,0
26.3779527559055,3.68192263917529,0.0200909901245571,0
26.4107611548556,3.68192263917529,0.0200183235938562,0
26.4435695538058,3.68192263917529,0.0199456570631553,0
26.4763779527559,3.68192263917529,0.0198729905324544,0
26.509186351706,3.68192263917529,0.0198003240017535,0
26.5419947506562,3.68192263917529,0.0197276574710526,0
26.5748031496063,3.68192263917529,0.0196549909403518,0
26.6076115485564,3.68192263917529,0.0195823244096509,0
26.6404199475066,3.68192263917529,0.01950965787895,0
26.6732283464567,3.68192263917529,0.0195809690455201,0
26.7060367454068,3.68192263917529,0.0197649197363893,0
26.738845144357,3.68192263917529,0.0199488704272584,0
26.7716535433071,3.68192263917529,0.0201328211181275,0
26.8044619422572,3.68192263917529,0.0203167718089967,0
26.8372703412073,3.68192263917529,0.0205007224998658,0
26.8700787401575,3.68192263917529,0.0206846731907349,0
26.9028871391076,3.68192263917529,0.0208686238816041,0
26.9356955380577,3.68192263917529,0.0210525745724732,0
26.9685039370079,3.68192263917529,0.0212365252633423,0
27.001312335958,3.68192263917529,0.0214204759542115,0
27.0341207349081,3.68192263917529,0.0216044266450806,0
27.0669291338583,3.68192263917529,0.0217883773359498,0
27.0997375328084,3.68192263917529,0.0219723280268189,0
27.1325459317585,3.68192263917529,0.022156278717688,0
27.1653543307087,3.68192263917529,0.0223402294085572,0
27.1981627296588,3.68192263917529,0.0225241800994263,0
27.2309711286089,3.68192263917529,0.0226719299576679,0
27.2637795275591,3.68192263917529,0.0224916674673658,0
27.2965879265092,3.68192263917529,0.0223114049770637,0
27.3293963254593,3.68192263917529,0.0221311424867617,0
27.3622047244094,3.68192263917529,0.0219508799964596,0
27.3950131233596,3.68192263917529,0.0217706175061575,0
27.4278215223097,3.68192263917529,0.0215903550158555,0
27.4606299212598,3.68192263917529,0.0214100925255534,0
27.49343832021,3.68192263917529,0.0212298300352514,0
27.5262467191601,3.68192263917529,0.0210495675449493,0
27.5590551181102,3.68192263917529,0.0208693050546472,0
27.5918635170604,3.68192263917529,0.0206890425643452,0
27.6246719160105,3.68192263917529,0.0205087800740431,0
27.6574803149606,3.68192263917529,0.0203285175837411,0
27.6902887139108,3.68192263917529,0.020148255093439,0
27.7230971128609,3.68192263917529,0.019967992603137,0
27.755905511811,3.68192263917529,0.0197877301128349,0
27.7887139107612,3.68192263917529,0.0196074676225328,0
27.8215223097113,3.68192263917529,0.0194272051322308,0
27.8543307086614,3.68192263917529,0.0193965531045441,0
27.8871391076115,3.68192263917529,0.0194663313953668,0
27.9199475065617,3.68192263917529,0.0195361096861896,0
27.9527559055118,3.68192263917529,0.0196058879770124,0
27.9855643044619,3.68192263917529,0.0196756662678352,0
28.0183727034121,3.68192263917529,0.019745444558658,0
28.0511811023622,3.68192263917529,0.0198152228494807,0
28.0839895013123,3.68192263917529,0.0198850011403035,0
28.1167979002625,3.68192263917529,0.0199547794311263,0
28.1496062992126,3.68192263917529,0.0200245577219491,0
28.1824146981627,3.68192263917529,0.0200943360127719,0
28.2152230971129,3.68192263917529,0.0201641143035946,0
28.248031496063,3.68192263917529,0.0202338925944174,0
28.2808398950131,3.68192263917529,0.0203036708852402,0
28.3136482939633,3.68192263917529,0.020373449176063,0
28.3464566929134,3.68192263917529,0.0204432274668857,0
28.3792650918635,3.68192263917529,0.0205001004483029,0
28.4120734908136,3.68192263917529,0.0204965795935181,0
28.4448818897638,3.68192263917529,0.0204930587387332,0
28.4776902887139,3.68192263917529,0.0204895378839483,0
28.510498687664,3.68192263917529,0.0204860170291634,0
28.5433070866142,3.68192263917529,0.0204824961743785,0
28.5761154855643,3.68192263917529,0.0204789753195937,0
28.6089238845144,3.68192263917529,0.0204754544648088,0
28.6417322834646,3.68192263917529,0.0204719336100239,0
28.6745406824147,3.68192263917529,0.020468412755239,0
28.7073490813648,3.68192263917529,0.0204648919004542,0
28.740157480315,3.68192263917529,0.0204613710456693,0
28.7729658792651,3.68192263917529,0.0204578501908844,0
28.8057742782152,3.68192263917529,0.0204543293360995,0
28.8385826771654,3.68192263917529,0.0204508084813146,0
28.8713910761155,3.68192263917529,0.0204472876265298,0
28.9041994750656,3.68192263917529,0.0204437667717449,0
28.9370078740157,3.68192263917529,0.02044024591696,0
28.9698162729659,3.68192263917529,0.020434209770398,0
29.002624671916,3.68192263917529,0.0204271680608279,0
29.0354330708661,3.68192263917529,0.0204201263512577,0
29.0682414698163,3.68192263917529,0.0204130846416876,0
29.1010498687664,3.68192263917529,0.0204060429321175,0
29.1338582677165,3.68192263917529,0.0203990012225474,0
29.1666666666667,3.68192263917529,0.0203919595129773,0
29.1994750656168,3.68192263917529,0.0203849178034072,0
29.2322834645669,3.68192263917529,0.020377876093837,0
29.2650918635171,3.68192263917529,0.0203708343842669,0
29.2979002624672,3.68192263917529,0.0203637926746968,0
29.3307086614173,3.68192263917529,0.0203567509651267,0
29.3635170603675,3.68192263917529,0.0203497092555566,0
29.3963254593176,3.68192263917529,0.0203426675459864,0
29.4291338582677,3.68192263917529,0.0203356258364163,0
29.4619422572178,3.68192263917529,0.0203285841268462,0
29.494750656168,3.68192263917529,0.0203215424172761,0
29.5275590551181,3.68192263917529,0.0202459340160542,0
29.5603674540682,3.68192263917529,0.0199675908849973,0
29.5931758530184,3.68192263917529,0.0196892477539403,0
29.6259842519685,3.68193851050748,0.0194109046228834,0
29.6587926509186,3.68196327469633,0.0191325614918265,0
29.6916010498688,3.68198803888519,0.0188542183607695,0
29.7244094488189,3.68201280307404,0.0185758752297126,0
29.757217847769,3.6820375672629,0.0182975320986556,0
29.7900262467192,3.68206233145175,0.0180191889675987,0
29.8228346456693,3.6820870956406,0.0177408458365418,0
29.8556430446194,3.68211185982946,0.0174625027054848,0
29.8884514435695,3.68213662401831,0.0171841595744279,0
29.9212598425197,3.68216138820717,0.016905816443371,0
29.9540682414698,3.68218615239602,0.016627473312314,0
29.9868766404199,3.68221091658488,0.0163491301812571,0
30.0196850393701,3.68223568077373,0.0160707870502001,0
30.0524934383202,3.68226044496258,0.0157924439191432,0
30.0853018372703,3.68228520915144,0.0155141007880863,0
30.1181102362205,3.68230997334029,0.0152357576570293,0
30.1509186351706,3.68233473752915,0.0149574145259724,0
30.1837270341207,3.682359501718,0.0146790713949155,0
30.2165354330709,3.68238426590685,0.0144007282638585,0
30.249343832021,3.68240903009571,0.0141223851328016,0
30.2821522309711,3.68243379428456,0.0138440420017446,0
30.3149606299213,3.68245855847342,0.0135656988706877,0
30.3477690288714,3.68248332266227,0.0132873557396308,0
30.3805774278215,3.68250808685112,0.0130090126085738,0
30.4133858267716,3.68253285103998,0.0127306694775169,0
30.4461942257218,3.68255761522883,0.01245232634646,0
30.4790026246719,3.68258237941769,0.0121739832154031,0
30.511811023622,3.68260714360654,0.0118956400843461,0
30.5446194225722,3.6826319077954,0.0116172969532891,0
30.5774278215223,3.68265667198425,0.0113389538222322,0
30.6102362204724,3.6826814361731,0.0110606106911753,0
30.6430446194226,3.68270620036196,0.0107822675601184,0
30.6758530183727,3.68273096455081,0.01075388809875,0
30.7086614173228,3.68275572873967,0.011234386975378,0
30.741469816273,3.69603871636062,0.0117148858520059,0
30.7742782152231,3.71165872848229,0.0121953847286338,0
30.8070866141732,3.72727874060396,0.0126758836052618,0
30.8398950131234,3.74289875272563,0.0131563824818897,0
30.8727034120735,3.7585187648473,0.0136368813585176,0
30.9055118110236,3.77413877696897,0.0141173802351455,0
30.9383202099737,3.78975878909064,0.0145978791117735,0
30.9711286089239,3.8053788012123,0.0150783779884014,0
31.003937007874,3.82099881333397,0.0155588768650293,0
31.0367454068241,3.83661882545564,0.0160393757416572,0
31.0695538057743,3.85223883757731,0.0165198746182852,0
31.1023622047244,3.86785884969898,0.0170003734949131,0
31.1351706036745,3.88347886182065,0.017480872371541,0
31.1679790026247,3.89909887394232,0.017961371248169,0
31.2007874015748,3.91471888606398,0.0184418701247969,0
31.2335958005249,3.93033889818565,0.0189223690014248,0
31.2664041994751,3.94595891030732,0.0184428648694097,0
31.2992125984252,3.94832945077554,0.0178170329313798,0
31.3320209973753,3.92958543622952,0.0171912009933499,0
31.3648293963255,3.9108414216835,0.01656536905532,0
31.3976377952756,3.89209740713748,0.0159395371172901,0
31.4304461942257,3.87335339259146,0.0153137051792602,0
31.4632545931759,3.85460937804545,0.0146878732412303,0
31.496062992126,3.83586536349943,0.0140620413032005,0
31.5288713910761,3.81712134895341,0.0134362093651706,0
31.5616797900262,3.79837733440739,0.0128103774271407,0
31.5944881889764,3.77963331986137,0.0121845454891108,0
31.6272965879265,3.76088930531535,0.0115587135510808,0
31.6601049868766,3.74214529076934,0.010932881613051,0
31.6929133858268,3.72340127622332,0.0103070496750211,0
31.7257217847769,3.7046572616773,0.00968121773699122,0
31.758530183727,3.68591324713128,0.00905538579896134,0
31.7913385826772,3.66716923258526,0.00842955386093147,0
31.8241469816273,3.64842521803924,0.00800026801501814,0
31.8569553805774,3.62968120349323,0.00785845580840067,0
31.8897637795276,3.63970860848014,0.00771664360178318,0
31.9225721784777,3.6522046181775,0.00757483139516572,0
31.9553805774278,3.66470062787486,0.00743301918854825,0
31.9881889763779,3.67719663757221,0.00729120698193078,0
32.0209973753281,3.68969264726957,0.00714939477531332,0
32.0538057742782,3.70218865696692,0.00700758256869585,0
32.0866141732283,3.71468466666428,0.00686577036207838,0
32.1194225721785,3.72718067636163,0.00672395815546092,0
32.1522309711286,3.73967668605899,0.00658214594884345,0
32.1850393700787,3.75217269575634,0.00644033374222596,0
32.2178477690289,3.7646687054537,0.00629852153560849,0
32.250656167979,3.77716471515105,0.00615670932899103,0
32.2834645669291,3.78966072484841,0.00601489712237356,0
32.3162729658793,3.80215673454577,0.0058730849157561,0
32.3490813648294,3.81465274424312,0.00573127270913863,0
32.3818897637795,3.82714875394048,0.00558946050252116,0
32.4146981627297,3.83964476363783,0.00616596495205099,0
32.4475065616798,3.84358864521308,0.00678475518051121,0
32.4803149606299,3.83734628508929,0.00740354540897133,0
32.51312335958,3.83110392496551,0.00802233563743144,0
32.5459317585302,3.82486156484172,0.00864112586589155,0
32.5787401574803,3.81861920471793,0.00925991609435167,0
32.6115485564304,3.81237684459414,0.00987870632281178,0
32.6443569553806,3.80613448447035,0.0104974965512719,0
32.6771653543307,3.79989212434657,0.011116286779732,0
32.7099737532808,3.79364976422278,0.0117350770081922,0
32.742782152231,3.78740740409899,0.0123538672366523,0
32.7755905511811,3.7811650439752,0.0129726574651125,0
32.8083989501312,3.77492268385141,0.0135914476935726,0
32.8412073490814,3.76868032372763,0.0142102379220327,0
32.8740157480315,3.76243796360384,0.0148290281504928,0
32.9068241469816,3.75619560348005,0.0154478183789529,0
32.9396325459318,3.74995324335626,0.016066608607413,0
32.9724409448819,3.74371088323247,0.0163849847820425,0
33.005249343832,3.73746852310868,0.0163814639272574,0
33.0380577427822,3.7312261629849,0.0163779430724724,0
33.0708661417323,3.72498380286111,0.0163744222176873,0
33.1036745406824,3.71874144273732,0.0163709013629023,0
33.1364829396325,3.71249908261353,0.0163673805081172,0
33.1692913385827,3.70625672248974,0.0163638596533322,0
33.2020997375328,3.70001436236596,0.0163603387985471,0
33.2349081364829,3.69377200224217,0.016356817943762,0
33.2677165354331,3.68752964211838,0.016353297088977,0
33.3005249343832,3.68192263917529,0.0163497762341919,0
33.3333333333333,3.68192263917529,0.0163462553794069,0
33.3661417322835,3.68192263917529,0.0163427345246218,0
33.3989501312336,3.68192263917529,0.0163392136698368,0
33.4317585301837,3.68192263917529,0.0163356928150517,0
33.4645669291339,3.68192263917529,0.0163321719602666,0
33.497375328084,3.68192263917529,0.0163286511054816,0
33.5301837270341,3.68192263917529,0.0163295017439981,0
33.5629921259843,3.68192263917529,0.0165334179169616,0
33.5958005249344,3.68192263917529,0.0167373340899252,0
33.6286089238845,3.68192263917529,0.0169412502628887,0
33.6614173228346,3.68192263917529,0.0171451664358522,0
33.6942257217848,3.68192263917529,0.0173490826088157,0
33.7270341207349,3.68192263917529,0.0175529987817792,0
33.759842519685,3.68192263917529,0.0177569149547427,0
33.7926509186352,3.68192263917529,0.0179608311277062,0
33.8254593175853,3.68192263917529,0.0181647473006698,0
33.8582677165354,3.68192263917529,0.0183686634736333,0
33.8910761154856,3.68192263917529,0.0185725796465968,0
33.9238845144357,3.68192263917529,0.0187764958195603,0
33.9566929133858,3.68192263917529,0.0189804119925239,0
33.989501312336,3.68192263917529,0.0191843281654874,0
34.0223097112861,3.68192263917529,0.0193882443384509,0
34.0551181102362,3.68192263917529,0.0195921605114144,0
34.0879265091864,3.68192263917529,0.019796076684378,0
34.1207349081365,3.68192263917529,0.0198839508609334,0
34.1535433070866,3.68354407558831,0.0198804300061484,0
34.1863517060367,3.68663423562553,0.0198769091513633,0
34.2191601049869,3.68972439566275,0.0198733882965783,0
34.251968503937,3.69281455569997,0.0198698674417932,0
34.2847769028871,3.69590471573719,0.0198663465870081,0
34.3175853018373,3.6989948757744,0.0198628257322231,0
34.3503937007874,3.70208503581162,0.019859304877438,0
34.3832020997375,3.70517519584884,0.0198557840226529,0
34.4160104986877,3.70826535588606,0.0198522631678679,0
34.4488188976378,3.71135551592328,0.0198487423130828,0
34.4816272965879,3.7144456759605,0.0198452214582978,0
34.5144356955381,3.71753583599771,0.0198417006035127,0
34.5472440944882,3.72062599603493,0.0198381797487276,0
34.5800524934383,3.72371615607215,0.0198346588939426,0
34.6128608923884,3.72680631610937,0.0198311380391575,0
34.6456692913386,3.72989647614659,0.0198276171843724,0
34.6784776902887,3.73298663618381,0.0198173378389987,0
34.7112860892388,3.73607679622102,0.0197446713082977,0
34.744094488189,3.75226569753529,0.0196720047775966,0
34.7769028871391,3.77725771692996,0.0195993382468956,0
34.8097112860892,3.80224973632464,0.0195266717161945,0
34.8425196850394,3.82724175571932,0.0194540051854934,0
34.8753280839895,3.852233775114,0.0193813386547924,0
34.9081364829396,3.87722579450867,0.0193086721240913,0
34.9409448818898,3.90221781390335,0.0192360055933902,0
34.9737532808399,3.92720983329802,0.0191633390626891,0
35.00656167979,3.9522018526927,0.0190906725319881,0
35.0393700787402,3.97719387208737,0.019018006001287,0
35.0721784776903,4.00218589148205,0.0189453394705859,0
35.1049868766404,4.02717791087673,0.0188726729398849,0
35.1377952755905,4.0521699302714,0.0188000064091838,0
35.1706036745407,4.07716194966608,0.0187273398784827,0
35.2034120734908,4.10215396906075,0.0186546733477817,0
35.2362204724409,4.12714598845543,0.0185820068170806,0
35.2690288713911,4.15213800785011,0.0199877896376399,0
35.3018372703412,4.16995763692011,0.0222394466749668,0
35.3346456692913,4.14121681461623,0.0244911037122936,0
35.3674540682415,4.11247599231234,0.0267427607496205,0
35.4002624671916,4.08373517000845,0.0289944177869473,0
35.4330708661417,4.05499434770456,0.0312460748242742,0
35.4658792650919,4.02625352540067,0.0334977318616014,0
35.498687664042,3.99751270309679,0.0357493888989283,0
35.5314960629921,3.9687718807929,0.0380010459362552,0
35.5643044619422,3.94003105848901,0.040252702973582,0
35.5971128608924,3.91129023618512,0.0425043600109089,0
35.6299212598425,3.88254941388124,0.0447560170482357,0
35.6627296587926,3.85380859157735,0.0470076740855626,0
35.6955380577428,3.82506776927346,0.0492593311228894,0
35.7283464566929,3.79632694696957,0.0515109881602167,0
35.761154855643,3.76758612466568,0.0537626451975436,0
35.7939632545932,3.7388453023618,0.0560143022348704,0
35.8267716535433,3.71010448005791,0.0578266687776745,0
35.8595800524934,3.68136365775402,0.0575596276611602,0
35.8923884514436,3.67644477668228,0.0572925865446458,0
35.9251968503937,3.68331758201583,0.0570255454281315,0
35.9580052493438,3.69019038734937,0.0567585043116171,0
35.990813648294,3.69706319268291,0.0564914631951027,0
36.0236220472441,3.70393599801645,0.0562244220785883,0
36.0564304461942,3.71080880334999,0.0559573809620739,0
36.0892388451444,3.71768160868354,0.0556903398455596,0
36.1220472440945,3.72455441401708,0.0554232987290452,0
36.1548556430446,3.73142721935062,0.0551562576125309,0
36.1876640419947,3.73830002468416,0.0548892164960165,0
36.2204724409449,3.74517283001771,0.0546221753795021,0
36.253280839895,3.75204563535125,0.0543551342629878,0
36.2860892388451,3.75891844068479,0.0540880931464734,0
36.3188976377953,3.76579124601833,0.053821052029959,0
36.3517060367454,3.77266405135188,0.0535540109134446,0
36.3845144356955,3.77953685668542,0.0532869697969303,0
36.4173228346457,3.78640966201896,0.0530199286804159,0
36.4501312335958,3.79570795443236,0.0527528875639015,0
36.4829396325459,3.81445196897837,0.0524858464473872,0
36.5157480314961,3.83319598352438,0.0522188053308728,0
36.5485564304462,3.85193999807039,0.0519517642143584,0
36.5813648293963,3.8706840126164,0.051684723097844,0
36.6141732283465,3.88942802716241,0.0514176819813297,0
36.6469816272966,3.90817204170842,0.0511506408648153,0
36.6797900262467,3.92691605625443,0.0510664321179741,0
36.7125984251968,3.94566007080044,0.051062471156341,0
36.745406824147,3.96440408534645,0.0510585101947078,0
36.7782152230971,3.98314809989246,0.0510545492330747,0
36.8110236220472,4.00189211443847,0.0510505882714416,0
36.8438320209974,4.02063612898448,0.0510466273098085,0
36.8766404199475,4.03938014353048,0.0510426663481753,0
36.9094488188976,4.05812415807649,0.0510387053865422,0
36.9422572178478,4.0768681726225,0.0510347444249091,0
36.9750656167979,4.09561218716851,0.051030783463276,0
37.007874015748,4.11435620171452,0.0510268225016429,0
37.0406824146982,4.12385649384492,0.0510228615400097,0
37.0734908136483,4.13010449869359,0.0510189005783766,0
37.1062992125984,4.13635250354227,0.0510149396167435,0
37.1391076115486,4.14260050839095,0.0510109786551104,0
37.1719160104987,4.14884851323962,0.0510070176934772,0
37.2047244094488,4.1550965180883,0.0510030567318441,0
37.2375328083989,4.16134452293697,0.050999095770211,0
37.2703412073491,4.16759252778565,0.0509951348085779,0
37.3031496062992,4.17384053263433,0.0509911738469448,0
37.3359580052493,4.18008853748301,0.0509872128853116,0
37.3687664041995,4.18633654233168,0.0509833122503716,0
37.4015748031496,4.19258454718036,0.0509801826016738,0
37.4343832020997,4.19883255202904,0.0509770529529761,0
37.4671916010499,4.20508055687771,0.0509739233042783,0
37.5,4.21132856172639,0.0509707936555806,0
37.5328083989501,4.21757656657507,0.0509676640068828,0
37.5656167979003,4.22382457142374,0.0509645343581851,0
37.5984251968504,4.23007257627242,0.0509614047094874,0
37.6312335958005,4.23632058112108,0.0509582750607896,0
37.6640419947507,4.24256858596975,0.0509551454120919,0
37.6968503937008,4.24881659081841,0.0509520157633941,0
37.7296587926509,4.25506459566708,0.0509488861146964,0
37.762467191601,4.26131260051574,0.0509457564659986,0
37.7952755905512,4.2675606053644,0.0509426268173009,0
37.8280839895013,4.27380861021307,0.0509394971686031,0
37.8608923884514,4.28005661506174,0.0509363675199054,0
37.8937007874016,4.2863046199104,0.0509332378712077,0
37.9265091863517,4.29255262475907,0.0509301082225099,0
37.9593175853018,4.29880062960773,0.0509269785738122,0
37.992125984252,4.30504863445639,0.0509238489251144,0
38.0249343832021,4.31129663930506,0.0509207192764167,0
38.0577427821522,4.31754464415372,0.0509175896277189,0
38.0905511811024,4.32379264900239,0.0509144599790212,0
38.1233595800525,4.33004065385106,0.0509113303303234,0
38.1561679790026,4.33628865869972,0.0509082006816257,0
38.1889763779528,4.35266553250868,0.0518359556968532,0
38.2217847769029,4.37140954705469,0.0530783773291025,0
38.254593175853,4.3901535616007,0.0543207989613517,0
38.2874015748031,4.40889757614671,0.0555632205936009,0
38.3202099737533,4.42764159069272,0.0568056422258501,0
38.3530183727034,4.44638560523873,0.0580480638580993,0
38.3858267716535,4.46512961978474,0.0592904854903486,0
38.4186351706037,4.48387363433075,0.0605329071225978,0
38.4514435695538,4.50261764887676,0.0617753287548472,0
38.4842519685039,4.52136166342277,0.0630177503870964,0
38.5170603674541,4.54010567796878,0.0642601720193457,0
38.5498687664042,4.55884969251479,0.0655025936515949,0
38.5826771653543,4.5775937070608,0.0667450152838441,0
38.6154855643045,4.59633772160681,0.0679874369160933,0
38.6482939632546,4.61508173615282,0.0692298585483426,0
38.6811023622047,4.63382575069883,0.0704722801805918,0
38.7139107611549,4.65256976524485,0.071714701812841,0
38.746719160105,4.66590948306087,0.0729571234450904,0
38.7795275590551,4.66903348548522,0.0741995450773397,0
38.8123359580052,4.67215748790957,0.0754419667095889,0
38.8451443569554,4.67528149033392,0.0766843883418381,0
38.8779527559055,4.67840549275827,0.0783935200327215,0
38.9107611548556,4.68152949518262,0.0833706003567672,0
38.9435695538058,4.68465349760697,0.0883476806808128,0
38.9763779527559,4.68777750003132,0.0933247610048585,0
39.009186351706,4.69090150245567,0.098301841328905,0
39.0419947506562,4.69402550488002,0.103278921652951,0
39.0748031496063,4.69714950730437,0.108256001976996,0
39.1076115485564,4.70027350972872,0.113233082301042,0
39.1404199475066,4.70339751215307,0.118210162625088,0
39.1732283464567,4.70652151457742,0.123187242949133,0
39.2060367454068,4.70964551700177,0.128164323273179,0
39.238845144357,4.71276951942612,0.133141403597225,0
39.2716535433071,4.71589352185047,0.138118483921271,0
39.3044619422572,4.71901752427482,0.143095564245317,0
39.3372703412073,5.40638300691249,0.161758970274778,0
39.3700787401575,6.18581680917297,0.189137137082783,0
39.4028871391076,6.96525061143345,0.216515303890787,0
39.4356955380577,7.74468441369393,0.243893470698791,0
39.4685039370079,8.52411821595455,0.271271637506796,0
39.501312335958,9.30355201821503,0.299161374402906,0
39.5341207349081,9.80895914486109,0.329030545971272,0
39.5669291338583,10.2588154939654,0.358899717539633,0
39.5997375328084,10.7086718430697,0.388768889107993,0
39.6325459317585,11.1585281921739,0.418638060676354,0
39.6653543307087,11.6083845412782,0.448507232244714,0
39.6981627296588,12.0582408903825,0.498283147655099,0
39.7309711286089,12.5080972394868,0.553043002125862,0
39.7637795275591,12.9579535885911,0.606354270255584,0
39.7965879265092,13.4078099376954,0.646175137873731,0
39.8293963254593,13.8576662867997,0.685996005491884,0
39.8622047244094,14.1273942532051,0.715023920970148,0
39.8950131233596,14.2773463695732,0.727463100925475,0
39.9278215223097,14.4272984859413,0.739902280880802,0
39.9606299212598,14.5772506023094,0.752341460836129,0
39.99343832021,14.7272027186775,0.764780640791456,0
40.0262467191601,14.8771548350456,0.777219820746783,0
40.0590551181102,15.0271069514137,0.77735682055135,0
40.0918635170604,15.1770590677818,0.777351539269172,0
40.1246719160105,15.3270111841499,0.777346257986995,0
40.1574803149606,15.476963300518,0.777340976704817,0
40.1902887139108,15.6269154168861,0.777335695422639,0
40.2230971128609,15.7768675332541,0.777330414140462,0
40.255905511811,15.9268196496222,0.777325132858284,0
40.2887139107612,16.0767717659904,0.777319851576107,0
40.3215223097113,16.2267238823584,0.777314570293929,0
40.3543307086614,16.3313796574552,0.777309289011752,0
40.3871391076115,16.3032636356362,0.778040271834042,0
40.4199475065617,16.2751476138172,0.782186078343354,0
40.4527559055118,16.2470315919982,0.786331884852666,0
40.4855643044619,16.2189155701791,0.790477691361979,0
40.5183727034121,16.1907995483601,0.794623497871291,0
40.5511811023622,16.1626835265411,0.798769304380604,0
40.5839895013123,16.1345675047221,0.802915110889916,0
40.6167979002625,16.1064514829031,0.807060917399228,0
40.6496062992126,16.0783354610841,0.811206723908541,0
40.6824146981627,16.050219439265,0.815352530417854,0
40.7152230971129,16.022103417446,0.819498336927166,0
40.748031496063,15.993987395627,0.823644143436479,0
40.7808398950131,15.965871373808,0.827789949945791,0
40.8136482939632,15.937755351989,0.831935756455103,0
40.8464566929134,15.9096393301699,0.836081562964415,0
40.8792650918635,15.8815233083509,0.840227369473728,0
40.9120734908136,15.8534072865319,0.844373175983041,0
40.9448818897638,15.8252912647129,0.850273909782714,0
40.9776902887139,15.7971752428939,0.856246687839951,0
41.010498687664,15.7690592210749,0.862219465897189,0
41.0433070866142,15.763231298969,0.868192243954426,0
41.0761154855643,15.763231298969,0.874165022011664,0
41.1089238845144,15.763231298969,0.880137800068901,0
41.1417322834646,15.763231298969,0.886110578126139,0
41.1745406824147,15.763231298969,0.892083356183378,0
41.2073490813648,15.763231298969,0.898056134240615,0
41.240157480315,15.763231298969,0.904028912297853,0
41.2729658792651,15.763231298969,0.91000169035509,0
41.3057742782152,15.763231298969,0.915974468412328,0
41.3385826771653,15.763231298969,0.921947246469565,0
41.3713910761155,15.763231298969,0.920803977583267,0
41.4041994750656,15.763231298969,0.910841718969173,0
41.4370078740157,15.763231298969,0.900879460355079,0
41.4698162729659,15.763231298969,0.890917201740983,0
41.502624671916,15.763231298969,0.880954943126888,0
41.5354330708661,15.8469187504359,0.87282824751326,0
41.5682414698163,16.034358895896,0.907672973701937,0
41.6010498687664,16.2217990413561,0.942517699890615,0
41.6338582677165,16.4092391868162,0.977362426079292,0
41.6666666666667,16.5966793322763,1.01220715226797,0
41.6994750656168,16.7841194777364,1.04705187845665,0
41.7322834645669,16.9715596231965,1.08189660464533,0
41.7650918635171,17.1589997686566,1.11674133083401,0
41.7979002624672,17.3464399141167,1.15158605702269,0
41.8307086614173,17.5338800595768,1.14116816685608,0
41.8635170603674,17.7213202050369,1.12747732302469,0
41.8963254593176,17.908760350497,1.1137864791933,0
41.9291338582677,18.0962004959571,1.10009563536191,0
41.9619422572178,18.2836406414172,1.08640479153052,0
41.994750656168,18.4710807868773,1.07271394769913,0
42.0275590551181,18.9427035217977,1.05902310386773,0
42.0603674540682,21.9653810937792,1.04533226003634,0
42.0931758530184,24.9201255389314,1.03164141620495,0
42.1259842519685,27.7980342220007,1.01795057237356,0
42.1587926509186,30.6759429050701,1.02706852324607,0
42.1916010498688,33.5538515881394,1.20131210569985,0
42.2244094488189,29.2840820579917,1.37555568815363,0
42.257217847769,33.1139091819154,1.54979927060741,0
42.2900262467192,36.9437363058391,1.72404285306122,0
42.3228346456693,40.7735634297628,1.898286435515,0
42.3556430446194,44.6033905536865,1.86941444826273,0
42.3884514435696,46.6679791811294,1.75988417675685,0
42.4212598425197,48.4674045775466,1.65251625124816,0
42.4540682414698,50.4634907743794,1.70976182919715,0
42.4868766404199,52.8938532814715,1.76700740714614,0
42.5196850393701,50.203865662599,1.82425298509513,0
42.5524934383202,45.7088199351558,1.88149856304413,0
42.5853018372703,43.4595381896343,1.93874414099313,0
42.6181102362205,41.1219577618013,1.98238706570781,0
42.6509186351706,38.4228196671755,2.01723648636953,0
42.6837270341207,35.7236815725497,2.05208590703124,0
42.7165354330709,34.5025392072488,2.08693532769295,0
42.749343832021,34.1179237794747,2.12178474835466,0
42.7821522309711,33.7333083517006,2.12197866299618,0
42.8149606299213,33.3486929239265,1.98506670382743,0
42.8477690288714,32.9640774961524,1.8481547446587,0
42.8805774278215,32.5794620683783,1.71124278548998,0
42.9133858267717,32.1948466406042,1.57433082632125,0
42.9461942257218,31.8102312128301,1.43741886715253,0
42.9790026246719,31.4256157850561,1.38704769297048,0
43.011811023622,31.041000357282,1.35883273634193,0
43.0446194225722,30.6563849295078,1.33061777971338,0
43.0774278215223,30.2717695017337,1.30240282308483,0
43.1102362204724,29.8871540739596,1.27418786645627,0
43.1430446194226,29.5025386461855,1.24597290982772,0
43.1758530183727,29.3841758150171,1.21775795319917,0
43.2086614173228,29.2752632252339,1.18954299657061,0
43.241469816273,29.1663506354508,1.20698098314687,0
43.2742782152231,29.0574380456676,1.24514470177953,0
43.3070866141732,28.9485254558845,1.28330842041218,0
43.3398950131234,28.8396128661013,1.32147213904483,0
43.3727034120735,28.7307002763182,1.35963585767749,0
43.4055118110236,28.621787686535,1.39779957631014,0
43.4383202099737,28.5128750967519,1.43596329494279,0
43.4711286089239,28.4039625069688,1.47412701357544,0
43.503937007874,28.2950499171856,1.52190595376513,0
43.5367454068241,28.581333396842,1.57666580823589,0
43.5695538057743,29.3626029044004,1.63142566270665,0
43.6023622047244,30.1438724119586,1.60763715956437,0
43.6351706036745,30.9251419195168,1.57278773890266,0
43.6679790026247,31.706411427075,1.54312822880489,0
43.7007874015748,32.4876809346332,1.53814621928414,0
43.7335958005249,35.370393970683,1.5331642097634,0
43.7664041994751,36.2096125889585,1.52818220024265,0
43.7992125984252,34.4289312070878,1.5232001907219,0
43.8320209973753,32.6482498252172,1.51821818120116,0
43.8648293963255,30.8675684433462,1.51323617168041,0
43.8976377952756,31.0415201525708,1.50825416215966,0
43.9304461942257,41.1257999783288,1.51287199141401,0
43.9632545931758,62.8537478998702,1.65475539753906,0
43.996062992126,64.6531732962874,1.7966388036641,0
44.0288713910761,66.4525986927045,1.93852220978914,0
44.0616797900262,67.045478711814,2.08040561591419,0
44.0944881889764,67.1580402549715,2.22228902203923,0
44.1272965879265,67.270601798129,2.25659958476618,0
44.1601049868766,67.3831633412865,2.23543572665367,0
44.1929133858268,67.495724884444,2.21427186854116,0
44.2257217847769,69.5435404115884,2.19310801042865,0
44.258530183727,66.1696177933063,2.17194415231614,0
44.2913385826772,62.8525631503753,2.15078029420363,0
44.3241469816273,60.8282095794061,2.12961643609112,0
44.3569553805774,58.803856008437,2.10845257797861,0
44.3897637795276,56.4526161159358,2.08728871986611,0
44.4225721784777,53.7534780213099,2.0661248617536,0
44.4553805774278,51.054339926684,2.04496100364108,0
44.4881889763779,49.3956493335001,2.06499117805286,0
44.5209973753281,47.8192274912622,2.09237286571563,0
44.5538057742782,46.45173153935,2.1197545533784,0
44.5866141732283,45.6363669065985,2.14713624104118,0
44.6194225721785,44.821002273847,2.17451792870395,0
44.6522309711286,44.0056376410956,2.15227738405894,0
44.6850393700787,43.1902730083439,2.06763603502802,0
44.7178477690289,41.9292794358317,1.9829946859971,0
44.750656167979,40.0610347929929,1.89835333696617,0
44.7834645669291,38.1927901501541,1.81371198793525,0
44.8162729658793,37.155068025576,1.73446530679918,0
44.8490813648294,36.4802835019195,1.7942036499359,0
44.8818897637795,35.8054989782631,1.85394199307262,0
44.9146981627296,35.1307144546066,1.91368033620934,0
44.9475065616798,34.45592993095,1.97341867934606,0
44.9803149606299,33.7811454072936,2.03315702248278,0
45.01312335958,33.1063608836371,2.03942865038606,0
45.0459317585302,32.436394363408,2.01453620705626,0
45.0787401574803,31.9731759086071,1.98964376372647,0
45.1115485564304,31.5099574538061,1.96475132039668,0
45.1443569553806,31.0467389990052,1.93985887706688,0
45.1771653543307,30.5835205442042,1.92660025398863,0
45.2099737532808,30.1203020894032,1.95314749906737,0
45.242782152231,29.6570836346023,1.97969474414612,0
45.2755905511811,29.1938651798013,2.00624198922486,0
45.3083989501312,28.7306467250004,2.03278923430361,0
45.3412073490814,29.3721181871432,2.05933647938235,0
45.3740157480315,30.6469531516089,2.08588372446109,0
45.4068241469816,31.9217881160747,2.11243096953984,0
45.4396325459318,33.1966230805405,2.13057489833644,0
45.4724409448819,35.6970412676615,2.08576497948803,0
45.505249343832,42.2041114848864,2.04095506063962,0
45.5380577427822,44.4642451087531,1.94656222126853,0
45.5708661417323,38.916040387284,1.7822650535823,0
45.6036745406824,36.5730414647554,1.6179678858961,0
45.6364829396325,34.2300425422268,1.59017751264864,0
45.6692913385827,31.8870436196981,1.61755920031143,0
45.7020997375328,29.5440446971695,1.64494088797422,0
45.7349081364829,28.4426004858104,1.67232257563701,0
45.7677165354331,27.542887787602,1.6997042632998,0
45.8005249343832,26.6431750893937,1.70419149137106,0
45.8333333333333,25.7434623911855,1.65689232818966,0
45.8661417322835,25.0104491155314,1.60959316500827,0
45.8989501312336,24.4481286791512,1.56229400182687,0
45.9317585301837,23.8858082427709,1.51499483864548,0
45.9645669291339,23.3234878063906,1.46769567546408,0
45.997375328084,22.7611673700103,1.18490781393276,0
46.0301837270341,22.19884693363,0.985674377833514,0
46.0629921259843,21.8000349061287,0.888966518341417,0
46.0958005249344,21.4808300104202,0.844156599492942,0
46.1286089238845,21.1616251147117,0.799346680644475,0
46.1614173228346,20.8424202190032,0.759463855831475,0
46.1942257217848,20.5232153232946,0.724600351750623,0
46.2270341207349,20.2040104275861,0.689736847669771,0
46.259842519685,19.8848055318776,0.692367923414702,0
46.2926509186352,19.5656006361691,0.704812384652207,0
46.3254593175853,19.2463957404605,0.717256845889712,0
46.3582677165354,18.927190844752,0.729701307127216,0
46.3910761154856,18.6709963760583,0.742145768364724,0
46.4238845144357,18.9853308983802,0.754590229602229,0
46.4566929133858,19.2996654207021,0.767034690839734,0
46.489501312336,19.613999943024,0.779479152077238,0
46.5223097112861,19.9283344653459,0.791923613314743,0
46.5551181102362,20.2426689876678,0.804368074552248,0
46.5879265091864,20.5570035099898,0.816812535789753,0
46.6207349081365,20.8713380323117,0.829256997027265,0
46.6535433070866,21.1856725546336,0.841701458264778,0
46.6863517060367,21.5000070769555,0.85414591950229,0
46.7191601049869,21.8143415992775,0.866590380739802,0
46.751968503937,22.1286761215994,0.879034841977313,0
46.7847769028871,23.1724850094095,0.910110098938452,0
46.8175853018373,24.3533579258075,0.954912976077293,0
46.8503937007874,25.5342308422056,0.999715853216133,0
46.8832020997375,28.1885376216526,1.04017269153002,0
46.9160104986877,30.9519409090084,1.07999708000292,0
46.9488188976378,31.7547068272098,1.12151518291877,0
46.9816272965879,32.3238432688797,1.17129302786879,0
47.0144356955381,32.8929797105496,1.22107087281881,0
47.0472440944882,33.4621161522194,1.25223296501215,0
47.0800524934383,34.0312525938893,1.26217937977972,0
47.1128608923884,34.6003890355592,1.27212579454729,0
47.1456692913386,35.1695254772291,1.28207220931485,0
47.1784776902887,35.738661918899,1.29201862408242,0
47.2112860892388,36.3077983605689,1.30104319103206,0
47.244094488189,36.9518450039414,1.29606411555697,0
47.2769028871391,37.7810802074569,1.29108504008188,0
47.3097112860892,38.6103154109724,1.28610596460679,0
47.3425196850394,39.4395506144879,1.2811268891317,0
47.3753280839895,40.2687858180034,1.27614781365661,0
47.4081364829396,41.0980210215191,1.27116873818151,0
47.4409448818898,41.9272562250346,1.26618966270642,0
47.4737532808399,42.7563304513172,1.26121058723133,0
47.50656167979,43.5710596032335,1.25623151175624,0
47.5393700787402,44.3857887551497,1.25125243628115,0
47.5721784776903,45.2005179070659,1.24627336080606,0
47.6049868766404,46.0152470589821,1.24129428533097,0
47.6377952755905,46.8299762108984,1.23631520985587,0
47.6706036745407,47.6447053628147,1.23133613438078,0
47.7034120734908,48.459434514731,1.22635705890569,0
47.7362204724409,48.9919872582239,1.2213779834306,0
47.7690288713911,48.2047386472914,1.27108571151397,0
47.8018372703412,47.4174900363589,1.33082757550548,0
47.8346456692913,46.6302414254264,1.37145924934843,0
47.8674540682415,45.842992814494,1.29677663807683,0
47.9002624671916,44.9655636991174,1.22209402680523,0
47.9330708661417,42.693327444888,1.14741141553362,0
47.9658792650919,40.4210911906581,1.07272880426202,0
47.998687664042,38.8501699245646,0.998046192990413,0
48.0314960629921,38.0179356787222,0.952698047121779,0
48.0643044619422,37.1857014328798,0.917841584750504,0
48.0971128608924,36.3534671870373,0.884582019863446,0
48.1299212598425,35.5212329411949,0.897022960246164,0
48.1627296587926,34.8891962089215,0.909463900628881,0
48.1955380577428,34.3718614074516,0.921904841011599,0
48.2283464566929,33.8545266059816,0.934345781394316,0
48.261154855643,33.3371918045117,0.946786721777033,0
48.2939632545932,32.8198570030418,0.956624157890461,0
48.3267716535433,32.3025222015718,0.964920465382135,0
48.3595800524934,31.7851874001019,0.973216772873808,0
48.3923884514436,31.3857431858983,0.981513080365482,0
48.4251968503937,31.1969398393803,0.989809387857156,0
48.4580052493438,31.0081364928623,0.99810569534883,0
48.490813648294,30.8193331463442,1.0064020028405,0
48.5236220472441,30.6305297998263,1.01469831033218,0
48.5564304461942,30.4417264533083,1.03161884003095,0
48.5892388451444,30.2529231067903,1.05650776250596,0
48.6220472440945,30.0641197602723,1.08139668498097,0
48.6548556430446,29.8753164137543,1.06154022248749,0
48.6876640419947,29.6865130672363,1.03165872792738,0
48.7204724409449,29.4977097207183,1.00443050505452,0
48.753280839895,29.3089063742003,0.997790172930048,0
48.7860892388451,29.1201030276823,0.991149840805578,0
48.8188976377953,28.9312996811643,0.984509508681107,0
48.8517060367454,28.7424963346463,0.977869176556636,0
48.8845144356955,28.5536929881283,0.971228844432166,0
48.9173228346457,28.3706091997434,0.964588512307695,0
48.9501312335958,28.1981642659201,0.957948180183225,0
48.9829396325459,28.0257193320968,0.951288695376006,0
49.0157480314961,27.8532743982735,0.94132467633452,0
49.0485564304462,27.6808294644501,0.931360657293033,0
49.0813648293963,27.5083845306268,0.921396638251546,0
49.1141732283465,27.3359395968035,0.911432619210057,0
49.1469816272966,27.1634946629802,0.901468600168571,0
49.1797900262467,26.9910497291569,0.899723952136326,0
49.2125984251968,26.8186047953336,0.903455177994708,0
49.245406824147,26.6461598615103,0.907186403853089,0
49.2782152230971,26.473714927687,0.91091762971147,0
49.3110236220472,26.3012699938636,0.914648855569851,0
49.3438320209974,26.1288250600403,0.918380081428233,0
49.3766404199475,25.956380126217,0.922111307286615,0
49.4094488188976,25.7839351923937,0.925842533144996,0
49.4422572178478,25.6765784782143,0.929573759003377,0
49.4750656167979,25.6953224927603,0.933304984861758,0
49.507874015748,25.7140665073063,0.93703621072014,0
49.5406824146982,25.7328105218523,0.94436726168107,0
49.5734908136483,25.7515545363983,0.952661221936215,0
49.6062992125984,25.7702985509443,0.960955182191361,0
49.6391076115486,25.7890425654903,0.969249142446507,0
49.6719160104987,25.8077865800363,0.977543102701654,0
49.7047244094488,25.8265305945823,0.9858370629568,0
49.7375328083989,25.8452746091283,0.994131023211946,0
49.7703412073491,25.8640186236743,1.00242498346709,0
49.8031496062992,25.8827626382203,1.01410751380269,0
49.8359580052493,25.9015066527663,1.02738054953293,0
49.8687664041995,25.9202506673124,1.04065358526317,0
49.9015748031496,25.9389946818584,1.05392662099341,0
49.9343832020997,25.9577386964044,1.06719965672366,0
49.9671916010499,25.9764827109504,1.0804726924539,0
50,25.9952267254964,1.09374572818414,0
50.0328083989501,25.9537748343611,1.10701876391438,0
50.0656167979003,25.9037907955717,1.09446424065913,0
50.0984251968504,25.8538067567824,1.06259698400028,0
50.1312335958005,25.803822717993,1.03072972734143,0
50.1640419947507,25.7538386792036,0.998862470682585,0
50.1968503937008,25.7038546404143,0.96699521402373,0
50.2296587926509,25.6538706016249,0.935127957364881,0
50.262467191601,25.6038865628355,0.903260700706032,0
50.2952755905512,25.5539025240462,0.906646471877012,0
50.3280839895013,25.5039184852568,0.91802587454206,0
50.3608923884514,25.4539344464674,0.929405277207108,0
50.3937007874016,25.403950407678,0.940784679872156,0
50.4265091863517,25.3539663688887,0.952164082537204,0
50.4593175853018,25.3039823300993,0.963543485202251,0
50.492125984252,25.2539982913099,0.974922887867301,0
50.5249343832021,25.2040142525206,0.986302290532349,0
50.5577427821522,25.1540302137312,0.997681693197397,0
50.5905511811024,25.101476535668,0.987320643690649,0
50.6233595800525,25.04524449203,0.937521673611894,0
50.6561679790026,24.989012448392,0.887722703533139,0
50.6889763779528,24.9327804047539,0.837923733454384,0
50.7217847769029,24.8765483611159,0.788124763375629,0
50.754593175853,24.8203163174779,0.738325793296866,0
50.7874015748031,24.7640842738398,0.73897455458121,0
50.8202099737533,24.7078522302018,0.74229178659779,0
50.8530183727034,24.6516201865637,0.745609018614371,0
50.8858267716535,24.5953881429257,0.748926250630952,0
50.9186351706037,24.5391560992877,0.752243482647532,0
50.9514435695538,24.4829240556496,0.755560714664113,0
50.9842519685039,24.4266920120116,0.758877946680694,0
51.0170603674541,24.3704599683736,0.762195178697275,0
51.0498687664042,24.3142279247355,0.765512410713856,0
51.0826771653543,24.2579958810975,0.768829642730436,0
51.1154855643045,24.2017638374594,0.772146874747017,0
51.1482939632546,24.1455317938214,0.775464106763598,0
51.1811023622047,24.1277467843562,0.778781338780179,0
51.2139107611549,24.1121267722346,0.782098570796759,0
51.246719160105,24.0965067601129,0.78541580281334,0
51.2795275590551,24.0808867479912,0.788733034829921,0
51.3123359580052,24.0652667358695,0.794481669840901,0
51.3451443569554,24.0496467237479,0.801116133874064,0
51.3779527559055,24.0340267116262,0.807750597907227,0
51.4107611548556,24.0184066995045,0.81438506194039,0
51.4435695538058,24.0027866873829,0.821019525973553,0
51.4763779527559,23.9871666752612,0.827653990006716,0
51.509186351706,23.9715466631395,0.83428845403988,0
51.5419947506562,23.9559266510178,0.840922918073042,0
51.5748031496063,23.9403066388962,0.83615562144145,0
51.6076115485564,23.9246866267745,0.824534453414499,0
51.6404199475066,23.9090666146528,0.812913285387548,0
51.6732283464567,23.8934466025312,0.801292117360597,0
51.7060367454068,23.8778265904095,0.789670949333647,0
51.738845144357,23.8471455155573,0.778049781306696,0
51.7716535433071,23.8002854791922,0.766428613279745,0
51.8044619422572,23.7534254428272,0.754807445252794,0
51.8372703412073,23.7065654064622,0.745970727252311,0
51.8700787401575,23.6597053700972,0.739744095565076,0
51.9028871391076,23.6128453337322,0.73351746387784,0
51.9356955380577,23.5659852973671,0.727290832190605,0
51.9685039370079,23.5191252610021,0.721064200503369,0
52.001312335958,23.4722652246371,0.714837568816134,0
52.0341207349081,23.4254051882721,0.708610937128898,0
52.0669291338583,23.3785451519071,0.702384305441663,0
52.0997375328084,23.331685115542,0.696157673754426,0
52.1325459317585,23.284825079177,0.689931042067191,0
52.1653543307087,23.237965042812,0.683704410379955,0
52.1981627296588,23.191105006447,0.684496438597388,0
52.2309711286089,23.144244970082,0.688225904028377,0
52.2637795275591,23.0973849337169,0.691955369459366,0
52.2965879265092,23.052331593858,0.695684834890355,0
52.3293963254593,23.108563637496,0.699414300321345,0
52.3622047244094,23.1647956811341,0.703143765752334,0
52.3950131233596,23.2210277247721,0.706873231183323,0
52.4278215223097,23.2772597684101,0.710602696614312,0
52.4606299212598,23.3334918120482,0.714332162045301,0
52.49343832021,23.3897238556862,0.718061627476291,0
52.5262467191601,23.4459558993243,0.72179109290728,0
52.5590551181102,23.5021879429623,0.726635627628985,0
52.5918635170604,23.5584199866003,0.731612707953032,0
52.6246719160105,23.6146520302383,0.736589788277077,0
52.6574803149606,23.6708840738764,0.741566868601124,0
52.6902887139108,23.7271161175144,0.746543948925169,0
52.7230971128609,23.7833481611524,0.751521029249216,0
52.755905511811,23.8395802047905,0.756498109573261,0
52.7887139107611,23.8958122484285,0.761475189897308,0
52.8215223097113,23.9520442920665,0.766452270221355,0
52.8543307086614,24.0082763357046,0.7714293505454,0
52.8871391076115,24.1453503674947,0.776406430869447,0
52.9199475065617,24.3477857245916,0.781383511193492,0
52.9527559055118,24.5502210816885,0.786360591517539,0
52.9855643044619,24.7526564387854,0.831985496690778,0
53.0183727034121,24.9550917958824,0.943997970820085,0
53.0511811023622,25.1575271529793,1.05601044494935,0
53.0839895013123,25.3599625100762,1.16802291907866,0
53.1167979002625,25.5623978671731,1.28003539320797,0
53.1496062992126,25.76483322427,1.39204786733724,0
53.1824146981627,25.967268581367,1.36341820648006,0
53.2152230971129,26.1697039384639,1.33105803015133,0
53.248031496063,26.3721392955608,1.29869785382259,0
53.2808398950131,27.1414478629526,1.26633767749387,0
53.3136482939632,28.6784570557243,1.23397750116513,0
53.3464566929134,30.2154662484966,1.28039756529251,0
53.3792650918635,34.3730178040529,1.38659828179013,0
53.4120734908136,43.5278354217544,1.49279899828778,0
53.4448818897638,54.796736966819,1.5989997147854,0
53.4776902887139,66.0656385118875,1.64032962839094,0
53.510498687664,64.3357504393861,1.62041097925406,0
53.5433070866142,57.9528292916059,1.60049233011717,0
53.5761154855643,64.9256027027108,1.5805736809803,0
53.6089238845144,83.1864661826204,1.5635183903756,0
53.6417322834646,128.150191009632,1.54982226526203,0
53.6745406824147,103.576787939805,1.53612614014847,0
53.7073490813648,101.920150300229,1.5224300150349,0
53.7401574803149,128.462056196596,1.50873388992134,0
53.7729658792651,138.733776167816,1.49718837271639,0
53.8057742782152,134.866726516775,1.52290939053892,0
53.8385826771653,152.682851558344,1.54863040836146,0
53.8713910761155,155.007109362051,1.57435142618399,0
53.9041994750656,161.196431780832,1.60007244400653,0
53.9370078740157,163.932980647934,1.62579346182907,0
53.9698162729659,164.66613584493,1.65151447965161,0
54.002624671916,165.190968252218,1.67723549747415,0
54.0354330708661,165.715800659506,1.70295651529668,0
54.0682414698163,166.240633066795,1.67607864875353,0
54.1010498687664,166.765465474083,1.64620771675778,0
54.1338582677165,167.290297881372,1.63571840145437,0
54.1666666666667,167.81513028866,1.68548920469483,0
54.1994750656168,168.139333501058,1.73526000793526,0
54.2322834645669,167.80194123923,1.7132713031312,0
54.265091863517,167.464548977402,1.63029179755882,0
54.2979002624672,167.127156715573,1.54731229198642,0
54.3307086614173,166.789764453745,1.46433278641404,0
54.3635170603674,166.452372191917,1.38135328084163,0
54.3963254593176,166.114979930088,1.29837377526926,0
54.4291338582677,165.77758766826,1.21539426969685,0
54.4619422572178,165.440195406432,1.13241476412445,0
54.494750656168,165.102803144604,1.09067442963728,0
54.5275590551181,164.760775342469,1.10312065130218,0
54.5603674540682,161.929848692846,1.11556687296708,0
54.5931758530184,159.897594275619,1.12801309463198,0
54.6259842519685,158.213815914075,1.14045931629688,0
54.6587926509186,156.414390517658,1.15290553796178,0
54.6916010498688,154.61496512124,1.16535175962668,0
54.7244094488189,152.815539724823,1.17779798129158,0
54.757217847769,151.016114328406,1.19024420295648,0
54.7900262467192,149.993083146897,1.20269042462138,0
54.8228346456693,150.555403583278,1.21513664628628,0
54.8556430446194,151.117724019658,1.222942062748,0
54.8884514435696,151.680044456038,1.22791468332266,0
54.9212598425197,152.242364892419,1.2328873038973,0
54.9540682414698,152.764700033632,1.23785992447196,0
54.9868766404199,153.139580324553,1.24283254504661,0
55.0196850393701,153.514460615473,1.24780516562126,0
55.0524934383202,153.889340906393,1.25277778619591,0
55.0853018372703,154.264221197313,1.25775040677056,0
55.1181102362205,154.639101488234,1.25634299553112,0
55.1509186351706,155.013981779154,1.24886822082261,0
55.1837270341207,155.388862070074,1.24139344611409,0
55.2165354330709,155.257465221395,1.23391867140558,0
55.249343832021,154.695144785015,1.22644389669707,0
55.2821522309711,154.132824348635,1.22043424105208,0
55.3149606299213,153.570503912255,1.22665735188453,0
55.3477690288714,153.008183475875,1.23288046271698,0
55.3805774278215,151.050696171909,1.23910357354943,0
55.4133858267717,148.153091370532,1.24532668438188,0
55.4461942257218,146.578594148667,1.25154979521433,0
55.4790026246719,145.004096926802,1.25777290604679,0
55.511811023622,143.296571065524,1.26399601687924,0
55.5446194225722,141.459657640016,1.27021912771169,0
55.5774278215223,139.622744214507,1.27644223854414,0
55.6102362204724,136.44175677341,1.28266534937659,0
55.6430446194226,132.541884788609,1.26937766160872,0
55.6758530183727,128.064793606512,1.20963227676244,0
55.7086614173228,125.060235401483,1.14988689191615,0
55.741469816273,122.885929714146,1.09161648377517,0
55.7742782152231,120.711624026811,1.03435858283446,0
55.8070866141732,118.566358297999,0.977100681893749,0
55.8398950131234,116.429540639755,0.91984278095306,0
55.8727034120735,114.292722981509,0.862584880012351,0
55.9055118110236,112.155905323264,0.820715304526004,0
55.9383202099738,110.019087665019,0.845590143581878,0
55.9711286089239,105.701497268263,0.870464982637744,0
56.003937007874,103.641542903395,0.875084083164032,0
56.0367454068241,101.701537397884,0.858156517528814,0
56.0695538057743,99.5221715525615,0.841228951893591,0
56.1023622047244,91.9308456614228,0.824301386258367,0
56.1351706036745,92.8644345137243,0.80737382062315,0
56.1679790026247,86.7463881659053,0.790446254987926,0
56.2007874015748,80.6283418180884,0.773518689352708,0
56.2335958005249,74.6928136324851,0.756591123717485,0
56.2664041994751,64.4736992331605,0.739663558082267,0
56.2992125984252,51.6821557855871,0.722735992447044,0
56.3320209973753,53.3062243830893,0.70580842681182,0
56.3648293963255,47.5705559320086,0.688880861176603,0
56.3976377952756,41.8348874809258,0.671953295541379,0
56.4304461942257,36.0357320344202,0.655025729906162,0
56.4632545931758,34.3112826961862,0.707678449418411,0
56.496062992126,32.5868333579527,0.762441824743951,0
56.5288713910761,30.7916127958519,0.789877045114158,0
56.5616797900262,28.9921873994349,0.742577881932748,0
56.5944881889764,27.1927620030186,0.695278718751321,0
56.6272965879265,25.3933366066017,0.647979555569894,0
56.6601049868766,24.3519947944392,0.600680392388483,0
56.6929133858268,23.8646504162428,0.553381229207056,0
56.7257217847769,23.3773060380466,0.469588851519775,0
56.758530183727,22.8899616598503,0.379961972113355,0
56.7913385826772,22.4026172816541,0.303823997007508,0
56.8241469816273,21.9152729034578,0.298841987486761,0
56.8569553805774,21.665703780477,0.293859977966017,0
56.8897637795276,21.4927753240516,0.28887796844527,0
56.9225721784777,21.3198468676262,0.283895958924524,0
56.9553805774278,21.1469184112009,0.278913949403779,0
56.9881889763779,20.9739899547755,0.273931939883033,0
57.0209973753281,20.8010614983501,0.268949930362288,0
57.0538057742782,20.6281330419247,0.264644566180445,0
57.0866141732283,20.4552045854993,0.272940873672113,0
57.1194225721785,20.282276129074,0.281237181163785,0
57.1522309711286,20.1093476726486,0.289533488655457,0
57.1850393700787,19.9364192162233,0.297829796147125,0
57.2178477690289,19.8156898643507,0.306126103638797,0
57.250656167979,19.9790340824612,0.314422411130466,0
57.2834645669291,20.1423783005717,0.322718718622137,0
57.3162729658793,20.3057225186821,0.331015026113806,0
57.3490813648294,20.4690667367926,0.354947525973231,0
57.3818897637795,20.6324109549031,0.379832927593447,0
57.4146981627296,20.7957551730135,0.401735085935736,0
57.4475065616798,20.959099391124,0.414177786745858,0
57.4803149606299,21.1224436092345,0.426620487555975,0
57.51312335958,21.285787827345,0.439063188366097,0
57.5459317585302,21.4491320454554,0.451505889176214,0
57.5787401574803,21.6124762635659,0.463948589986336,0
57.6115485564304,21.7758204816764,0.474311929736353,0
57.6443569553806,21.9391646997869,0.484261865358702,0
57.6771653543307,22.1025089178974,0.494211800981048,0
57.7099737532808,22.2658531360078,0.504161736603397,0
57.742782152231,22.4291973541183,0.514111672225747,0
57.7755905511811,22.5925415722288,0.524064248408489,0
57.8083989501312,22.7558857903393,0.534020345526715,0
57.8412073490814,22.9124168944198,0.543976442644937,0
57.8740157480315,23.0405009938176,0.553932539763163,0
57.9068241469816,23.1685850932153,0.563888636881386,0
57.9396325459318,23.296669192613,0.573844733999612,0
57.9724409448819,23.4247532920107,0.583800831117839,0
58.005249343832,23.5528373914084,0.593756928236061,0
58.0380577427822,23.6809214908062,0.603713025354288,0
58.0708661417323,23.8090055902039,0.61366912247251,0
58.1036745406824,23.9370896896016,0.623625219590736,0
58.1364829396325,24.0651737889993,0.658165597853137,0
58.1692913385827,24.193257888397,0.707943442803159,0
58.2020997375328,24.3213419877948,0.757721287753164,0
58.2349081364829,24.4494260871924,0.782461817883545,0
58.2677165354331,24.5775101865902,0.804863256452985,0
58.3005249343832,24.7055942859879,0.827264695022417,0
58.3333333333333,24.8336783853856,0.849666133591857,0
58.3661417322835,24.9617624847833,0.872067572161289,0
58.3989501312336,25.089846584181,0.900802719314379,0
58.4317585301837,25.2088255719254,0.935648619121295,0
58.4645669291339,25.3244136616259,0.970494518928224,0
58.497375328084,25.4400017513263,1.01336731563476,0
58.5301837270341,25.5555898410267,1.05817019277362,0
58.5629921259843,25.6711779307271,1.10245813959739,0
58.5958005249344,25.7867660204275,1.14227900721549,0
58.6286089238845,25.902354110128,1.18209987483359,0
58.6614173228346,26.0179421998284,1.20995499912095,0
58.6942257217848,26.1335302895288,1.21990317431591,0
58.7270341207349,26.2491183792293,1.22985134951087,0
58.759842519685,26.3647064689297,1.23979952470584,0
58.7926509186352,26.4802945586301,1.2497476999008,0
58.8254593175853,26.5958826483305,1.25969587509576,0
58.8582677165354,26.711470738031,1.26469591866839,0
58.8910761154856,26.8270588277313,1.26967088647957,0
58.9238845144357,26.9426469174318,1.27464585429074,0
58.9566929133858,27.0582350071322,1.27962082210192,0
58.989501312336,27.1276275757539,1.28459578991309,0
59.0223097112861,27.0682715296915,1.28957075772427,0
59.0551181102362,27.0089154836292,1.29454572553544,0
59.0879265091864,26.9495594375668,1.29952069334662,0
59.1207349081365,26.8902033915044,1.30449566115779,0
59.1535433070866,26.8308473454421,1.30947062896897,0
59.1863517060367,26.7714912993797,1.31444559678014,0
59.2191601049869,26.7121352533173,1.31942056459132,0
59.251968503937,26.652779207255,1.32439553240249,0
59.2847769028871,26.5934231611926,1.32841272339053,0
59.3175853018373,26.5340671151302,1.33139629573532,0
59.3503937007874,26.4747110690679,1.33437986808011,0
59.3832020997375,26.4153550230055,1.3373634404249,0
59.4160104986877,26.3559989769431,1.34034701276969,0
59.4488188976378,26.2966429308808,1.34333058511448,0
59.4816272965879,26.2372868848184,1.34631415745927,0
59.5144356955381,26.177930838756,1.34929772980406,0
59.5472440944882,26.1185747926936,1.35228130214885,0
59.5800524934383,26.0642138757303,1.35526487449364,0
59.6128608923885,26.0111058345166,1.35824844683843,0
59.6456692913386,25.9579977933029,1.36123201918322,0
59.6784776902887,25.9048897520892,1.36421559152801,0
59.7112860892388,25.8517817108755,1.3671991638728,0
59.744094488189,25.7986736696618,1.36055544410835,0
59.7769028871391,25.7455656284482,1.35358274329218,0
59.8097112860892,25.6924575872345,1.346610042476,0
59.8425196850394,25.6393495460208,1.33963734165983,0
59.8753280839895,25.5862415048071,1.33266464084366,0
59.9081364829396,25.5331334635934,1.32569194002748,0
59.9409448818898,25.4800254223797,1.31871923921131,0
59.9737532808399,25.426917381166,1.31174653839513,0
60.00656167979,25.3738093399523,1.30477383757896,0
60.0393700787402,25.3207012987386,1.29780113676279,0
60.0721784776903,25.2675932575249,1.29082843594661,0
60.1049868766404,25.2144852163112,1.28385573513044,0
60.1377952755905,25.1383606286781,1.27688303431426,0
60.1706036745407,25.0165245341291,1.26799322859333,0
60.2034120734908,24.89468843958,1.25678810824013,0
60.2362204724409,24.7728523450309,1.24558298788694,0
60.2690288713911,24.6510162504818,1.23437786753375,0
60.3018372703412,24.5291801559328,1.22317274718056,0
60.3346456692913,24.4073440613837,1.21196762682737,0
60.3674540682415,24.2855079668346,1.20076250647418,0
60.4002624671916,24.1636718722855,1.18955738612098,0
60.4330708661417,24.0418357777364,1.17835226576779,0
60.4658792650919,23.9199996831873,1.1671471454146,0
60.498687664042,23.7981635886382,1.15594202506141,0
60.5314960629921,23.6763274940892,1.14393815967963,0
60.5643044619423,23.5544913995401,1.13148841715995,0
60.5971128608924,23.432655304991,1.11903867464026,0
60.6299212598425,23.3108192104419,1.10658893212058,0
60.6627296587926,23.1889831158928,1.09413918960089,0
60.6955380577428,23.0671470213438,1.0816894470812,0
60.7283464566929,22.98609369458,1.06923970456152,0
60.761154855643,22.911117636396,1.05678996204183,0
60.7939632545932,22.8361415782119,1.04434021952215,0
60.8267716535433,22.7611655200279,1.03189047700246,0
60.8595800524934,22.6861894618439,1.01944073448277,0
60.8923884514436,22.6112134036599,1.00905918200056,0
60.9251968503937,22.5362373454758,0.999099564027551,0
60.9580052493438,22.4612612872918,0.989139946054543,0
60.990813648294,22.3862852291077,0.979180328081532,0
61.0236220472441,22.3113091709237,0.969220710108521,0
61.0564304461942,22.2363331127397,0.959261092135513,0
61.0892388451444,22.1613570545556,0.949301474162502,0
61.1220472440945,22.0863809963716,0.939341856189494,0
61.1548556430446,22.0114049381875,0.929382238216483,0
61.1876640419948,21.9364288800035,0.919422620243476,0
61.2204724409449,21.8614528218195,0.909848476347771,0
61.253280839895,21.7864767636354,0.919803106443168,0
61.2860892388451,21.7672704102819,0.929757736538561,0
61.3188976377953,21.8297504587686,0.939712366633957,0
61.3517060367454,21.8922305072553,0.949666996729351,0
61.3845144356955,21.954710555742,0.959621626824747,0
61.4173228346457,22.0171906042287,0.96957625692014,0
61.4501312335958,22.0796706527154,0.979530887015537,0
61.4829396325459,22.142150701202,0.98948551711093,0
61.5157480314961,22.2046307496887,1.00624346221615,0
61.5485564304462,22.2671107981754,1.02366641211962,0
61.5813648293963,22.3295908466621,1.04108936202309,0
61.6141732283465,22.3920708951488,1.05851231192657,0
61.6469816272966,22.4545509436355,1.07593526183004,0
61.6797900262467,22.5170309921221,1.08202504440356,0
61.7125984251968,22.5795110406088,1.07702190975411,0
61.745406824147,22.6419910890955,1.07201877510465,0
61.7782152230971,22.7044711375822,1.06817578586062,0
61.8110236220472,22.7669511860689,1.06461821359003,0
61.8438320209974,22.8294312345556,1.06106064131944,0
61.8766404199475,22.7890064592774,1.05750306904884,0
61.9094488188976,22.7421464229124,1.05394549677825,0
61.9422572178478,22.6952863865474,1.05038792450766,0
61.9750656167979,22.6484263501823,1.04683035223706,0
62.007874015748,22.6015663138173,1.04327277996647,0
62.0406824146982,22.5547062774523,1.03971520769588,0
62.0734908136483,22.5078462410873,1.03615763542529,0
62.1062992125984,22.4609862047222,1.03260006315469,0
62.1391076115486,22.4141261683572,1.0290424908841,0
62.1719160104987,22.3672661319922,1.02548491861351,0
62.2047244094488,22.3204060956271,1.02192734634291,0
62.2375328083989,22.2735460592621,1.01836977407232,0
62.2703412073491,22.2266860228971,1.01481220180173,0
62.3031496062992,22.1798259865321,1.01125462953114,0
62.3359580052493,22.132965950167,1.00769705726054,0
62.3687664041995,22.086105913802,1.00413948498995,0
62.4015748031496,22.039245877437,1.00958207013635,0
62.4343832020997,22.0336338026004,1.01621770778777,0
62.4671916010499,22.0733270098743,1.0228533454392,0
62.5,22.1130202171482,1.02948898309062,0
62.5328083989501,22.1527134244221,1.03612462074204,0
62.5656167979003,22.192406631696,1.04276025839347,0
62.5984251968504,22.2320998389699,1.04939589604489,0
62.6312335958005,22.2717930462439,1.05603153369632,0
62.6640419947507,22.3114862535178,1.08451896347408,0
62.6968503937008,22.3511794607917,1.1193666237084,0
62.7296587926509,22.3908726680656,1.15421428394272,0
62.762467191601,22.4305658753395,1.18906194417704,0
62.7952755905512,22.4702590826134,1.22390960441136,0
62.8280839895013,22.5099522898873,1.23304211242451,0
62.8608923884514,22.5496454971612,1.19819269176274,0
62.8937007874016,22.5893387044351,1.16334327110098,0
62.9265091863517,23.2315991509408,1.68055469056266,0
62.9593175853018,24.2252252174668,1.60587736057318,0
62.992125984252,25.2188512839924,1.53120003058373,0
63.0249343832021,26.1492331348593,1.54924080126183,0
63.0577427821522,27.0489458330672,1.57080838405634,0
63.0905511811024,27.9486585312754,1.59237596685086,0
63.1233595800525,28.8483712294835,1.61394354964537,0
63.1561679790026,29.7480839276914,1.63551113243989,0
63.1889763779528,31.1639911522139,1.6570787152344,0
63.2217847769029,32.9887553960513,1.67864629802891,0
63.254593175853,33.0542257813914,1.70021388082343,0
63.2874015748031,32.4856187992106,1.65864856194429,0
63.3202099737533,31.9170118170296,1.60637267052429,0
63.3530183727034,31.3484048348488,1.55409677910431,0
63.3858267716535,30.7797978526678,1.50182088768431,0
63.4186351706037,30.2111908704868,1.44954499626433,0
63.4514435695538,28.7524762122285,1.43641935607336,0
63.4842519685039,27.1779789903632,1.47126877673507,0
63.5170603674541,26.062227014157,1.50611819739678,0
63.5498687664042,25.8898133911168,1.49822075388372,0
63.5826771653543,25.7173997680766,1.47581139339103,0
63.6154855643045,25.5449861450363,1.45340203289833,0
63.6482939632546,25.3725725219961,1.43099267240564,0
63.6811023622047,25.2001588989559,1.40858331191294,0
63.7139107611549,25.0277452759156,1.38617395142024,0
63.746719160105,24.8553316528754,1.36376459092755,0
63.7795275590551,24.6829180298351,1.34135523043485,0
63.8123359580052,24.5105044067949,1.31894586994216,0
63.8451443569554,24.3380907837547,1.29653650944946,0
63.8779527559055,24.2119959158395,1.27412714895677,0
63.9107611548556,24.096407826139,1.28199181863115,0
63.9435695538058,23.9808197364386,1.29194879596307,0
63.9763779527559,23.8652316467382,1.30190577329499,0
64.009186351706,23.7496435570378,1.31186275062691,0
64.0419947506562,23.6340554673374,1.32181972795882,0
64.0748031496063,23.518467377637,1.33177670529074,0
64.1076115485564,23.4028792879366,1.34173368262266,0
64.1404199475066,23.2872911982362,1.35169065995458,0
64.1732283464567,23.1717031085358,1.15578660788352,0
64.2060367454068,23.0561150188354,1.02255771753759,0
64.238845144357,22.940526929135,1.00595336637163,0
64.2716535433071,22.8249388394346,0.989349015205677,0
64.3044619422572,22.7093507497341,0.972744664039719,0
64.3372703412073,22.5937626600338,0.968642395957502,0
64.3700787401575,22.4781745703333,0.981709168278253,0
64.4028871391076,22.3625864806329,0.994775940598999,0
64.4356955380577,22.3477412369524,1.00784271291975,0
64.4685039370079,22.5195613702908,1.0209094852405,0
64.501312335958,22.6913815036292,1.03397625756125,0
64.5341207349081,22.8632016369676,1.047043029882,0
64.5669291338583,23.035021770306,1.06010980220274,0
64.5997375328084,23.2068419036444,1.0731765745235,0
64.6325459317585,23.3786620369828,1.08624334684424,0
64.6653543307087,23.5504821703213,1.09931011916499,0
64.6981627296588,23.7223023036597,1.11731307284339,0
64.7309711286089,23.8941224369981,1.13846988924634,0
64.7637795275591,24.0659425703365,1.15962670564928,0
64.7965879265092,24.2377627036749,1.18078352205222,0
64.8293963254593,24.4095828370134,1.20194033845517,0
64.8622047244094,24.5814029703517,1.22793407432266,0
64.8950131233596,24.7532231036902,1.27273695146151,0
64.9278215223097,24.9250432370286,1.31753982860035,0
64.9606299212598,25.096863370367,1.35484522871987,0
64.99343832021,25.2686835037054,1.38470559815127,0
65.0262467191601,25.2467663544766,1.41456596758267,0
65.0590551181102,25.1999063181115,1.42587269919815,0
65.0918635170604,25.1530462817465,1.4325106840861,0
65.1246719160105,25.1061862453815,1.43914866897405,0
65.1574803149606,25.0593262090165,1.44578665386199,0
65.1902887139108,25.0124661726515,1.45242463874994,0
65.2230971128609,24.9656061362865,1.45906262363789,0
65.255905511811,24.9187460999215,1.46570060852584,0
65.2887139107612,24.8718860635564,1.47233859341378,0
65.3215223097113,24.8250260271914,1.44516551118643,0
65.3543307086614,24.7781659908264,1.4028413158162,0
65.3871391076115,24.7313059544614,1.36051712044599,0
65.4199475065617,24.6844459180964,1.31819292507576,0
65.4527559055118,24.6375858817314,1.27586872970554,0
65.4855643044619,24.5907258453664,1.24489318208758,0
65.5183727034121,24.5438658090014,1.24239513561764,0
65.5511811023622,24.4970057726363,1.2398970891477,0
65.5839895013123,24.496216851262,1.23739904267775,0
65.6167979002625,24.5586968997487,1.23490099620781,0
65.6496062992126,24.6211769482354,1.23240294973787,0
65.6824146981627,24.6836569967221,1.23822995239971,0
65.7152230971129,24.7461370452088,1.24519913236109,0
65.748031496063,24.8086170936955,1.25216831232248,0
65.7808398950131,24.8710971421822,1.25913749228387,0
65.8136482939632,24.9335771906689,1.26610667224525,0
65.8464566929134,24.9960572391556,1.27307585220664,0
65.8792650918635,25.0585372876423,1.28004503216802,0
65.9120734908136,25.121017336129,1.28701421212941,0
65.9448818897638,25.1834973846157,1.2939833920908,0
65.9776902887139,25.2459774331024,1.30095257205219,0
66.010498687664,25.3084574815891,1.30792175201357,0
66.0433070866142,25.3709375300757,1.31489093197496,0
66.0761154855643,25.4334175785624,1.32186011193635,0
66.1089238845144,25.4958976270492,1.35720201460971,0
66.1417322834646,25.5583776755358,1.44182928022146,0
66.1745406824147,25.9662232946009,1.5264565458332,0
66.2073490813648,26.3896724163504,1.54181957112657,0
66.240157480315,26.8131215381001,1.52190561646273,0
66.2729658792651,27.2365706598496,1.5019916617989,0
66.3057742782152,30.3828657333984,1.48207770713506,0
66.3385826771653,33.7567883516802,1.46216375247122,0
66.3713910761155,35.2416976050229,1.50109411274839,0
66.4041994750656,33.4422722086056,1.71018711586404,0
66.4370078740157,31.6428468121888,1.91928011897977,0
66.4698162729659,36.3824769971154,1.99003854692395,0
66.502624671916,37.0787611246705,2.11947221052945,0
66.5354330708661,36.0929567073021,2.248905874135,0
66.5682414698163,35.1071522899341,2.24694736606005,0
66.6010498687664,34.1213478725657,2.22204788102068,0
66.6338582677165,33.1355434551976,2.19862833075345,0
66.6666666666667,32.1497390378292,2.18369110432818,0
66.6994750656168,31.1150757615658,2.16875387790291,0
66.7322834645669,29.7655067142533,2.15381665147764,0
66.7650918635171,28.4159376669403,2.13887942505237,0
66.7979002624672,27.6930147482996,2.12394219862711,0
66.8307086614173,27.4302272057051,2.05352183898043,0
66.8635170603674,27.1674396631107,1.9639055221384,0
66.8963254593176,26.9046521205161,1.88028653598979,0
66.9291338582677,26.6418645779216,1.94002839998135,0
66.9619422572178,26.3790770353272,1.99977026397293,0
66.994750656168,26.1162894927326,1.9856117772308,0
67.0275590551181,25.8535019501382,1.82629485863798,0
67.0603674540682,25.5907144075437,1.6669779400451,0
67.0931758530184,25.3279268649492,1.57083559297607,0
67.1259842519685,25.3298020169727,1.53927388257046,0
67.1587926509186,25.3786994462232,1.57909897521429,0
67.1916010498688,25.4275968754737,1.61892406785814,0
67.2244094488189,25.4764943047242,1.65874916050198,0
67.257217847769,25.5253917339747,1.69857425314583,0
67.2900262467192,25.5742891632252,1.73839934578968,0
67.3228346456693,25.6231865924757,1.77822443843352,0
67.3556430446194,25.6720840217262,1.77613980094217,0
67.3884514435696,25.7209814509766,1.73631189161448,0
67.4212598425197,25.7698788802271,1.69648398228678,0
67.4540682414698,25.8187763094776,1.65665607295909,0
67.4868766404199,44.2417512378655,1.61682816363139,0
67.5196850393701,53.6115931373539,1.59680561603247,0
67.5524934383202,58.2762705937593,1.72126431182667,0
67.5853018372703,59.2024548674328,1.84572300762087,0
67.6181102362205,60.1286391411061,2.03881450815087,0
67.6509186351706,61.0548234147796,2.32756332992176,0
67.6837270341207,60.7952296353507,2.61631215169256,0
67.7165354330709,58.6378861070868,2.91929601055374,0
67.749343832021,56.4805425788229,3.21709558075537,0
67.7821522309711,54.3231990505598,3.49164853201757,0
67.8149606299213,52.165855522296,3.42194969069406,0
67.8477690288714,50.0085119940329,3.35225084937057,0
67.8805774278215,47.6597939452718,3.3302944269539,0
67.9133858267716,44.9161559083227,3.4149252134204,0
67.9461942257218,42.1725178713726,3.49955599988694,0
67.9790026246719,39.4288798344234,3.46339799486321,0
68.011811023622,36.6852417974733,3.34888923469136,0
68.0446194225722,38.6413179845558,3.23438047451955,0
68.0774278215223,40.4242051093303,3.09287575588691,0
68.1102362204724,36.5554405070343,2.9484960637193,0
68.1430446194226,32.6866759047397,2.79377844642554,0
68.1758530183727,29.0156896192295,2.59795437137619,0
68.2086614173228,27.0663121064443,2.40213029632691,0
68.241469816273,25.1169345936583,2.20630622127756,0
68.2742782152231,23.4848843471368,2.21743086834747,0
68.3070866141732,21.8804391813519,1.68970402804502,0
68.3398950131234,20.2759940155669,1.64110135954189,0
68.3727034120735,18.6715488497825,1.71577868953128,0
68.4055118110236,18.419265419633,1.74391703524381,0
68.4383202099737,18.1943372450809,1.31575996826171,0
68.4711286089239,17.9694090705288,1.35990549167774,0
68.503937007874,17.7444808959767,1.44675244845472,0
68.5367454068241,17.5195527214245,1.34219010305044,0
68.5695538057743,17.2946245468724,1.23762775764619,0
68.6023622047244,17.0696963723203,1.1330654122419,0
68.6351706036745,16.8447681977682,1.02850306683762,0
68.6679790026247,16.6198400232161,0.923940721433366,0
68.7007874015748,16.3949118486639,0.920647654446675,0
68.7335958005249,16.3385317113402,0.918985224179034,0
68.7664041994751,16.3385317113402,0.917322793911393,0
68.7992125984252,16.3385317113402,0.915660363643752,0
68.8320209973753,16.3385317113402,0.913997933376111,0
68.8648293963255,16.3385317113402,0.91233550310847,0
68.8976377952756,16.3385317113402,0.910673072840829,0
68.9304461942257,16.3385317113402,0.909010642573188,0
68.9632545931758,16.3385317113402,0.907348212305547,0
68.996062992126,16.3385317113402,0.905685782037906,0
69.0288713910761,16.3385317113402,0.904023351770265,0
69.0616797900262,16.3385317113402,0.902360921502624,0
69.0944881889764,16.3385317113402,0.900698491234984,0
69.1272965879265,16.3385317113402,0.899036060967342,0
69.1601049868766,16.3385317113402,0.897373630699702,0
69.1929133858268,16.3385317113402,0.895711200432061,0
69.2257217847769,16.3385317113402,0.889209866953622,0
69.258530183727,16.3385317113402,0.881241468404261,0
69.2913385826772,16.3385317113402,0.873273069854897,0
69.3241469816273,16.3385317113402,0.865304671305536,0
69.3569553805774,16.3385317113402,0.857336272756172,0
69.3897637795276,16.3223546540146,0.849367874206811,0
69.4225721784777,16.2661226103766,0.841399475657447,0
69.4553805774278,16.2098905667385,0.833431077108083,0
69.4881889763779,16.1536585231005,0.825462678558722,0
69.5209973753281,16.0974264794625,0.817494280009358,0
69.5538057742782,16.0411944358244,0.809525881459997,0
69.5866141732283,15.9849623921864,0.801557482910633,0
69.6194225721785,15.9287303485484,0.793589084361272,0
69.6522309711286,15.8724983049103,0.787638163201153,0
69.6850393700787,15.8162662612723,0.787632881918976,0
69.7178477690289,15.7600342176343,0.787627600636799,0
69.750656167979,15.7038021739962,0.787622319354622,0
69.7834645669291,15.6475701303582,0.787617038072445,0
69.8162729658793,15.5913380867202,0.787611756790268,0
69.8490813648294,15.5351060430822,0.787606475508091,0
69.8818897637795,15.4788739994441,0.787601194225914,0
69.9146981627296,15.4226419558061,0.787595912943737,0
69.9475065616798,15.3664099121681,0.78759063166156,0
69.9803149606299,15.31017786853,0.787585350379383,0
70.01312335958,15.253945824892,0.789782877303891,0
70.0459317585302,15.1977137812539,0.79475960554246,0
70.0787401574803,15.3737274825255,0.799736333781026,0
70.1115485564304,15.5986556570777,0.804713062019594,0
70.1443569553806,15.8235838316298,0.809689790258161,0
70.1771653543307,16.048512006182,0.814666518496729,0
70.2099737532808,16.2734401807342,0.819643246735295,0
70.242782152231,16.4983683552863,0.824619974973863,0
70.2755905511811,16.7232965298384,0.829596703212431,0
70.3083989501312,16.9482247043906,0.834573431450998,0
70.3412073490814,17.1731528789427,0.839550159689566,0
70.3740157480315,17.3980810534949,0.844526887928132,0
70.4068241469816,17.623009228047,0.849503616166701,0
70.4396325459317,17.8479374025991,0.854480344405267,0
70.4724409448819,18.0728655771513,0.859457072643835,0
70.505249343832,18.2977937517035,0.864433800882402,0
70.5380577427821,18.5227219262556,0.869784632645465,0
70.5708661417323,18.7476501008078,0.876421443915151,0
70.6036745406824,18.9725782753599,0.883058255184835,0
70.6364829396325,19.1975064499121,0.889695066454522,0
70.6692913385827,19.340368097183,0.896331877724206,0
70.7020997375328,19.4762943507675,0.902968688993892,0
70.7349081364829,19.612220604352,0.909605500263576,0
70.7677165354331,19.7481468579365,0.916242311533262,0
70.8005249343832,19.8840731115211,0.919189649156603,0
70.8333333333333,20.0199993651056,0.894279601552884,0
70.8661417322835,20.1559256186901,0.869369553949163,0
70.8989501312336,20.2918518722746,0.850238815368911,0
70.9317585301837,20.4277781258591,0.839283323619968,0
70.9645669291339,20.5637043794436,0.82832783187103,0
70.997375328084,20.6996306330282,0.817372340122088,0
71.0301837270341,20.8355568866127,0.80641684837315,0
71.0629921259843,20.9714831401972,0.795461356624208,0
71.0958005249344,21.1074093937817,0.784505864875265,0
71.1286089238845,21.2433356473662,0.773550373126327,0
71.1614173228346,21.337944360474,0.762594881377385,0
71.1942257217848,21.1822314873036,0.751639389628447,0
71.2270341207349,21.0265186141331,0.740683897879505,0
71.259842519685,20.8708057409626,0.729728406130566,0
71.2926509186352,20.7150928677921,0.718772914381624,0
71.3254593175853,20.5593799946216,0.707817422632686,0
71.3582677165354,20.4036671214511,0.698877925281915,0
71.3910761154856,20.2479542482806,0.690162049261698,0
71.4238845144357,20.0922413751102,0.681446173241485,0
71.4566929133858,19.9365285019397,0.672730297221268,0
71.4895013123359,19.7808156287692,0.664014421201055,0
71.5223097112861,19.6251027555987,0.655298545180838,0
71.5551181102362,19.4693898824283,0.646582669160624,0
71.5879265091863,19.3136770092578,0.637866793140408,0
71.6207349081365,19.1579641360873,0.629150917120194,0
71.6535433070866,19.0022512629168,0.620435041099978,0
71.6863517060367,18.8465383897463,0.611608453757077,0
71.7191601049869,18.6908255165759,0.601647955570374,0
71.751968503937,18.6397333608246,0.591687457383667,0
71.7847769028871,18.6397333608246,0.581726959196964,0
71.8175853018373,18.6397333608246,0.571766461010257,0
71.8503937007874,18.6397333608246,0.561805962823553,0
71.8832020997375,18.6397333608246,0.551845464636847,0
71.9160104986877,18.6397333608246,0.54188496645014,0
71.9488188976378,18.6397333608246,0.531924468263436,0
71.9816272965879,18.6397333608246,0.52196397007673,0
72.0144356955381,18.6397333608246,0.512003471890026,0
72.0472440944882,18.6397333608246,0.507228654870188,0
72.0800524934383,18.6397333608246,0.515938369394529,0
72.1128608923884,18.6397333608246,0.524648083918872,0
72.1456692913386,18.6397333608246,0.533357798443212,0
72.1784776902887,18.6397333608246,0.542067512967555,0
72.2112860892388,18.6397333608246,0.550777227491899,0
72.244094488189,18.6397333608246,0.559486942016239,0
72.2769028871391,18.6397333608246,0.568196656540582,0
72.3097112860892,18.6397333608246,0.576906371064922,0
72.3425196850394,18.6397333608246,0.585616085589265,0
72.3753280839895,18.6397333608246,0.594325800113606,0
72.4081364829396,18.6397333608246,0.606713293017545,0
72.4409448818898,18.6397333608246,0.623305908000882,0
72.4737532808399,18.6397333608246,0.639898522984224,0
72.50656167979,18.6397333608246,0.656491137967566,0
72.5393700787401,18.6397333608246,0.673083752950903,0
72.5721784776903,18.7048813791283,0.689676367934245,0
72.6049868766404,19.3920226505933,0.706268982917581,0
72.6377952755905,20.0791639220586,0.722861597900924,0
72.6706036745407,20.7663051935238,0.740643124480401,0
72.7034120734908,21.4534464649888,0.760555318716859,0
72.7362204724409,22.1405877364541,0.780467512953317,0
72.7690288713911,22.8277290079191,0.800379707189767,0
72.8018372703412,23.5783405705826,0.820291901426225,0
72.8346456692913,24.3618403786056,0.840204095662675,0
72.8674540682415,25.1453401866288,0.864853524597709,0
72.9002624671916,25.9288399946517,0.889738926217929,0
72.9330708661417,26.3688027606576,0.903433438044375,0
72.9658792650919,25.9779900573732,0.883510681243583,0
72.998687664042,25.5871773540889,0.863587924442784,0
73.0314960629921,25.1963646508044,0.843665167641985,0
73.0643044619422,24.8055519475201,0.823742410841192,0
73.0971128608924,24.4147392442356,0.803819654040393,0
73.1299212598425,24.0239265409513,0.793147067944199,0
73.1627296587926,23.6331138376669,0.784182267490684,0
73.1955380577428,23.2423011343826,0.775217467037172,0
73.2283464566929,22.8514884310981,0.766252666583658,0
73.261154855643,22.4606757278137,0.757287866130146,0
73.2939632545932,22.0698630245294,0.748323065676631,0
73.3267716535433,21.8171268077437,0.739358265223116,0
73.3595800524934,21.6389069603304,0.730393464769604,0
73.3923884514436,21.4606871129171,0.72142866431609,0
73.4251968503937,21.2824672655038,0.712463863862578,0
73.4580052493438,21.1042474180905,0.703499063409063,0
73.490813648294,20.9260275706771,0.694534262955552,0
73.5236220472441,20.7478077232638,0.685569462502037,0
73.5564304461942,20.5695878758505,0.676933625006269,0
73.5892388451444,20.3913680284372,0.668965226456907,0
73.6220472440945,20.2131481810239,0.660996827907543,0
73.6548556430446,20.0349283336106,0.653028429358181,0
73.6876640419948,19.8567084861972,0.645060030808816,0
73.7204724409449,19.678488638784,0.637091632259454,0
73.753280839895,19.5002687913706,0.629123233710089,0
73.7860892388451,19.3220489439573,0.621154835160728,0
73.8188976377953,19.143829096544,0.613186436611363,0
73.8517060367454,18.9656092491306,0.605218038061998,0
73.8845144356955,18.7873894017174,0.597249639512636,0
73.9173228346457,18.6783266444109,0.589281240963272,0
73.9501312335958,18.9033669746221,0.58131284241391,0
73.9829396325459,19.1284073048335,0.573344443864545,0
74.015748031496,19.3534476350447,0.5800036975586,0
74.0485564304462,19.5784879652561,0.589958034249433,0
74.0813648293963,19.8035282954674,0.599912370940263,0
74.1141732283464,20.0285686256787,0.609866707631096,0
74.1469816272966,20.2536089558901,0.619821044321929,0
74.1797900262467,20.4786492861013,0.629775381012759,0
74.2125984251968,20.7036896163127,0.639729717703592,0
74.245406824147,20.9287299465239,0.649684054394422,0
74.2782152230971,21.1537702767353,0.659638391085255,0
74.3110236220472,21.3788106069466,0.669592727776085,0
74.3438320209974,21.6038509371579,0.679555284152244,0
74.3766404199475,21.8288912673692,0.691169997278757,0
74.4094488188976,22.0539315975805,0.702784710405266,0
74.4422572178478,22.2789719277919,0.714399423531779,0
74.4750656167979,22.5040122580031,0.726014136658288,0
74.507874015748,22.7001295188086,0.7376288497848,0
74.5406824146982,22.8160016087294,0.749243562911309,0
74.5734908136483,22.9318736986503,0.760858276037822,0
74.6062992125984,23.0477457885711,0.772472989164331,0
74.6391076115486,23.1636178784919,0.788547485415388,0
74.6719160104987,23.2794899684127,0.805136579543961,0
74.7047244094488,23.3953620583335,0.821725673672528,0
74.737532808399,23.5112341482543,0.838314767801101,0
74.7703412073491,23.6271062381751,0.832534466278901,0
74.8031496062992,23.742978328096,0.822567630553584,0
74.8359580052493,23.8588504180168,0.81260079482827,0
74.8687664041995,23.9747225079376,0.802633959102952,0
74.9015748031496,24.0905945978584,0.792667123377638,0
74.9343832020997,24.2064666877792,0.78270028765232,0
74.9671916010499,24.3223387777,0.773948164516013,0
75,24.4382108676208,0.778213428598387,0
75.0328083989501,24.4669269028502,0.782478692680762,0
75.0656167979002,24.2419987282981,0.786743956763136,0
75.0984251968504,24.017070553746,0.791009220845512,0
75.1312335958005,23.7921423791938,0.795274484927885,0
75.1640419947506,23.5672142046417,0.799539749010261,0
75.1968503937008,23.3422860300896,0.803805013092636,0
75.2296587926509,23.1173578555375,0.80807027717501,0
75.262467191601,22.8924296809853,0.812335541257385,0
75.2952755905512,22.6675015064333,0.816600805339759,0
75.3280839895013,22.4425733318811,0.820866069422134,0
75.3608923884514,22.217645157329,0.825131333504508,0
75.3937007874016,21.9927169827769,0.829396597586883,0
75.4265091863517,21.7677888082247,0.833661861669257,0
75.4593175853018,21.5668104923955,0.837927125751633,0
75.492125984252,21.4941360522569,0.842192389834008,0
75.5249343832021,21.4214616121184,0.846457653916382,0
75.5577427821522,21.3487871719798,0.850722917998757,0
75.5905511811024,21.2761127318413,0.853455301433814,0
75.6233595800525,21.2034382917028,0.848472411699373,0
75.6561679790026,21.1307638515642,0.843489521964934,0
75.6889763779528,21.0580894114257,0.838506632230493,0
75.7217847769029,20.9854149712871,0.833523742496054,0
75.754593175853,20.9127405311486,0.828540852761613,0
75.7874015748031,20.84006609101,0.823557963027172,0
75.8202099737533,20.7673916508715,0.818575073292733,0
75.8530183727034,20.694717210733,0.813592183558292,0
75.8858267716535,20.6220427705944,0.808609293823853,0
75.9186351706037,20.5493683304559,0.803626404089412,0
75.9514435695538,20.4766938903173,0.798644825089031,0
75.9842519685039,20.4040194501788,0.793665632252114,0
76.0170603674541,20.3313450100402,0.788686439415196,0
76.0498687664042,20.2586705699017,0.78370724657828,0
76.0826771653543,20.1859961297632,0.778728053741362,0
76.1154855643044,20.1133216896246,0.773748860904446,0
76.1482939632546,20.0406472494861,0.768769668067528,0
76.1811023622047,19.9679728093476,0.763790475230612,0
76.2139107611548,19.895298369209,0.758811282393694,0
76.246719160105,19.8226239290704,0.753832089556778,0
76.2795275590551,19.7486704952946,0.748852896719861,0
76.3123359580052,19.6736944371105,0.743873703882943,0
76.3451443569554,19.5987183789265,0.738894511046027,0
76.3779527559055,19.5237423207425,0.733915318209109,0
76.4107611548556,19.4487662625585,0.72056146572913,0
76.4435695538058,19.3737902043744,0.705618958021665,0
76.4763779527559,19.2988141461904,0.694448263804174,0
76.509186351706,19.2238380880064,0.706887443759504,0
76.5419947506562,19.1488620298223,0.719326623714829,0
76.5748031496063,19.0738859716383,0.731765803670159,0
76.6076115485564,18.9989099134543,0.744204983625489,0
76.6404199475066,18.9239338552703,0.756644163580815,0
76.6732283464567,18.8489577970862,0.767264711465423,0
76.7060367454068,18.7739817389022,0.777219928369949,0
76.7388451443569,18.6990056807182,0.787175145274478,0
76.7716535433071,18.7138687302432,0.797130362179004,0
76.8044619422572,19.067821252133,0.807085579083534,0
76.8372703412073,19.4217737740228,0.817040795988063,0
76.8700787401575,19.7757262959126,0.82699601289259,0
76.9028871391076,20.1296788178025,0.836951229797119,0
76.9356955380577,20.4836313396923,0.846906446701645,0
76.9685039370079,20.8375838615821,0.856861663606175,0
77.001312335958,21.1915363834719,0.866816880510701,0
77.0341207349081,21.5454889053618,0.892820992377268,0
77.0669291338583,21.8994414272517,0.920202680040036,0
77.0997375328084,26.5501464727229,0.947584367702813,0
77.1325459317585,27.5744170758628,0.974966055365591,0
77.1653543307087,28.4741297740713,1.00234774302836,0
77.1981627296588,29.37384247228,1.03357610610463,0
77.2309711286089,30.2735551704885,1.06842200591155,0
77.2637795275591,31.1732678686973,1.10326790571849,0
77.2965879265092,32.4612996338637,1.13811380552541,0
77.3293963254593,33.8108686811768,1.17295970533235,0
77.3622047244095,34.335852085943,1.20452652530733,0
77.3950131233596,32.9862830386304,1.20949445140893,0
77.4278215223097,31.6367139913174,1.21446237751054,0
77.4606299212598,30.623544107,1.21031764197629,0
77.49343832021,29.7238314087918,1.19289293164543,0
77.5262467191601,28.8241187105838,1.17546822131458,0
77.5590551181102,27.9244060123755,1.15804351098372,0
77.5918635170604,27.0246933141673,1.14061880065287,0
77.6246719160105,26.3283324445563,1.12304969792592,0
77.6574803149606,25.7501866384583,0.998583960422123,0
77.6902887139107,25.1720408323605,0.874118222918366,0
77.7230971128609,24.5938950262626,0.754852511265691,0
77.755905511811,24.0157492201648,0.647804442383135,0
77.7887139107611,23.4376034140668,0.540756373500541,0
77.8215223097113,22.8594576079691,0.5071160949097,0
77.8543307086614,22.5538893769241,0.523287380937107,0
77.8871391076115,22.6778882423823,0.539458666964509,0
77.9199475065617,22.8018871078405,0.555629952991917,0
77.9527559055118,22.9258859732988,0.571801239019325,0
77.9855643044619,23.049884838757,0.586222755834444,0
78.0183727034121,23.1738837042152,0.593191935795832,0
78.0511811023622,23.2978825696734,0.600161115757217,0
78.0839895013123,23.4218814351317,0.607130295718605,0
78.1167979002625,23.5458803005899,0.61409947567999,0
78.1496062992126,23.6698791660481,0.621068655641378,0
78.1824146981627,23.7938780315064,0.628037835602764,0
78.2152230971129,23.9178768969646,0.635007015564151,0
78.248031496063,24.0418757624228,0.641976195525539,0
78.2808398950131,24.165874627881,0.648945375486925,0
78.3136482939633,24.2898734933393,0.655914555448312,0
78.3464566929134,24.4138723587975,0.662883735409698,0
78.3792650918635,24.5378712242558,0.669852915371085,0
78.4120734908136,24.661870089714,0.676822095332471,0
78.4448818897638,24.7858689551722,0.701470184585418,0
78.4776902887139,24.8547318744129,0.734585850908191,0
78.510498687664,24.8609798792616,0.767701517230952,0
78.5433070866142,24.8672278841102,0.80679565978141,0
78.5761154855643,24.8734758889589,0.846053500332732,0
78.6089238845144,24.8797238938075,0.885311340884069,0
78.6417322834645,24.8859718986562,0.924569181435392,0
78.6745406824147,24.8922199035049,0.928818211609321,0
78.7073490813648,24.8984679083535,0.929811444744163,0
78.7401574803149,24.9047159132022,0.930804677879006,0
78.7729658792651,24.9109639180509,0.931797911013848,0
78.8057742782152,24.9172119228995,0.932791144148691,0
78.8385826771653,24.9234599277482,0.933784377283534,0
78.8713910761155,24.9297079325968,0.934777610418376,0
78.9041994750656,24.9359559374455,0.935770843553219,0
78.9370078740157,24.9422039422942,0.936764076688061,0
78.9698162729659,24.9484519471428,0.937757309822904,0
79.002624671916,24.9546999519915,0.938750542957747,0
79.0354330708661,24.9606621439459,0.939743776092589,0
79.0682414698163,24.8888100881862,0.940737009227432,0
79.1010498687664,24.8169580324265,0.941730242362275,0
79.1338582677165,24.7451059766668,0.943996990920487,0
79.1666666666667,24.6732539209071,0.948493457800407,0
79.1994750656168,24.6014018651474,0.952989924680328,0
79.2322834645669,24.5295498093877,0.957486391560249,0
79.2650918635171,24.457697753628,0.96198285844017,0
79.2979002624672,24.3858456978682,0.966479325320092,0
79.3307086614173,24.3139936421085,0.970975792200012,0
79.3635170603675,24.2421415863488,0.975472259079934,0
79.3963254593176,24.1702895305891,0.979968725959854,0
79.4291338582677,24.0984374748294,0.984465192839775,0
79.4619422572178,24.0265854190697,0.987636391661471,0
79.494750656168,23.95473336331,0.984668835460361,0
79.5275590551181,23.8828813075502,0.981701279259252,0
79.5603674540682,23.8110292517906,0.978733723058142,0
79.5931758530184,23.7391771960308,0.975766166857031,0
79.6259842519685,23.7094270664218,0.972798610655922,0
79.6587926509186,23.7156750712705,0.969831054454812,0
79.6916010498688,23.7219230761192,0.966863498253703,0
79.7244094488189,23.7281710809678,0.963895942052592,0
79.757217847769,23.7344190858165,0.960928385851483,0
79.7900262467192,23.7406670906652,0.957960829650373,0
79.8228346456693,23.7469150955138,0.954993273449263,0
79.8556430446194,23.7531631003625,0.952025717248153,0
79.8884514435696,23.7594111052112,0.949058161047043,0
79.9212598425197,23.7656591100598,0.946090604845934,0
79.9540682414698,23.7719071149085,0.943123048644824,0
79.9868766404199,23.7781551197572,0.940155492443714,0
80.0196850393701,23.7844031246059,0.937187936242604,0
80.0524934383202,23.7906511294545,0.934220380041495,0
80.0853018372703,23.7968991343032,0.931252823840385,0
80.1181102362205,23.8031471391519,0.928285267639274,0
80.1509186351706,23.8093951440005,0.925317711438165,0
80.1837270341207,23.8222989165948,0.922350155237055,0
80.2165354330709,23.9178933907794,0.921476943884307,0
80.249343832021,24.0134878649641,0.924015320145423,0
80.2821522309711,24.1090823391488,0.926553696406539,0
80.3149606299213,24.2046768133334,0.929092072667655,0
80.3477690288714,24.3002712875181,0.93163044892877,0
80.3805774278215,24.3958657617027,0.934168825189886,0
80.4133858267716,24.4914602358874,0.936707201451002,0
80.4461942257218,24.5870547100721,0.939245577712117,0
80.4790026246719,24.6826491842567,0.941783953973233,0
80.511811023622,24.7782436584414,0.944322330234348,0
80.5446194225722,24.8738381326261,0.946860706495464,0
80.5774278215223,24.9694326068107,0.943097207603581,0
80.6102362204724,25.0650270809954,0.936751718673361,0
80.6430446194226,25.1606215551801,0.930406229743142,0
80.6758530183727,25.2425526767766,0.924060740812925,0
80.7086614173228,25.3119055305968,0.917715251882706,0
80.741469816273,25.3812583844171,0.911369762952489,0
80.7742782152231,25.4506112382373,0.90502427402227,0
80.8070866141732,25.5199640920575,0.898678785092053,0
80.8398950131234,25.5893169458778,0.892333296161833,0
80.8727034120735,25.658669799698,0.885987807231616,0
80.9055118110236,25.7280226535182,0.879642318301397,0
80.9383202099738,25.7973755073385,0.873296829371178,0
80.9711286089239,25.8667283611587,0.866951340440961,0
81.003937007874,25.936081214979,0.860605851510742,0
81.0367454068241,26.0054340687992,0.854260362580525,0
81.0695538057743,26.0747869226194,0.847914873650305,0
81.1023622047244,26.1441397764397,0.841569384720088,0
81.1351706036745,26.2134926302599,0.835223895789869,0
81.1679790026247,25.9892567686097,0.828878406859652,0
81.2007874015748,25.7549565867847,0.822532917929433,0
81.2335958005249,25.5206564049595,0.816187428999213,0
81.2664041994751,25.2863562231345,0.809841940068996,0
81.2992125984252,25.0520560413093,0.803209175284406,0
81.3320209973753,24.8177558594842,0.795006826290036,0
81.3648293963254,24.5834556776591,0.786804477295662,0
81.3976377952756,24.3491554958339,0.778602128301292,0
81.4304461942257,24.1148553140089,0.770399779306919,0
81.4632545931758,23.8805551321837,0.762197430312545,0
81.496062992126,23.6462549503586,0.753995081318175,0
81.5288713910761,23.4119547685335,0.745792732323801,0
81.5616797900262,23.1776545867084,0.737590383329431,0
81.5944881889764,22.9433544048833,0.729388034335058,0
81.6272965879265,22.7090542230582,0.721185685340687,0
81.6601049868766,22.474754041233,0.712983336346314,0
81.6929133858268,22.2404538594079,0.704780987351943,0
81.7257217847769,22.0910136728202,0.6965010940835,0
81.758530183727,22.0256654182274,0.688200092118782,0
81.7913385826772,21.9603171636345,0.679899090154067,0
81.8241469816273,21.8949689090417,0.671598088189349,0
81.8569553805774,21.8296206544489,0.663297086224634,0
81.8897637795276,21.7642723998561,0.654996084259916,0
81.9225721784777,21.6989241452632,0.646695082295201,0
81.9553805774278,21.6335758906704,0.638394080330483,0
81.988188976378,21.5682276360776,0.630174747484021,0
82.0209973753281,21.5028793814847,0.62335331091847,0
82.0538057742782,21.4375311268919,0.616531874352919,0
82.0866141732283,21.3721828722991,0.60971043778737,0
82.1194225721785,21.3068346177063,0.602889001221819,0
82.1522309711286,21.2414863631134,0.59606756465627,0
82.1850393700787,21.1761381085206,0.589246128090718,0
82.2178477690289,21.1107898539278,0.582424691525169,0
82.250656167979,21.045441599335,0.575603254959618,0
82.2834645669291,20.9800933447421,0.57407948073288,0
82.3162729658793,20.9549828649321,0.583590440477268,0
82.3490813648294,20.990034624341,0.59310140022166,0
82.3818897637795,21.0250863837498,0.602612359966048,0
82.4146981627296,21.0601381431587,0.61212331971044,0
82.4475065616798,21.0951899025676,0.621634279454828,0
82.4803149606299,21.1302416619764,0.63114523919922,0
82.51312335958,21.1652934213853,0.640656198943608,0
82.5459317585302,21.2003451807941,0.650167158687999,0
82.5787401574803,21.235396940203,0.659678118432391,0
82.6115485564304,21.2704486996118,0.666026743299199,0
82.6443569553806,21.3055004590207,0.670631409395054,0
82.6771653543307,21.3405522184296,0.675236075490908,0
82.7099737532808,21.3756039778384,0.679840741586763,0
82.742782152231,21.4106557372473,0.684445407682617,0
82.7755905511811,21.4457074966561,0.689050073778472,0
82.8083989501312,21.480759256065,0.693654739874325,0
82.8412073490814,21.5158110154739,0.698259405970181,0
82.8740157480315,21.5508627748827,0.702864072066036,0
82.9068241469816,21.5859145342916,0.70746873816189,0
82.9396325459318,21.6209662937004,0.712073404257745,0
82.9724409448819,21.6410783976987,0.716678070353599,0
83.005249343832,21.653574407396,0.721282736449454,0
83.0380577427822,21.6660704170934,0.725887402545307,0
83.0708661417323,21.6785664267907,0.730492068641163,0
83.1036745406824,21.6910624364881,0.735096734737018,0
83.1364829396325,21.7035584461854,0.740734669374056,0
83.1692913385827,21.7160544558828,0.753175022947652,0
83.2020997375328,21.7285504655801,0.765615376521244,0
83.2349081364829,21.7410464752775,0.778055730094839,0
83.2677165354331,21.7535424849748,0.790496083668431,0
83.3005249343832,21.7660384946722,0.802936437242027,0
83.3333333333333,21.7785345043695,0.815376790815618,0
83.3661417322835,21.7910305140669,0.827817144389214,0
83.3989501312336,21.8035265237642,0.84025749796281,0
83.4317585301837,21.8160225334616,0.850461478288995,0
83.4645669291339,21.828518543159,0.857325317228895,0
83.497375328084,21.8410145528563,0.864189156168793,0
83.5301837270341,21.8498037327211,0.871052995108693,0
83.5629921259842,21.8435557278725,0.877916834048591,0
83.5958005249344,21.8373077230238,0.884780672988491,0
83.6286089238845,21.8310597181751,0.891644511928388,0
83.6614173228346,21.8248117133265,0.898508350868289,0
83.6942257217848,21.8185637084778,0.905372189808189,0
83.7270341207349,21.8123157036292,0.912236028748087,0
83.759842519685,21.8060676987805,0.919099867687987,0
83.7926509186352,21.7998196939318,0.925963706627885,0
83.8254593175853,21.7935716890832,0.932827545567785,0
83.8582677165354,21.7873236842345,0.939691384507682,0
83.8910761154856,21.7810756793858,0.946555223447583,0
83.9238845144357,21.7748276745372,0.952747696881321,0
83.9566929133858,21.7685796696885,0.958821365236364,0
83.989501312336,21.7623316648399,0.964895033591409,0
84.0223097112861,21.7560836599912,0.970968701946452,0
84.0551181102362,21.7498356551425,0.977042370301498,0
84.0879265091863,21.7435876502939,0.983116038656541,0
84.1207349081365,21.7350491959429,0.989189707011586,0
84.1535433070866,21.7256771886699,0.995263375366629,0
84.1863517060367,21.7163051813969,1.00133704372167,0
84.2191601049869,21.7069331741238,0.992708623074654,0
84.251968503937,21.6975611668508,0.983993627268139,0
84.2847769028871,21.6881891595778,0.975278631461622,0
84.3175853018373,21.6788171523048,0.966563635655107,0
84.3503937007874,21.6694451450318,0.957848639848589,0
84.3832020997375,21.6600731377588,0.949133644042074,0
84.4160104986877,21.6507011304858,0.940418648235557,0
84.4488188976378,21.6413291232128,0.931703652429042,0
84.4816272965879,21.6319571159398,0.922988656622524,0
84.5144356955381,21.6225851086668,0.914273660816006,0
84.5472440944882,21.6132131013938,0.90531800461299,0
84.5800524934383,21.6038410941208,0.895287534167239,0
84.6128608923884,21.5944690868478,0.885257063721492,0
84.6456692913386,21.5850970795748,0.875226593275741,0
84.6784776902887,21.5782423471266,0.865196122829995,0
84.7112860892388,21.5782423471266,0.855165652384244,0
84.744094488189,21.5782423471266,0.845135181938493,0
84.7769028871391,21.5782423471266,0.835104711492746,0
84.8097112860892,21.5782423471266,0.826455925677677,0
84.8425196850394,21.5782423471266,0.834960225376027,0
84.8753280839895,21.5782423471266,0.84346452507438,0
84.9081364829396,21.5782423471266,0.85196882477273,0
84.9409448818898,21.5782423471266,0.860473124471083,0
84.9737532808399,21.5782423471266,0.868977424169432,0
85.00656167979,21.5782423471266,0.877481723867785,0
85.0393700787401,21.5782423471266,0.885986023566138,0
85.0721784776903,21.5782423471266,0.894490323264488,0
85.1049868766404,21.5782423471266,0.902994622962841,0
85.1377952755905,21.5782423471266,0.911498922661191,0
85.1706036745407,21.5782423471266,0.920003222359544,0
85.2034120734908,21.5782423471266,0.928507522057894,0
85.2362204724409,21.5782423471266,0.937011821756247,0
85.2690288713911,21.6837352649441,0.945516121454597,0
85.3018372703412,21.8149433667662,0.954020421152949,0
85.3346456692913,21.9461514685883,0.959694667457746,0
85.3674540682415,22.0773595704103,0.953721692870784,0
85.4002624671916,22.2085676722324,0.94774871828382,0
85.4330708661417,22.3397757740544,0.941775743696858,0
85.4658792650919,22.4709838758765,0.935802769109894,0
85.498687664042,22.6021919776986,0.929829794522933,0
85.5314960629921,22.7334000795207,0.923856819935969,0
85.5643044619423,22.8646081813428,0.917883845349005,0
85.5971128608924,22.9958162831648,0.911910870762043,0
85.6299212598425,23.1270243849869,0.905937896175079,0
85.6627296587926,23.2582324868089,0.899964921588117,0
85.6955380577428,23.389440588631,0.893991947001153,0
85.7283464566929,23.5206486904531,0.888018972414191,0
85.761154855643,23.6518567922752,0.882045997827227,0
85.7939632545932,23.7830648940973,0.876073023240265,0
85.8267716535433,23.9142729959193,0.870100048653301,0
85.8595800524934,24.0454810977414,0.864127074066337,0
85.8923884514436,24.1766891995634,0.979689321130767,0
85.9251968503937,24.3078973013855,1.03526682215163,0
85.9580052493438,24.4391054032076,1.04438912217586,0
85.990813648294,24.5703135050296,1.05351142220008,0
86.0236220472441,24.7015216068517,1.06263372222431,0
86.0564304461942,24.8327297086738,1.07175602224853,0
86.0892388451444,24.9639378104959,1.08087832227276,0
86.1220472440945,25.0951459123179,1.09000062229699,0
86.1548556430446,25.22635401414,1.09912292232121,0
86.1876640419947,25.357562115962,1.10819145784515,0
86.2204724409449,25.3451888943203,1.09929727567904,0
86.253280839895,25.2702128361362,1.09040309351293,0
86.2860892388451,25.1952367779522,1.08150891134681,0
86.3188976377953,25.1202607197681,1.0726147291807,0
86.3517060367454,25.0452846615841,1.06372054701459,0
86.3845144356955,24.9703086034,1.05482636484848,0
86.4173228346457,24.895332545216,1.04593218268237,0
86.4501312335958,24.820356487032,1.03703800051625,0
86.4829396325459,24.7453804288479,1.02814381835015,0
86.5157480314961,24.6704043706639,1.01924963618403,0
86.5485564304462,24.5954283124799,1.01035545401792,0
86.5813648293963,24.5204522542958,1.00146127185181,0
86.6141732283465,24.4454761961118,0.992219731092373,0
86.6469816272966,24.3705001379277,0.982880113641655,0
86.6797900262467,24.2955240797437,0.973540496190937,0
86.7125984251968,24.2205480215596,0.964200878740222,0
86.745406824147,24.1455719633756,0.954861261289503,0
86.7782152230971,24.0640788548569,0.945521643838788,0
86.8110236220472,23.9609867748538,0.93618202638807,0
86.8438320209974,23.8578946948508,0.926842408937355,0
86.8766404199475,23.7548026148477,0.917502791486637,0
86.9094488188976,23.6517105348447,0.908163174035922,0
86.9422572178478,23.5486184548417,0.898823556585204,0
86.9750656167979,23.4455263748386,0.889483939134485,0
87.007874015748,23.3424342948356,0.880144321683771,0
87.0406824146982,23.2393422148325,0.870804704233052,0
87.0734908136483,23.1362501348295,0.873369655607347,0
87.1062992125984,23.0331580548264,0.87871822571011,0
87.1391076115486,22.9300659748233,0.884066795812871,0
87.1719160104987,22.8269738948203,0.889415365915633,0
87.2047244094488,22.7238818148173,0.894763936018396,0
87.2375328083989,22.6207897348142,0.900112506121156,0
87.2703412073491,22.5176976548112,0.905461076223919,0
87.3031496062992,22.4146055748081,0.910809646326679,0
87.3359580052493,22.3115134948051,0.916158216429442,0
87.3687664041995,22.286076478787,0.921506786532203,0
87.4015748031496,22.2842020773324,0.926855356634965,0
87.4343832020997,22.2823276758778,0.932203926737726,0
87.4671916010499,22.2804532744232,0.937552496840488,0
87.5,22.2785788729686,0.942901066943251,0
87.5328083989501,22.276704471514,0.948249637046011,0
87.5656167979003,22.2748300700594,0.953598207148774,0
87.5984251968504,22.2729556686048,0.958946777251534,0
87.6312335958005,22.2710812671501,0.964295347354297,0
87.6640419947506,22.2692068656955,0.969643917457057,0
87.6968503937008,22.2673324642409,0.976694792420596,0
87.7296587926509,22.2654580627863,0.992291285897755,0
87.762467191601,22.2635836613317,1.00788777937492,0
87.7952755905512,22.2617092598771,1.02348427285208,0
87.8280839895013,22.3778282359644,1.03908076632924,0
87.8608923884514,22.9289022636172,1.05467725980641,0
87.8937007874016,23.4799762912698,1.11509610249308,0
87.9265091863517,24.0310503189227,1.18482952260172,0
87.9593175853018,24.5821243465755,1.32681171708722,0
87.992125984252,25.1331983742281,1.84020066106951,0
88.0249343832021,25.6842724018809,1.82923946291455,0
88.0577427821522,26.2353464295335,1.66494933693776,0
88.0905511811024,31.5363689029603,1.55026617187013,0
88.1233595800525,35.1576418464145,2.03904240057863,0
88.1561679790026,36.6196749810032,2.51608909807672,0
88.1889763779527,38.0817081155913,2.8010187318948,0
88.2217847769029,39.54374125018,2.75621233390116,0
88.254593175853,42.169295441206,2.71140593590753,0
88.2874015748031,53.7530964306436,2.3655688216865,0
88.3202099737533,54.136021086056,2.47790799316263,0
88.3530183727034,50.3452164211912,2.60467618321692,0
88.3858267716535,52.8194263412614,2.73144437327126,0
88.4186351706037,45.2259338255305,2.85821256332555,0
88.4514435695538,43.7536766830071,2.95463884690187,0
88.4842519685039,42.2814195404843,2.96459230337901,0
88.5170603674541,40.809162397961,2.97454575985615,0
88.5498687664042,39.3369052554377,2.82922390814076,0
88.5826771653543,37.8646481129148,2.56037847846906,0
88.6154855643045,36.3923909703915,2.29153304879736,0
88.6482939632546,34.9201338278687,2.29059136668385,0
88.6811023622047,33.6356399493148,2.33539776467749,0
88.7139107611548,33.4924537872899,2.35835320501618,0
88.746719160105,29.2325850351424,2.25877991084219,0
88.7795275590551,28.6777622045805,2.15920661666824,0
88.8123359580052,28.1229393740189,2.04623490521305,0
88.8451443569554,27.568116543457,1.91679067904333,0
88.8779527559055,27.0132937128953,1.78734645287364,0
88.9107611548556,26.4584708823334,1.39058691682724,0
88.9435695538058,25.9036480517718,1.05189108026413,0
88.9763779527559,25.3488252212099,0.946412939392908,0
89.009186351706,24.7940023906482,0.931477473395026,0
89.0419947506562,24.5318180066348,0.916542007397138,0
89.0748031496063,24.3300642500668,0.901606541399256,0
89.1076115485564,24.1283104934989,0.886671075401369,0
89.1404199475066,23.9265567369308,0.871735609403482,0
89.1732283464567,23.7248029803629,0.863139987167245,0
89.2060367454068,23.5230492237949,0.858151816150626,0
89.2388451443569,23.3212954672269,0.853163645134009,0
89.2716535433071,23.1195417106589,0.84817547411739,0
89.3044619422572,22.917787954091,0.843187303100773,0
89.3372703412073,22.716034197523,0.838199132084154,0
89.3700787401575,22.514280440955,0.833210961067537,0
89.4028871391076,22.312526684387,0.828222790050919,0
89.4356955380577,22.110772927819,0.8232346190343,0
89.4685039370079,21.909019171251,0.818246448017683,0
89.501312335958,21.707265414683,0.813258277001064,0
89.5341207349081,21.5055116581151,0.812391050191828,0
89.5669291338583,21.4335510691675,0.812391050191828,0
89.5997375328084,21.3901509946475,0.812391050191828,0
89.6325459317585,21.3467509201275,0.812391050191828,0
89.6653543307087,21.3033508456074,0.812391050191828,0
89.6981627296588,21.2599507710874,0.812391050191828,0
89.7309711286089,21.2165506965674,0.812391050191828,0
89.763779527559,21.1731506220474,0.812391050191828,0
89.7965879265092,21.1297505475274,0.812391050191828,0
89.8293963254593,21.0863504730074,0.812391050191828,0
89.8622047244094,21.0429503984874,0.812391050191828,0
89.8950131233596,20.9995503239674,0.812391050191828,0
89.9278215223097,20.9561502494474,0.812391050191828,0
89.9606299212598,20.9556625534214,0.812391050191828,0
89.99343832021,20.9783405808047,0.812391050191828,0
90.0262467191601,21.0010186081881,0.812391050191828,0
90.0590551181102,21.0236966355714,0.812391050191828,0
90.0918635170604,21.0463746629547,0.812391050191828,0
90.1246719160105,21.069052690338,0.812391050191828,0
90.1574803149606,21.0917307177214,0.812391050191828,0
90.1902887139108,21.1144087451047,0.812391050191828,0
90.2230971128609,21.137086772488,0.812391050191828,0
90.255905511811,21.1597647998714,0.812391050191828,0
90.2887139107611,21.1824428272547,0.812391050191828,0
90.3215223097113,21.205120854638,0.812391050191828,0
90.3543307086614,21.2277988820213,0.812391050191828,0
90.3871391076115,21.2504769094047,0.812391050191828,0
90.4199475065617,21.273154936788,0.812391050191828,0
90.4527559055118,21.2958329641713,0.812391050191828,0
90.4855643044619,21.3185109915546,0.812391050191828,0
90.5183727034121,21.341189018938,0.812391050191828,0
90.5511811023622,21.3600047506952,0.812391050191828,0
