Depth (ft),Cone resistance (tsf),Sleeve friction (tsf),Pore pressure u2 (psi)
0,2.36530477440886,0.0516191556128023,0
0.0328083989501312,2.36530477440886,0.0516191556128023,0
0.0656167979002625,2.36530477440886,0.0516191556128023,0
0.0984251968503937,2.36530477440886,0.0516191556128023,0
0.131233595800525,2.36530477440886,0.0516191556128023,0
0.164041994750656,2.36530477440886,0.0516191556128023,0
0.196850393700787,2.36530477440886,0.0516191556128023,0
0.229658792650919,2.36530477440886,0.0516191556128023,0
0.26246719160105,2.36530477440886,0.0516191556128023,0
0.295275590551181,2.36530477440886,0.0516191556128023,0
0.328083989501312,2.36530477440886,0.0516191556128023,0
0.360892388451444,2.36530477440886,0.0516191556128023,0
0.393700787401575,2.36530477440886,0.0516191556128023,0
0.426509186351706,2.36530477440886,0.0516191556128023,0
0.459317585301837,2.36530477440886,0.0516191556128023,0
0.492125984251968,2.36530477440886,0.0516191556128023,0
0.5249343832021,2.36530477440886,0.0516191556128023,0
0.557742782152231,2.36530477440886,0.0516191556128023,0
0.590551181102362,2.36530477440886,0.0516191556128023,0
0.623359580052493,2.36530477440886,0.0516191556128023,0
0.656167979002625,2.36530477440886,0.0516191556128023,0
0.688976377952756,2.36530477440886,0.0516191556128023,0
0.721784776902887,2.36530477440886,0.0516191556128023,0
0.754593175853018,2.36530477440886,0.0516191556128023,0
0.78740157480315,2.36530477440886,0.0516191556128023,0
0.820209973753281,2.36530477440886,0.0516191556128023,0
0.853018372703412,2.36530477440886,0.0516191556128023,0
0.885826771653543,2.36530477440886,0.0516191556128023,0
0.918635170603675,2.36530477440886,0.0516191556128023,0
0.951443569553806,2.36530477440886,0.0516191556128023,0
0.984251968503937,2.36530477440886,0.0516191556128023,0
1.01706036745407,2.36530477440886,0.0516191556128023,0
1.0498687664042,2.36530477440886,0.0516191556128023,0
1.08267716535433,2.36530477440886,0.0516191556128023,0
1.11548556430446,2.36530477440886,0.0516191556128023,0
1.14829396325459,2.36530477440886,0.0516191556128023,0
1.18110236220472,2.36530477440886,0.0516191556128023,0
1.21391076115486,2.36530477440886,0.0516191556128023,0
1.24671916010499,2.36530477440886,0.0516191556128023,0
1.27952755905512,2.36530477440886,0.0516191556128023,0
1.31233595800525,2.36530477440886,0.0516191556128023,0
1.34514435695538,2.36530477440886,0.0516191556128023,0
1.37795275590551,2.36530477440886,0.0516191556128023,0
1.41076115485564,2.36530477440886,0.0516191556128023,0
1.44356955380577,2.36530477440886,0.0516191556128023,0
1.47637795275591,2.36530477440886,0.0516191556128023,0
1.50918635170604,2.36530477440886,0.0516191556128023,0
1.54199475065617,2.36530477440886,0.0516191556128023,0
1.5748031496063,2.36530477440886,0.0516191556128023,0
1.60761154855643,2.36530477440886,0.0516191556128023,0
1.64041994750656,2.36530477440886,0.0516191556128023,0
1.67322834645669,2.36530477440886,0.0516191556128023,0
1.70603674540682,2.36530477440886,0.0516191556128023,0
1.73884514435696,2.36530477440886,0.0516191556128023,0
1.77165354330709,2.36530477440886,0.0516191556128023,0
1.80446194225722,2.36530477440886,0.0516191556128023,0
1.83727034120735,2.36530477440886,0.0516191556128023,0
1.87007874015748,2.36530477440886,0.0516191556128023,0
1.90288713910761,2.36530477440886,0.0516191556128023,0
1.93569553805774,2.36530477440886,0.0516191556128023,0
1.96850393700787,2.36530477440886,0.0516191556128023,0
2.001312335958,2.36530477440886,0.0516191556128023,0
2.03412073490814,2.36530477440886,0.0516191556128023,0
2.06692913385827,2.36530477440886,0.0516191556128023,0
2.0997375328084,2.36530477440886,0.0516191556128023,0
2.13254593175853,2.36530477440886,0.0516191556128023,0
2.16535433070866,2.36530477440886,0.0516191556128023,0
2.19816272965879,2.36530477440886,0.0516191556128023,0
2.23097112860892,2.36530477440886,0.0516191556128023,0
2.26377952755906,2.36530477440886,0.0516191556128023,0
2.29658792650919,2.36530477440886,0.0516191556128023,0
2.32939632545932,2.36530477440886,0.0516191556128023,0
2.36220472440945,2.36530477440886,0.0516191556128023,0
2.39501312335958,2.36530477440886,0.0516191556128023,0
2.42782152230971,2.36530477440886,0.0516191556128023,0
2.46062992125984,2.36530477440886,0.0516191556128023,0
2.49343832020997,2.36530477440886,0.0516191556128023,0
2.5262467191601,2.36530477440886,0.0516191556128023,0
2.55905511811024,2.36530477440886,0.0516191556128023,0
2.59186351706037,2.36530477440886,0.0516191556128023,0
2.6246719160105,2.36530477440886,0.0516191556128023,0
2.65748031496063,2.36530477440886,0.0516191556128023,0
2.69028871391076,2.36530477440886,0.0516191556128023,0
2.72309711286089,2.36530477440886,0.0516191556128023,0
2.75590551181102,2.36530477440886,0.0516191556128023,0
2.78871391076115,2.36530477440886,0.0516191556128023,0
2.82152230971129,2.36530477440886,0.0516191556128023,0
2.85433070866142,2.36530477440886,0.0516191556128023,0
2.88713910761155,2.36530477440886,0.0516191556128023,0
2.91994750656168,2.36530477440886,0.0516191556128023,0
2.95275590551181,2.36530477440886,0.0516191556128023,0
2.98556430446194,2.36530477440886,0.0516191556128023,0
3.01837270341207,2.36530477440886,0.0516191556128023,0
3.0511811023622,2.36530477440886,0.0516191556128023,0
3.08398950131234,2.36530477440886,0.0516191556128023,0
3.11679790026247,2.36530477440886,0.0516191556128023,0
3.1496062992126,2.36530477440886,0.0516191556128023,0
3.18241469816273,2.36530477440886,0.0516191556128023,0
3.21522309711286,2.36530477440886,0.0516191556128023,0
3.24803149606299,2.36530477440886,0.0516191556128023,0
3.28083989501312,2.36530477440886,0.0516191556128023,0
3.31364829396325,2.36530477440886,0.0516191556128023,0
3.34645669291339,2.36530477440886,0.0516191556128023,0
3.37926509186352,2.36530477440886,0.0516191556128023,0
3.41207349081365,2.36530477440886,0.0516191556128023,0
3.44488188976378,2.36530477440886,0.0516191556128023,0
3.47769028871391,2.36530477440886,0.0516191556128023,0
3.51049868766404,2.36530477440886,0.0516191556128023,0
3.54330708661417,2.36530477440886,0.0516191556128023,0
3.5761154855643,2.36530477440886,0.0516191556128023,0
3.60892388451444,2.36530477440886,0.0516191556128023,0
3.64173228346457,2.36530477440886,0.0516191556128023,0
3.6745406824147,2.36530477440886,0.0516191556128023,0
3.70734908136483,2.36530477440886,0.0516191556128023,0
3.74015748031496,2.36530477440886,0.0516191556128023,0
3.77296587926509,2.36530477440886,0.0516191556128023,0
3.80577427821522,2.36530477440886,0.0516191556128023,0
3.83858267716535,2.36530477440886,0.0516191556128023,0
3.87139107611549,2.36530477440886,0.0516191556128023,0
3.90419947506562,2.36530477440886,0.0516191556128023,0
3.93700787401575,2.36530477440886,0.0516191556128023,0
3.96981627296588,2.36530477440886,0.0516191556128023,0
4.00262467191601,2.36530477440886,0.0516191556128023,0
4.03543307086614,2.36530477440886,0.0516191556128023,0
4.06824146981627,2.36530477440886,0.0516191556128023,0
4.1010498687664,2.36530477440886,0.0516191556128023,0
4.13385826771654,2.36530477440886,0.0516191556128023,0
4.16666666666667,2.36530477440886,0.0516191556128023,0
4.1994750656168,2.36530477440886,0.0516191556128023,0
4.23228346456693,2.36530477440886,0.0516191556128023,0
4.26509186351706,2.36530477440886,0.0516191556128023,0
4.29790026246719,2.36530477440886,0.0516191556128023,0
4.33070866141732,2.36530477440886,0.0516191556128023,0
4.36351706036745,2.36530477440886,0.0516191556128023,0
4.39632545931758,2.36530477440886,0.0516191556128023,0
4.42913385826772,2.36530477440886,0.0516191556128023,0
4.46194225721785,2.36530477440886,0.0516191556128023,0
4.49475065616798,2.36530477440886,0.0516191556128023,0
4.52755905511811,2.36530477440886,0.0516191556128023,0
4.56036745406824,2.36530477440886,0.0516191556128023,0
4.59317585301837,2.36530477440886,0.0516191556128023,0
4.6259842519685,2.36530477440886,0.0516191556128023,0
4.65879265091863,2.36530477440886,0.0516191556128023,0
4.69160104986877,2.36530477440886,0.0516191556128023,0
4.7244094488189,2.36530477440886,0.0516191556128023,0
4.75721784776903,2.36530477440886,0.0516191556128023,0
4.79002624671916,2.36530477440886,0.0516191556128023,0
4.82283464566929,2.36530477440886,0.0516191556128023,0
4.85564304461942,2.36530477440886,0.0516191556128023,0
4.88845144356955,2.36530477440886,0.0516191556128023,0
4.92125984251968,2.36530477440886,0.0516191556128023,0
4.95406824146982,2.36530477440886,0.0516191556128023,0
4.98687664041995,2.36530477440886,0.0516191556128023,0
5.01968503937008,0.868927938003081,0.0624982770775327,0
5.05249343832021,1.20145612387103,0.0599372075403574,0
5.08530183727034,1.53398430973898,0.057376138003182,0
5.11811023622047,1.86651249560694,0.0548150684660067,0
5.1509186351706,2.19904068147489,0.0522539989288313,0
5.18372703412073,2.53156886734284,0.049692929391656,0
5.21653543307087,2.86409705321079,0.0471318598544806,0
5.249343832021,3.19662523907874,0.0455726200687557,0
5.28215223097113,3.52915342494669,0.0441620256219921,0
5.31496062992126,3.86168161081465,0.0427514311752285,0
5.34776902887139,4.1942097966826,0.0413408367284649,0
5.38057742782152,4.52673798255055,0.0399302422817013,0
5.41338582677165,4.85910535264964,0.0385196478349377,0
5.44619422572178,4.8198727104918,0.0371090533881741,0
5.47900262467192,4.78064006833395,0.0356984589414105,0
5.51181102362205,4.7414074261761,0.0342878644946469,0
5.54461942257218,4.70217478401826,0.0328772700478833,0
5.57742782152231,4.66294214186041,0.0314666756011197,0
5.61023622047244,4.62370949970256,0.0300560811543561,0
5.64304461942257,4.58447685754472,0.0286454867075926,0
5.6758530183727,4.54524421538687,0.0275622737448108,0
5.70866141732283,4.50601157322902,0.0276174004716486,0
5.74146981627297,4.46677893107118,0.0276725271984864,0
5.7742782152231,4.42754628891333,0.0277276539253242,0
5.80708661417323,4.38831364675548,0.0277827806521621,0
5.83989501312336,4.34908100459764,0.0278379073789999,0
5.87270341207349,4.30989278697287,0.0278930341058377,0
5.90551181102362,4.27077521691307,0.0279481608326755,0
5.93832020997375,4.23165764685327,0.0280032875595133,0
5.97112860892388,4.19254007679347,0.0280584142863511,0
6.00393700787402,4.15342250673367,0.028113541013189,0
6.03674540682415,4.11430493667387,0.0281686677400268,0
6.06955380577428,4.07518736661407,0.0282237944668646,0
6.10236220472441,4.03606979655427,0.0282789211937024,0
6.13517060367454,3.99695222649447,0.0283340479205402,0
6.16797900262467,3.95783465643467,0.028389174647378,0
6.2007874015748,3.91871708637487,0.0284443013742159,0
6.23359580052493,3.87959951631507,0.0284994281010537,0
6.26640419947507,3.84048194625527,0.0283723637004852,0
6.2992125984252,3.80136437619547,0.0281886079443599,0
6.33202099737533,3.76224680613567,0.0280048521882346,0
6.36482939632546,3.72312923607587,0.0278210964321093,0
6.39763779527559,3.68401166601607,0.027637340675984,0
6.43044619422572,3.64489409595627,0.0274535849198586,0
6.46325459317585,3.60577652589647,0.0272698291637333,0
6.49606299212598,3.56665895583667,0.027086073407608,0
6.52887139107612,3.54834542887685,0.0269023176514827,0
6.56167979002625,3.54834542887685,0.0267185618953573,0
6.59448818897638,3.54834542887685,0.026534806139232,0
6.62729658792651,3.54834542887685,0.0263510503831067,0
6.66010498687664,3.54834542887685,0.0261672946269814,0
6.69291338582677,3.54834542887685,0.0259835388708561,0
6.7257217847769,3.54834542887685,0.0257997831147307,0
6.75853018372703,3.54834542887685,0.0256160273586054,0
6.79133858267716,3.54834542887685,0.0254322716024801,0
6.8241469816273,3.54834542887685,0.0253074791252826,0
6.85695538057743,3.54834542887685,0.0253189638600403,0
6.88976377952756,3.54834542887685,0.0253304485947981,0
6.92257217847769,3.54834542887685,0.0253419333295558,0
6.95538057742782,3.54834542887685,0.0253534180643136,0
6.98818897637795,3.54834542887685,0.0253649027990713,0
7.02099737532808,3.54834542887685,0.025376387533829,0
7.05380577427821,3.54834542887685,0.0253878722685868,0
7.08661417322835,3.54834542887685,0.0253993570033445,0
7.11942257217848,3.54834542887685,0.0254108417381023,0
7.15223097112861,3.54834542887685,0.02542232647286,0
7.18503937007874,3.54834542887685,0.0254338112076177,0
7.21784776902887,3.54834542887685,0.0254452959423755,0
7.250656167979,3.54834542887685,0.0254567806771332,0
7.28346456692913,3.54834542887685,0.025468265411891,0
7.31627296587926,3.54834542887685,0.0254797501466487,0
7.3490813648294,3.54834542887685,0.0254912348814064,0
7.38188976377953,3.54834542887685,0.0255027196161642,0
7.41469816272966,3.54834542887685,0.0256146933346828,0
7.44750656167979,3.54834542887685,0.0257456193109221,0
7.48031496062992,3.54834542887685,0.0258765452871614,0
7.51312335958005,3.54834542887685,0.0260074712634007,0
7.54593175853018,3.54834542887685,0.02613839723964,0
7.57874015748031,3.54834542887685,0.0262693232158793,0
7.61154855643044,3.54834542887685,0.0264002491921186,0
7.64435695538058,3.54834542887685,0.026531175168358,0
7.67716535433071,3.54834542887685,0.0266621011445973,0
7.70997375328084,3.54834542887685,0.0267930271208366,0
7.74278215223097,3.54834542887685,0.0269239530970759,0
7.7755905511811,3.54834542887685,0.0270548790733152,0
7.80839895013123,3.54834542887685,0.0271858050495545,0
7.84120734908136,3.54834542887685,0.0273167310257938,0
7.87401574803149,3.54834542887685,0.0274476570020331,0
7.90682414698163,3.54834542887685,0.0275785829782725,0
7.93963254593176,3.54834542887685,0.0277095089545118,0
7.97244094488189,3.54834542887685,0.02779584418603,0
8.00524934383202,3.54834542887685,0.0278096258677391,0
8.03805774278215,3.54834542887685,0.0278234075494483,0
8.07086614173228,3.54834542887685,0.0278371892311575,0
8.10367454068241,3.54834542887685,0.0278509709128667,0
8.13648293963255,3.54834542887685,0.0278647525945759,0
8.16929133858268,3.54834542887685,0.027878534276285,0
8.20209973753281,3.54834542887685,0.0278923159579942,0
8.23490813648294,3.54834542887685,0.0279060976397034,0
8.26771653543307,3.54834542887685,0.0279198793214126,0
8.3005249343832,3.54834542887685,0.0279336610031218,0
8.33333333333333,3.54834542887685,0.027947442684831,0
8.36614173228346,3.54834542887685,0.0279612243665401,0
8.3989501312336,3.54834542887685,0.0279750060482493,0
8.43175853018372,3.54834542887685,0.0279887877299585,0
8.46456692913386,3.54834542887685,0.0280025694116677,0
8.49737532808399,3.54834542887685,0.0280163510933769,0
8.53018372703412,3.54834542887685,0.028030132775086,0
8.56299212598425,3.54834542887685,0.0277290591073924,0
8.59580052493438,3.54834542887685,0.0274005956933183,0
8.62860892388451,3.54834542887685,0.0270721322792441,0
8.66141732283464,3.54834542887685,0.0267436688651699,0
8.69422572178478,3.54834542887685,0.0264152054510957,0
8.72703412073491,3.56742669427982,0.0260867420370216,0
8.75984251968504,3.59951567742038,0.0257582786229474,0
8.79265091863517,3.63160466056095,0.0254298152088732,0
8.8254593175853,3.66369364370151,0.025101351794799,0
8.85826771653543,3.69578262684208,0.0247728883807249,0
8.89107611548556,3.72787160998264,0.0244444249666507,0
8.9238845144357,3.75996059312321,0.0241159615525765,0
8.95669291338583,3.79204957626377,0.0237874981385023,0
8.98950131233596,3.82413855940434,0.0234590347244282,0
9.02230971128609,3.8562275425449,0.023130571310354,0
9.05511811023622,3.88831652568547,0.0228021078962798,0
9.08792650918635,3.92040550882603,0.0224736444822056,0
9.12073490813648,3.9524944919666,0.0221430711260888,0
9.15354330708661,3.98458347510716,0.0218100138181114,0
9.18635170603675,4.01667245824772,0.0214769565101339,0
9.21916010498688,4.04876144138829,0.0211438992021564,0
9.25196850393701,4.08085042452885,0.0208108418941789,0
9.28477690288714,4.11293940766942,0.0204777845862015,0
9.31758530183727,4.14502839080998,0.020144727278224,0
9.3503937007874,4.17711737395055,0.0198116699702465,0
9.38320209973753,4.20920635709111,0.019478612662269,0
9.41601049868766,4.24129534023168,0.0191455553542915,0
9.44881889763779,4.27338432337224,0.0188124980463141,0
9.48162729658793,4.30547330651281,0.0184794407383366,0
9.51443569553806,4.30660548386956,0.0181463834303591,0
9.54724409448819,4.25965365606392,0.0178133261223817,0
9.58005249343832,4.21270182825828,0.0174802688144042,0
9.61286089238845,4.16575000045264,0.0171472115064267,0
9.64566929133858,4.11879817264701,0.0168141541984492,0
9.67847769028871,4.07184634484137,0.0164810968904717,0
9.71128608923884,4.02489451703573,0.016411822654529,0
9.74409448818898,3.97794268923009,0.0163429142459818,0
9.77690288713911,3.93099086142445,0.0162740058374347,0
9.80971128608924,3.88403903361881,0.0162050974288875,0
9.84251968503937,3.83708720581318,0.0161361890203403,0
9.8753280839895,3.79013537800754,0.0160672806117932,0
9.90813648293963,3.7431835502019,0.015998372203246,0
9.94094488188976,3.69623172239626,0.0159294637946988,0
9.97375328083989,3.64927989459062,0.0158605553861516,0
10.00656167979,3.60232806678498,0.0157916469776045,0
10.0393700787402,3.55537623897935,0.0157227385690573,0
10.0721784776903,3.54834542887685,0.0156538301605101,0
10.1049868766404,3.54834542887685,0.015584921751963,0
10.1377952755906,3.54834542887685,0.0155160133434158,0
10.1706036745407,3.54834542887685,0.0154471049348686,0
10.2034120734908,3.54834542887685,0.0153781965263214,0
10.2362204724409,3.54834542887685,0.0153092881177743,0
10.2690288713911,3.54834542887685,0.0155455762967588,0
10.3018372703412,3.54834542887685,0.0160440137852493,0
10.3346456692913,3.54834542887685,0.0165424512737397,0
10.3674540682415,3.54834542887685,0.0170408887622302,0
10.4002624671916,3.54834542887685,0.0175393262507207,0
10.4330708661417,3.54834542887685,0.0180377637392111,0
10.4658792650919,3.54834542887685,0.0185362012277016,0
10.498687664042,3.54834542887685,0.019034638716192,0
10.5314960629921,3.54834542887685,0.0195330762046825,0
10.5643044619423,3.54834542887685,0.020031513693173,0
10.5971128608924,3.54834542887685,0.0205299511816634,0
10.6299212598425,3.54834542887685,0.0210283886701539,0
10.6627296587926,3.54834542887685,0.0215268261586444,0
10.6955380577428,3.54834542887685,0.0220252636471348,0
10.7283464566929,3.54834542887685,0.0225237011356253,0
10.761154855643,3.54834542887685,0.0230221386241157,0
10.7939632545932,3.54834542887685,0.0235205761126062,0
10.8267716535433,3.54834542887685,0.0239473191205044,0
10.8595800524934,3.54834542887685,0.023517790040561,0
10.8923884514436,3.54834542887685,0.0230882609606176,0
10.9251968503937,3.54834542887685,0.0226587318806742,0
10.9580052493438,3.54834542887685,0.0222292028007309,0
10.990813648294,3.54834542887685,0.0217996737207875,0
11.0236220472441,3.54834542887685,0.0213701446408442,0
11.0564304461942,3.54834542887685,0.0209406155609008,0
11.0892388451444,3.54834542887685,0.0205110864809574,0
11.1220472440945,3.54834542887685,0.0200815574010141,0
11.1548556430446,3.54834542887685,0.0196520283210707,0
11.1876640419948,3.54834542887685,0.0192224992411273,0
11.2204724409449,3.54834542887685,0.018792970161184,0
11.253280839895,3.54834542887685,0.0183634410812406,0
11.2860892388451,3.54834542887685,0.0179339120012972,0
11.3188976377953,3.54834542887685,0.0175043829213539,0
11.3517060367454,3.54834542887685,0.0170748538414105,0
11.3845144356955,3.54834542887685,0.0166453247614671,0
11.4173228346457,3.54834542887685,0.0164806356298426,0
11.4501312335958,3.54834542887685,0.0164806356298426,0
11.4829396325459,3.54834542887685,0.0164806356298426,0
11.5157480314961,3.54834542887685,0.0164806356298426,0
11.5485564304462,3.54834542887685,0.0164806356298426,0
11.5813648293963,3.54834542887685,0.0164806356298426,0
11.6141732283465,3.54834542887685,0.0164806356298426,0
11.6469816272966,3.54834542887685,0.0164806356298426,0
11.6797900262467,3.54834542887685,0.0164806356298426,0
11.7125984251969,3.54834542887685,0.0164806356298426,0
11.745406824147,3.54834542887685,0.0164806356298426,0
11.7782152230971,3.55405255235344,0.0164806356298426,0
11.8110236220472,3.56633592581371,0.0164806356298426,0
11.8438320209974,3.57861929927398,0.0164806356298426,0
11.8766404199475,3.59090267273425,0.0164806356298426,0
11.9094488188976,3.60318604619451,0.0164806356298426,0
11.9422572178478,3.61546941965478,0.0164806356298426,0
11.9750656167979,3.62775279311505,0.0164698925014712,0
12.007874015748,3.64003616657532,0.0164009840929241,0
12.0406824146982,3.65231954003559,0.0163320756843769,0
12.0734908136483,3.66460291349586,0.0162631672758297,0
12.1062992125984,3.67688628695613,0.0161942588672825,0
12.1391076115486,3.68916966041639,0.0161253504587353,0
12.1719160104987,3.70145303387666,0.0160564420501881,0
12.2047244094488,3.71373640733693,0.015987533641641,0
12.2375328083989,3.7260197807972,0.0159186252330938,0
12.2703412073491,3.73830315425747,0.0158497168245466,0
12.3031496062992,3.74083728242017,0.0157808084159994,0
12.3359580052493,3.73182947521597,0.0157119000074522,0
12.3687664041995,3.72282166801178,0.015642991598905,0
12.4015748031496,3.71381386080758,0.0155740831903579,0
12.4343832020997,3.70480605360339,0.0155051747818107,0
12.4671916010499,3.69579824639919,0.0154362663732635,0
12.5,3.68679043919499,0.0153673579647163,0
12.5328083989501,3.6777826319908,0.0152984495561691,0
12.5656167979003,3.6687748247866,0.0152295411476221,0
12.5984251968504,3.65976701758241,0.0151606327390751,0
12.6312335958005,3.65075921037821,0.0150917243305281,0
12.6640419947507,3.64175140317401,0.0150228159219811,0
12.6968503937008,3.63274359596982,0.0149539075134341,0
12.7296587926509,3.62373578876562,0.0148849991048871,0
12.762467191601,3.61472798156143,0.0148160906963401,0
12.7952755905512,3.60572017435723,0.0147471822877931,0
12.8280839895013,3.59671236715303,0.0146782738792461,0
12.8608923884514,3.58770455994884,0.0146093654706991,0
12.8937007874016,3.57869675274464,0.0145404570621522,0
12.9265091863517,3.56968894554045,0.0144715486536052,0
12.9593175853018,3.56068113833625,0.0144026402450582,0
12.992125984252,3.55167333113206,0.0143337318365112,0
13.0249343832021,3.54834542887685,0.0142648234279642,0
13.0577427821522,3.54834542887685,0.0141959150194172,0
13.0905511811024,3.54834542887685,0.0141270066108702,0
13.1233595800525,3.54834542887685,0.0141146666344317,0
13.1561679790026,3.54834542887685,0.0142869376557993,0
13.1889763779528,3.54834542887685,0.0144592086771669,0
13.2217847769029,3.54834542887685,0.0146314796985345,0
13.254593175853,3.54834542887685,0.014803750719902,0
13.2874015748031,3.54834542887685,0.0149760217412696,0
13.3202099737533,3.54834542887685,0.0151482927626372,0
13.3530183727034,3.54834542887685,0.0153205637840047,0
13.3858267716535,3.54834542887685,0.0154928348053723,0
13.4186351706037,3.54834542887685,0.0156651058267399,0
13.4514435695538,3.54834542887685,0.0158373768481074,0
13.4842519685039,3.54834542887685,0.016009647869475,0
13.5170603674541,3.54834542887685,0.0161819188908426,0
13.5498687664042,3.54834542887685,0.0163541899122101,0
13.5826771653543,3.54834542887685,0.0165264609335777,0
13.6154855643045,3.54834542887685,0.0166987319549453,0
13.6482939632546,3.54834542887685,0.0168710029763128,0
13.6811023622047,3.54834542887685,0.0170432739976804,0
13.7139107611549,3.54834542887685,0.017295534399821,0
13.746719160105,3.54834542887685,0.0175711680340094,0
13.7795275590551,3.54834542887685,0.0178468016681978,0
13.8123359580052,3.54834542887685,0.0181224353023861,0
13.8451443569554,3.54834542887685,0.0183980689365745,0
13.8779527559055,3.54834542887685,0.0186737025707629,0
13.9107611548556,3.54834542887685,0.0189493362049513,0
13.9435695538058,3.54834542887685,0.0192249698391396,0
13.9763779527559,3.54834542887685,0.019500603473328,0
14.009186351706,3.54834542887685,0.0197762371075163,0
14.0419947506562,3.54834542887685,0.0200518707417047,0
14.0748031496063,3.54834542887685,0.0203275043758931,0
14.1076115485564,3.54834542887685,0.0206031380100815,0
14.1404199475066,3.54834542887685,0.0208787716442698,0
14.1732283464567,3.54834542887685,0.0211544052784582,0
14.2060367454068,3.54834542887685,0.0214300389126466,0
14.238845144357,3.54834542887685,0.021705672546835,0
14.2716535433071,3.54834542887685,0.0219618826600445,0
14.3044619422572,3.54834542887685,0.0221754987265403,0
14.3372703412073,3.54834542887685,0.0223891147930362,0
14.3700787401575,3.54834542887685,0.022602730859532,0
14.4028871391076,3.54834542887685,0.0228163469260278,0
14.4356955380577,3.54834542887685,0.0230299629925237,0
14.4685039370079,3.54834542887685,0.0232435790590195,0
14.501312335958,3.54834542887685,0.0234571951255153,0
14.5341207349081,3.54834542887685,0.0236708111920112,0
14.5669291338583,3.54834542887685,0.023884427258507,0
14.5997375328084,3.54834542887685,0.0240980433250028,0
14.6325459317585,3.54834542887685,0.0243116593914987,0
14.6653543307087,3.54834542887685,0.0245252754579945,0
14.6981627296588,3.54834542887685,0.0247388915244903,0
14.7309711286089,3.54681026165359,0.0249525075909862,0
14.7637795275591,3.54054224115796,0.025166123657482,0
14.7965879265092,3.53427422066233,0.0253797397239779,0
14.8293963254593,3.5280062001667,0.0255933557904737,0
14.8622047244094,3.52173817967107,0.0255602406114347,0
14.8950131233596,3.51547015917545,0.0254844413620328,0
14.9278215223097,3.50920213867982,0.0254086421126309,0
14.9606299212598,3.50293411818419,0.0253328428632291,0
14.99343832021,3.49666609768856,0.0252570436138272,0
15.0262467191601,3.49039807719293,0.0251812443644253,0
15.0590551181102,3.4841300566973,0.0251054451150235,0
15.0918635170604,3.47786203620167,0.0250296458656216,0
15.1246719160105,3.47159401570604,0.0249538466162197,0
15.1574803149606,3.46532599521041,0.0248780473668179,0
15.1902887139108,3.45905797471479,0.024802248117416,0
15.2230971128609,3.45278995421916,0.0247264488680141,0
15.255905511811,3.44652193372353,0.0246506496186123,0
15.2887139107612,3.4402539132279,0.0245748503692104,0
15.3215223097113,3.43398589273227,0.0244990511198085,0
15.3543307086614,3.42771787223664,0.0244232518704067,0
15.3871391076115,3.42144985174101,0.0243474526210048,0
15.4199475065617,3.41518183124538,0.0241663495855649,0
15.4527559055118,3.40891381074975,0.0238218075428298,0
15.4855643044619,3.40264579025413,0.0234772655000946,0
15.5183727034121,3.39923872875818,0.0231327234573595,0
15.5511811023622,3.39923872875818,0.0227881814146243,0
15.5839895013123,3.39923872875818,0.0224436393718892,0
15.6167979002625,3.39923872875818,0.0220990973291541,0
15.6496062992126,3.39923872875818,0.021754555286419,0
15.6824146981627,3.39923872875818,0.0214100132436838,0
15.7152230971129,3.39923872875818,0.0210654712009487,0
15.748031496063,3.39923872875818,0.0207209291582135,0
15.7808398950131,3.39923872875818,0.0203763871154784,0
15.8136482939633,3.39923872875818,0.0200318450727433,0
15.8464566929134,3.39923872875818,0.0196873030300081,0
15.8792650918635,3.39923872875818,0.019342760987273,0
15.9120734908136,3.39923872875818,0.0189982189445379,0
15.9448818897638,3.39923872875818,0.0186536769018027,0
15.9776902887139,3.39923872875818,0.0183091348590676,0
16.010498687664,3.39923872875818,0.0185099937476888,0
16.0433070866142,3.39923872875818,0.0187511731776033,0
16.0761154855643,3.39923872875818,0.0189923526075179,0
16.1089238845144,3.39923872875818,0.0192335320374325,0
16.1417322834646,3.39923872875818,0.019474711467347,0
16.1745406824147,3.39923872875818,0.0197158908972616,0
16.2073490813648,3.39923872875818,0.0199570703271761,0
16.240157480315,3.39923872875818,0.0201982497570907,0
16.2729658792651,3.39923872875818,0.0204394291870052,0
16.3057742782152,3.39923872875818,0.0206806086169198,0
16.3385826771654,3.39923872875818,0.0209217880468343,0
16.3713910761155,3.39923872875818,0.0211629674767489,0
16.4041994750656,3.40314613482035,0.0214041469066635,0
16.4370078740157,3.40845826610844,0.021645326336578,0
16.4698162729659,3.41377039739654,0.0218865057664926,0
16.502624671916,3.41908252868463,0.0221276851964071,0
16.5354330708661,3.42439465997272,0.0223688646263217,0
16.5682414698163,3.42970679126081,0.0225938339304457,0
16.6010498687664,3.4350189225489,0.0228005591560871,0
16.6338582677165,3.44033105383699,0.0230072843817285,0
16.6666666666667,3.44564318512508,0.0232140096073698,0
16.6994750656168,3.45095531641317,0.0234207348330112,0
16.7322834645669,3.45626744770126,0.0236274600586526,0
16.7650918635171,3.46157957898935,0.023834185284294,0
16.7979002624672,3.46689171027744,0.0240409105099353,0
16.8307086614173,3.47220384156553,0.0242476357355767,0
16.8635170603674,3.47751597285362,0.0244543609612181,0
16.8963254593176,3.48282810414171,0.0246610861868594,0
16.9291338582677,3.4881402354298,0.0248678114125008,0
16.9619422572178,3.49345236671789,0.0250745366381422,0
16.994750656168,3.49876449800598,0.0252812618637835,0
17.0275590551181,3.50407662929407,0.0254879870894249,0
17.0603674540682,3.50938876058216,0.0256947123150663,0
17.0931758530184,3.51470089187025,0.0259014375407077,0
17.1259842519685,3.52001302315834,0.0261005049723111,0
17.1587926509186,3.52532515444643,0.0255262682344188,0
17.1916010498688,3.53063728573452,0.0249520314965265,0
17.2244094488189,3.53594941702261,0.0243777947586342,0
17.257217847769,3.5412615483107,0.0238035580207419,0
17.2900262467192,3.54657367959879,0.0232293212828496,0
17.3228346456693,3.54834542887685,0.0226550845449572,0
17.3556430446194,3.54834542887685,0.0220808478070649,0
17.3884514435696,3.54834542887685,0.0215066110691726,0
17.4212598425197,3.54834542887685,0.0209323743312803,0
17.4540682414698,3.54834542887685,0.020358137593388,0
17.4868766404199,3.54834542887685,0.0197839008554957,0
17.5196850393701,3.54834542887685,0.0192096641176034,0
17.5524934383202,3.54834542887685,0.0186354273797111,0
17.5853018372703,3.54834542887685,0.0180611906418187,0
17.6181102362205,3.54834542887685,0.0174869539039264,0
17.6509186351706,3.54834542887685,0.0169127171660341,0
17.6837270341207,3.54834542887685,0.0163384804281418,0
17.7165354330709,3.54834542887685,0.0160543467718598,0
17.749343832021,3.54834542887685,0.0160084078328285,0
17.7821522309711,3.54834542887685,0.0159624688937971,0
17.8149606299213,3.54834542887685,0.0159165299547658,0
17.8477690288714,3.54834542887685,0.0158705910157345,0
17.8805774278215,3.54834542887685,0.0158246520767031,0
17.9133858267717,3.54834542887685,0.0157787131376718,0
17.9461942257218,3.54834542887685,0.0157327741986404,0
17.9790026246719,3.54834542887685,0.0156868352596091,0
18.011811023622,3.54834542887685,0.0156408963205778,0
18.0446194225722,3.54834542887685,0.0155949573815464,0
18.0774278215223,3.54834542887685,0.0155490184425151,0
18.1102362204724,3.54834542887685,0.0155030795034837,0
18.1430446194226,3.54834542887685,0.0154571405644524,0
18.1758530183727,3.54834542887685,0.0154112016254211,0
18.2086614173228,3.54834542887685,0.0153652626863897,0
18.241469816273,3.54834542887685,0.0153193237473584,0
18.2742782152231,3.54834542887685,0.0153195034033997,0
18.3070866141732,3.54834542887685,0.0157949714223743,0
18.3398950131234,3.54834542887685,0.0162704394413489,0
18.3727034120735,3.54834542887685,0.0167459074603235,0
18.4055118110236,3.54834542887685,0.0172213754792981,0
18.4383202099738,3.54834542887685,0.0176968434982727,0
18.4711286089239,3.54834542887685,0.0181723115172473,0
18.503937007874,3.54834542887685,0.0186477795362219,0
18.5367454068241,3.54834542887685,0.0191232475551966,0
18.5695538057743,3.54834542887685,0.0195987155741712,0
18.6023622047244,3.54834542887685,0.0200741835931458,0
18.6351706036745,3.54834542887685,0.0205496516121204,0
18.6679790026247,3.54834542887685,0.021025119631095,0
18.7007874015748,3.54834542887685,0.0215005876500697,0
18.7335958005249,3.54834542887685,0.0219760556690443,0
18.7664041994751,3.54834542887685,0.0224515236880189,0
18.7992125984252,3.54834542887685,0.0229269917069935,0
18.8320209973753,3.54834542887685,0.0234024597259681,0
18.8648293963255,3.54834542887685,0.0232376973097826,0
18.8976377952756,3.54834542887685,0.022693320882261,0
18.9304461942257,3.54834542887685,0.0221489444547394,0
18.9632545931759,3.54834542887685,0.0216045680272178,0
18.996062992126,3.54834542887685,0.0210601915996962,0
19.0288713910761,3.54834542887685,0.0205158151721746,0
19.0616797900262,3.54834542887685,0.019971438744653,0
19.0944881889764,3.54834542887685,0.0194270623171313,0
19.1272965879265,3.54834542887685,0.0188826858896097,0
19.1601049868766,3.54834542887685,0.0183383094620881,0
19.1929133858268,3.54834542887685,0.0177939330345665,0
19.2257217847769,3.54834542887685,0.0172495566070449,0
19.258530183727,3.54834542887685,0.0167051801795233,0
19.2913385826772,3.54834542887685,0.0161608037520017,0
19.3241469816273,3.54834542887685,0.0156164273244801,0
19.3569553805774,3.54834542887685,0.0150720508969584,0
19.3897637795276,3.54834542887685,0.0145276744694368,0
19.4225721784777,3.54834542887685,0.0140780986946018,0
19.4553805774278,3.54834542887685,0.0141010681641172,0
19.488188976378,3.54834542887685,0.0141240376336327,0
19.5209973753281,3.54834542887685,0.0141470071031482,0
19.5538057742782,3.54834542887685,0.0141699765726637,0
19.5866141732283,3.54834542887685,0.0141929460421792,0
19.6194225721785,3.52329992973831,0.0142159155116947,0
19.6522309711286,3.49271786824261,0.0142388849812102,0
19.6850393700787,3.4621358067469,0.0142618544507257,0
19.7178477690289,3.43155374525119,0.0142848239202411,0
19.750656167979,3.40097168375549,0.0143077933897566,0
19.7834645669291,3.37038962225978,0.0143307628592721,0
19.8162729658793,3.33980756076407,0.0143537323287876,0
19.8490813648294,3.30922549926837,0.0143767017983031,0
19.8818897637795,3.27864343777266,0.0143996712678186,0
19.9146981627297,3.24806137627695,0.0144226407373341,0
19.9475065616798,3.21747931478125,0.0144456102068496,0
19.9803149606299,3.18689725328554,0.014468579676365,0
20.0131233595801,3.15631519178983,0.0145564532711996,0
20.0459317585302,3.12573313029413,0.0146713006187783,0
20.0787401574803,3.09515106879842,0.014786147966357,0
20.1115485564304,3.06456900730271,0.0149009953139356,0
20.1443569553806,3.03398694580701,0.0150158426615143,0
20.1771653543307,3.06132139487196,0.015130690009093,0
20.2099737532808,3.08979434867831,0.0152455373566717,0
20.242782152231,3.11826730248465,0.0153603847042504,0
20.2755905511811,3.146740256291,0.015475232051829,0
20.3083989501312,3.17521321009735,0.0155900793994077,0
20.3412073490814,3.20368616390369,0.0157049267469864,0
20.3740157480315,3.23215911771004,0.0158197740945651,0
20.4068241469816,3.26063207151638,0.0159346214421438,0
20.4396325459318,3.28910502532273,0.0160494687897224,0
20.4724409448819,3.31757797912907,0.0161643161373011,0
20.505249343832,3.34605093293542,0.0162791634848798,0
20.5380577427822,3.37452388674176,0.0163940108324585,0
20.5708661417323,3.40299684054811,0.0164637020997258,0
20.6036745406824,3.43146979435446,0.0163947936911786,0
20.6364829396325,3.4599427481608,0.0163258852826314,0
20.6692913385827,3.48841570196715,0.0162569768740843,0
20.7020997375328,3.51688865577349,0.0161880684655371,0
20.7349081364829,3.54536160957984,0.0161191600569899,0
20.7677165354331,3.54834542887685,0.0160502516484427,0
20.8005249343832,3.54834542887685,0.0159813432398955,0
20.8333333333333,3.54834542887685,0.0159124348313483,0
20.8661417322835,3.54834542887685,0.0158435264228012,0
20.8989501312336,3.54834542887685,0.015774618014254,0
20.9317585301837,3.54834542887685,0.0157057096057068,0
20.9645669291339,3.54834542887685,0.0156368011971596,0
20.997375328084,3.54834542887685,0.0155678927886124,0
21.0301837270341,3.54834542887685,0.0154989843800652,0
21.0629921259842,3.54834542887685,0.0154300759715181,0
21.0958005249344,3.54834542887685,0.0153611675629709,0
21.1286089238845,3.54834542887685,0.0152922591544237,0
21.1614173228346,3.54834542887685,0.0156741622024737,0
21.1942257217848,3.54834542887685,0.0161794905318188,0
21.2270341207349,3.54834542887685,0.016684818861164,0
21.259842519685,3.54834542887685,0.0171901471905091,0
21.2926509186352,3.54834542887685,0.0176954755198543,0
21.3254593175853,3.54834542887685,0.0182008038491994,0
21.3582677165354,3.54834542887685,0.0187061321785445,0
21.3910761154856,3.54834542887685,0.0192114605078896,0
21.4238845144357,3.54834542887685,0.0197167888372348,0
21.4566929133858,3.54834542887685,0.0202221171665799,0
21.489501312336,3.54834542887685,0.0207274454959251,0
21.5223097112861,3.54834542887685,0.0212327738252702,0
21.5551181102362,3.54834542887685,0.0217381021546154,0
21.5879265091863,3.54834542887685,0.0222434304839605,0
21.6207349081365,3.54834542887685,0.0227487588133056,0
21.6535433070866,3.54834542887685,0.0232540871426508,0
21.6863517060367,3.54834542887685,0.0237594154719959,0
21.7191601049869,3.54834542887685,0.0241649012459016,0
21.751968503937,3.54834542887685,0.0243624386837366,0
21.7847769028871,3.54834542887685,0.0245599761215716,0
21.8175853018373,3.54834542887685,0.0247575135594067,0
21.8503937007874,3.54834542887685,0.0249550509972417,0
21.8832020997375,3.54834542887685,0.0251525884350767,0
21.9160104986877,3.54834542887685,0.0253501258729118,0
21.9488188976378,3.54834542887685,0.0255476633107468,0
21.9816272965879,3.54834542887685,0.0257452007485818,0
22.0144356955381,3.54834542887685,0.0259427381864169,0
22.0472440944882,3.54834542887685,0.0261402756242519,0
22.0800524934383,3.54834542887685,0.0263378130620869,0
22.1128608923885,3.54834542887685,0.026535350499922,0
22.1456692913386,3.54834542887685,0.026732887937757,0
22.1784776902887,3.54834542887685,0.026930425375592,0
22.2112860892388,3.54834542887685,0.027127962813427,0
22.244094488189,3.54834542887685,0.0273255002512621,0
22.2769028871391,3.54834542887685,0.0275230376890971,0
22.3097112860892,3.54834542887685,0.0274904440586353,0
22.3425196850394,3.54834542887685,0.0274215356500883,0
22.3753280839895,3.54834542887685,0.0273526272415413,0
22.4081364829396,3.54834542887685,0.0272837188329943,0
22.4409448818898,3.54834542887685,0.0272148104244473,0
22.4737532808399,3.54834542887685,0.0271459020159003,0
22.50656167979,3.54834542887685,0.0270769936073533,0
22.5393700787402,3.54834542887685,0.0270080851988063,0
22.5721784776903,3.54834542887685,0.0269391767902593,0
22.6049868766404,3.54834542887685,0.0268702683817123,0
22.6377952755905,3.54834542887685,0.0268013599731653,0
22.6706036745407,3.54834542887685,0.0267324515646183,0
22.7034120734908,3.54834542887685,0.0266635431560713,0
22.7362204724409,3.54834542887685,0.0265946347475243,0
22.7690288713911,3.54834542887685,0.0265257263389773,0
22.8018372703412,3.54834542887685,0.0264568179304303,0
22.8346456692913,3.54834542887685,0.0263879095218833,0
22.8674540682415,3.54834542887685,0.0261190420529388,0
22.9002624671916,3.54834542887685,0.0255539931028528,0
22.9330708661417,3.54834542887685,0.0249889441527667,0
22.9658792650919,3.54834542887685,0.0244238952026807,0
22.998687664042,3.54834542887685,0.0238588462525947,0
23.0314960629921,3.55620803640385,0.0232937973025087,0
23.0643044619423,3.72106161380769,0.0227287483524227,0
23.0971128608924,3.88591519121153,0.0221636994023367,0
23.1299212598425,4.05076876861537,0.0215986504522507,0
23.1627296587926,4.21562234601922,0.0210336015021647,0
23.1955380577428,4.38047592342306,0.0204685525520786,0
23.2283464566929,4.5453295008269,0.0199035036019926,0
23.261154855643,4.71018307823074,0.0193384546519066,0
23.2939632545932,4.87503665563459,0.0187734057018206,0
23.3267716535433,5.03989023303843,0.0182083567517346,0
23.3595800524934,5.20474381044227,0.0176433078016486,0
23.3923884514436,5.36959738784611,0.0170782588515626,0
23.4251968503937,5.53445096524996,0.0165132099014766,0
23.4580052493438,5.6993045426538,0.0163291184449168,0
23.490813648294,5.69493449428677,0.0161683321583066,0
23.5236220472441,5.67446220518633,0.0160075458716964,0
23.5564304461942,5.6539899160859,0.0158467595850862,0
23.5892388451444,5.63351762698546,0.015685973298476,0
23.6220472440945,5.61304533788502,0.0155251870118657,0
23.6548556430446,5.59257304878459,0.0153644007252555,0
23.6876640419947,5.57210075968415,0.0152036144386453,0
23.7204724409449,5.55162847058371,0.0150428281520351,0
23.753280839895,5.53115618148327,0.0148820418654249,0
23.7860892388451,5.51068389238284,0.0147212555788147,0
23.8188976377953,5.4902116032824,0.0145604692922044,0
23.8517060367454,5.43861707326574,0.0143996830055942,0
23.8845144356955,5.36696770314702,0.014238896718984,0
23.9173228346457,5.2953183330283,0.0140781104323738,0
23.9501312335958,5.22366896290957,0.0139173241457636,0
23.9829396325459,5.15201959279085,0.0137565378591534,0
24.0157480314961,5.08037022267212,0.0137285170626412,0
24.0485564304462,5.0087208525534,0.0138433644102199,0
24.0813648293963,4.93707148243468,0.0139582117577986,0
24.1141732283465,4.86542211231595,0.0140730591053772,0
24.1469816272966,4.79377274219723,0.0141879064529559,0
24.1797900262467,4.72212337207851,0.0143027538005346,0
24.2125984251968,4.65047400195979,0.0144176011481133,0
24.245406824147,4.57882463184106,0.014532448495692,0
24.2782152230971,4.50717526172234,0.0146472958432707,0
24.3110236220472,4.43552589160361,0.0147621431908493,0
24.3438320209974,4.36387652148489,0.014876990538428,0
24.3766404199475,4.30848169035767,0.0149918378860067,0
24.4094488188976,4.26418099918951,0.0151066852335854,0
24.4422572178478,4.21988030802136,0.015221532581164,0
24.4750656167979,4.17557961685321,0.0153363799287427,0
24.507874015748,4.13127892568506,0.0154512272763214,0
24.5406824146982,4.0869782345169,0.0155660746239001,0
24.5734908136483,4.04267754334875,0.0156794751628267,0
24.6062992125984,3.9983768521806,0.0157254141018582,0
24.6391076115486,3.95407616101245,0.0157713530408897,0
24.6719160104987,3.90977546984429,0.0158172919799212,0
24.7047244094488,3.86547477867614,0.0158632309189527,0
24.7375328083989,3.82117408750799,0.0159091698579842,0
24.7703412073491,3.77687339633984,0.0159551087970157,0
24.8031496062992,3.73257270517169,0.0160010477360472,0
24.8359580052493,3.68827201400354,0.0160469866750787,0
24.8687664041995,3.64397132283539,0.0160929256141103,0
24.9015748031496,3.59967063166723,0.0161388645531418,0
24.9343832020997,3.55536994049908,0.0161848034921733,0
24.9671916010499,3.54834542887685,0.0162307424312048,0
25,3.54834542887685,0.0162766813702363,0
25.0328083989501,3.54834542887685,0.0163226203092678,0
25.0656167979003,3.54834542887685,0.0163685592482993,0
25.0984251968504,3.54834542887685,0.0164144981873308,0
25.1312335958005,3.54834542887685,0.0164604371263623,0
25.1640419947507,3.54834542887685,0.0164291547587401,0
25.1968503937008,3.54834542887685,0.0163372768806773,0
25.2296587926509,3.54834542887685,0.0162453990026144,0
25.262467191601,3.54834542887685,0.0161535211245516,0
25.2952755905512,3.54834542887685,0.0160616432464887,0
25.3280839895013,3.54834542887685,0.0159697653684259,0
25.3608923884514,3.54834542887685,0.015877887490363,0
25.3937007874016,3.54834542887685,0.0157860096123002,0
25.4265091863517,3.54834542887685,0.0156941317342373,0
25.4593175853018,3.54834542887685,0.0156022538561745,0
25.492125984252,3.54834542887685,0.0155103759781116,0
25.5249343832021,3.54834542887685,0.0154184981000488,0
25.5577427821522,3.54834542887685,0.0153266202219859,0
25.5905511811024,3.54834542887685,0.0152347423439231,0
25.6233595800525,3.54834542887685,0.0151428644658602,0
25.6561679790026,3.54834542887685,0.0150509865877974,0
25.6889763779528,3.54834542887685,0.0149591087097345,0
25.7217847769029,3.54834542887685,0.014880963010581,0
25.754593175853,3.54834542887685,0.0149269019496123,0
25.7874015748031,3.54834542887685,0.0149728408886436,0
25.8202099737533,3.54834542887685,0.015018779827675,0
25.8530183727034,3.54834542887685,0.0150647187667063,0
25.8858267716535,3.54834542887685,0.0151106577057376,0
25.9186351706037,3.54834542887685,0.0151565966447689,0
25.9514435695538,3.54834542887685,0.0152025355838003,0
25.9842519685039,3.54834542887685,0.0152484745228316,0
26.0170603674541,3.54834542887685,0.0152944134618629,0
26.0498687664042,3.54834542887685,0.0153403524008942,0
26.0826771653543,3.54834542887685,0.0153862913399256,0
26.1154855643045,3.54834542887685,0.0154322302789569,0
26.1482939632546,3.54834542887685,0.0154781692179882,0
26.1811023622047,3.54834542887685,0.0155241081570195,0
26.2139107611549,3.54834542887685,0.0155700470960509,0
26.246719160105,3.54834542887685,0.0156159860350822,0
26.2795275590551,3.54834542887685,0.0156619249741135,0
26.3123359580052,3.54834542887685,0.0159280135837917,0
26.3451443569554,3.54834542887685,0.0163184945655584,0
26.3779527559055,3.54834542887685,0.0167089755473251,0
26.4107611548556,3.54834542887685,0.0170994565290918,0
26.4435695538058,3.54834542887685,0.0174899375108585,0
26.4763779527559,3.54834542887685,0.0178804184926252,0
26.509186351706,3.54834542887685,0.0182708994743919,0
26.5419947506562,3.54834542887685,0.0186613804561587,0
26.5748031496063,3.54834542887685,0.0190518614379254,0
26.6076115485564,3.54834542887685,0.0194423424196921,0
26.6404199475066,3.54834542887685,0.0198328234014588,0
26.6732283464567,3.54834542887685,0.0202233043832255,0
26.7060367454068,3.54834542887685,0.0206137853649922,0
26.738845144357,3.54834542887685,0.0210042663467589,0
26.7716535433071,3.54834542887685,0.0213947473285257,0
26.8044619422572,3.54834542887685,0.0217852283102924,0
26.8372703412073,3.54834542887685,0.0221757092920591,0
26.8700787401575,3.54834542887685,0.0224310512009963,0
26.9028871391076,3.54834542887685,0.0220635396887456,0
26.9356955380577,3.54834542887685,0.0216960281764948,0
26.9685039370079,3.54834542887685,0.021328516664244,0
27.001312335958,3.54834542887685,0.0209610051519932,0
27.0341207349081,3.54834542887685,0.0205934936397424,0
27.0669291338583,3.54834542887685,0.0202259821274916,0
27.0997375328084,3.54834542887685,0.0198584706152408,0
27.1325459317585,3.54834542887685,0.01949095910299,0
27.1653543307087,3.54834542887685,0.0191234475907392,0
27.1981627296588,3.54834542887685,0.0187559360784884,0
27.2309711286089,3.54834542887685,0.0183884245662376,0
27.2637795275591,3.52776362532027,0.0180209130539868,0
27.2965879265092,3.50705602255202,0.017653401541736,0
27.3293963254593,3.48634841978377,0.0172858900294852,0
27.3622047244094,3.46564081701552,0.0169183785172344,0
27.3950131233596,3.44493321424727,0.0165508670049836,0
27.4278215223097,3.42422561147902,0.0161833554927328,0
27.4606299212598,3.40351800871076,0.0159971577685656,0
27.49343832021,3.38281040594251,0.0158823104209871,0
27.5262467191601,3.36210280317426,0.0157674630734086,0
27.5590551181102,3.34139520040601,0.0156526157258301,0
27.5918635170604,3.32068759763776,0.0155377683782516,0
27.6246719160105,3.29997999486951,0.0154229210306731,0
27.6574803149606,3.27927239210126,0.0153080736830946,0
27.6902887139108,3.25856478933301,0.0151932263355161,0
27.7230971128609,3.23785718656476,0.0150783789879376,0
27.755905511811,3.21714958379651,0.0149635316403591,0
27.7887139107612,3.19644198102826,0.0148486842927806,0
27.8215223097113,3.17573437826001,0.0147338369452021,0
27.8543307086614,3.194042118825,0.0146189895976236,0
27.8871391076115,3.2162836180946,0.0145041422500451,0
27.9199475065617,3.2385251173642,0.0143892949024666,0
27.9527559055118,3.2607666166338,0.0142744475548881,0
27.9855643044619,3.2830081159034,0.0141596002073096,0
28.0183727034121,3.305249615173,0.0140742606114971,0
28.0511811023622,3.3274911144426,0.0140742606114971,0
28.0839895013123,3.3497326137122,0.0140742606114971,0
28.1167979002625,3.3719741129818,0.0140742606114971,0
28.1496062992126,3.3942156122514,0.0140742606114971,0
28.1824146981627,3.416457111521,0.0140742606114971,0
28.2152230971129,3.4386986107906,0.0140742606114971,0
28.248031496063,3.4609401100602,0.0140742606114971,0
28.2808398950131,3.4831816093298,0.0140742606114971,0
28.3136482939633,3.5054231085994,0.0140742606114971,0
28.3464566929134,3.527664607869,0.0140742606114971,0
28.3792650918635,3.54834542887685,0.0140742606114971,0
28.4120734908136,3.54834542887685,0.0140742606114971,0
28.4448818897638,3.54834542887685,0.0140742606114971,0
28.4776902887139,3.54834542887685,0.0140742606114971,0
28.510498687664,3.54834542887685,0.0140742606114971,0
28.5433070866142,3.54834542887685,0.0140742606114971,0
28.5761154855643,3.54834542887685,0.0140742606114971,0
28.6089238845144,3.54834542887685,0.0140742606114971,0
28.6417322834646,3.54834542887685,0.0140742606114971,0
28.6745406824147,3.54834542887685,0.0140742606114971,0
28.7073490813648,3.54834542887685,0.0140742606114971,0
28.740157480315,3.54834542887685,0.0140742606114971,0
28.7729658792651,3.54834542887685,0.0140742606114971,0
28.8057742782152,3.54834542887685,0.0140742606114971,0
28.8385826771654,3.54834542887685,0.0140742606114971,0
28.8713910761155,3.54834542887685,0.0140742606114971,0
28.9041994750656,3.54834542887685,0.0140742606114971,0
28.9370078740157,3.54834542887685,0.0140742606114971,0
28.9698162729659,3.54834542887685,0.0140742606114971,0
29.002624671916,3.54834542887685,0.0140742606114971,0
29.0354330708661,3.54834542887685,0.0140742606114971,0
29.0682414698163,3.54834542887685,0.0140742606114971,0
29.1010498687664,3.54834542887685,0.0140742606114971,0
29.1338582677165,3.54834542887685,0.0140742606114971,0
29.1666666666667,3.54834542887685,0.0141205084752214,0
29.1994750656168,3.54834542887685,0.0142583252923156,0
29.2322834645669,3.54834542887685,0.0143961421094097,0
29.2650918635171,3.54834542887685,0.0145339589265039,0
29.2979002624672,3.54834542887685,0.0146717757435981,0
29.3307086614173,3.54834542887685,0.0148095925606922,0
29.3635170603675,3.54834542887685,0.0149474093777864,0
29.3963254593176,3.54834542887685,0.0150852261948805,0
29.4291338582677,3.54834542887685,0.0152230430119747,0
29.4619422572178,3.54834542887685,0.0153608598290689,0
29.494750656168,3.54834542887685,0.015498676646163,0
29.5275590551181,3.54834542887685,0.0156364934632572,0
29.5603674540682,3.54834542887685,0.0157743102803514,0
29.5931758530184,3.54834542887685,0.0159121270974455,0
29.6259842519685,3.54834542887685,0.0160499439145397,0
29.6587926509186,3.54834542887685,0.0161877607316338,0
29.6916010498688,3.54834542887685,0.016325577548728,0
29.7244094488189,3.54834542887685,0.0164633943658222,0
29.757217847769,3.54834542887685,0.0165610193318918,0
29.7900262467192,3.54834542887685,0.0166528972099547,0
29.8228346456693,3.54834542887685,0.0167447750880175,0
29.8556430446194,3.54834542887685,0.0168366529660804,0
29.8884514435695,3.54834542887685,0.0169285308441432,0
29.9212598425197,3.54834542887685,0.0170204087222061,0
29.9540682414698,3.54834542887685,0.0171122866002689,0
29.9868766404199,3.54834542887685,0.0172041644783318,0
30.0196850393701,3.54834542887685,0.0172960423563946,0
30.0524934383202,3.54834542887685,0.0173879202344575,0
30.0853018372703,3.54834542887685,0.0174797981125204,0
30.1181102362205,3.54834542887685,0.0175716759905832,0
30.1509186351706,3.54834542887685,0.0176635538686461,0
30.1837270341207,3.54834542887685,0.0177554317467089,0
30.2165354330709,3.54834542887685,0.0178473096247718,0
30.249343832021,3.54834542887685,0.0179391875028346,0
30.2821522309711,3.54834542887685,0.0180310653808975,0
30.3149606299213,3.54834542887685,0.0181819325651339,0
30.3477690288714,3.54834542887685,0.0184162211541937,0
30.3805774278215,3.54834542887685,0.0186505097432533,0
30.4133858267716,3.54834542887685,0.018884798332313,0
30.4461942257218,3.54834542887685,0.0191190869213727,0
30.4790026246719,3.54834542887685,0.0193533755104324,0
30.511811023622,3.54834542887685,0.0195876640994921,0
30.5446194225722,3.54834542887685,0.0198219526885518,0
30.5774278215223,3.54834542887685,0.0200562412776115,0
30.6102362204724,3.54834542887685,0.0202905298666711,0
30.6430446194226,3.54834542887685,0.0205248184557309,0
30.6758530183727,3.54834542887685,0.0207591070447905,0
30.7086614173228,3.54834542887685,0.0209933956338502,0
30.741469816273,3.54834542887685,0.0212276842229099,0
30.7742782152231,3.54834542887685,0.0214619728119696,0
30.8070866141732,3.54834542887685,0.0216962614010293,0
30.8398950131234,3.54834542887685,0.021930549990089,0
30.8727034120735,3.54834542887685,0.0221648385791487,0
30.9055118110236,3.54834542887685,0.0217113933013893,0
30.9383202099737,3.54834542887685,0.0212244405476569,0
30.9711286089239,3.54834542887685,0.0207374877939244,0
31.003937007874,3.54834542887685,0.020250535040192,0
31.0367454068241,3.54834542887685,0.0197635822864596,0
31.0695538057743,3.54834542887685,0.0192766295327272,0
31.1023622047244,3.54834542887685,0.0187896767789947,0
31.1351706036745,3.54834542887685,0.0183027240252623,0
31.1679790026247,3.54834542887685,0.0178157712715298,0
31.2007874015748,3.54834542887685,0.0173288185177974,0
31.2335958005249,3.54834542887685,0.0168418657640649,0
31.2664041994751,3.56357425483411,0.0163549130103325,0
31.2992125984252,3.58359160417675,0.0158679602566001,0
31.3320209973753,3.6036089535194,0.0153810075028677,0
31.3648293963255,3.62362630286204,0.0148940547491352,0
31.3976377952756,3.64364365220468,0.0144071019954028,0
31.4304461942257,3.66366100154732,0.0139201492416704,0
31.4632545931759,3.68367835088996,0.0137864064199977,0
31.496062992126,3.7036957002326,0.0140161011151545,0
31.5288713910761,3.72371304957525,0.0142457958103113,0
31.5616797900262,3.74373039891789,0.0144754905054681,0
31.5944881889764,3.76374774826053,0.0147051852006249,0
31.6272965879265,3.78376509760317,0.0149348798957817,0
31.6601049868766,3.80378244694582,0.0151645745909385,0
31.6929133858268,3.82379979628846,0.0153942692860954,0
31.7257217847769,3.8438171456311,0.0156239639812522,0
31.758530183727,3.86383449497374,0.015853658676409,0
31.7913385826772,3.88385184431638,0.0160833533715658,0
31.8241469816273,3.90386919365903,0.0163130480667226,0
31.8569553805774,3.92388654300167,0.0165427427618795,0
31.8897637795276,3.94390389234431,0.0167724374570363,0
31.9225721784777,3.96392124168695,0.0170021321521931,0
31.9553805774278,3.98393859102959,0.0172318268473499,0
31.9881889763779,4.01196374601694,0.0174615215425067,0
32.0209973753281,4.04055995936358,0.0176971307165834,0
32.0538057742782,4.06915617271021,0.0181105811678657,0
32.0866141732283,4.09775238605684,0.018524031619148,0
32.1194225721785,4.12634859940348,0.0189374820704303,0
32.1522309711286,4.15494481275011,0.0193509325217126,0
32.1850393700787,4.18354102609674,0.0197643829729949,0
32.2178477690289,4.21213723944337,0.0201778334242772,0
32.250656167979,4.24073345279001,0.0205912838755595,0
32.2834645669291,4.26932966613664,0.0210047343268419,0
32.3162729658793,4.29792587948327,0.0214181847781242,0
32.3490813648294,4.3265220928299,0.0218316352294065,0
32.3818897637795,4.35511830617654,0.0222450856806888,0
32.4146981627297,4.38371451952317,0.0226585361319711,0
32.4475065616798,4.41231073286981,0.0230719865832534,0
32.4803149606299,4.44090694621644,0.0234854370345357,0
32.51312335958,4.46950315956307,0.023898887485818,0
32.5459317585302,4.4980993729097,0.0243123379371004,0
32.5787401574803,4.52669558625633,0.0247257883883827,0
32.6115485564304,4.55529179960297,0.0248635664197774,0
32.6443569553806,4.5838880129496,0.0247946580112304,0
32.6771653543307,4.61248422629624,0.0247257496026834,0
32.7099737532808,4.64108043964287,0.0246568411941364,0
32.742782152231,4.6696766529895,0.0245879327855894,0
32.7755905511811,4.69827286633613,0.0245190243770424,0
32.8083989501312,4.72686907968277,0.0244501159684954,0
32.8412073490814,4.7554652930294,0.0243812075599484,0
32.8740157480315,4.78406150637603,0.0243122991514014,0
32.9068241469816,4.81265771972266,0.0242433907428544,0
32.9396325459318,4.8412539330693,0.0241744823343074,0
32.9724409448819,4.85036868147081,0.0241055739257604,0
33.005249343832,4.82703486666364,0.0240366655172134,0
33.0380577427822,4.80370105185646,0.0239677571086664,0
33.0708661417323,4.78036723704929,0.0238988487001194,0
33.1036745406824,4.75703342224211,0.0238299402915723,0
33.1364829396325,4.73369960743494,0.0237610318830253,0
33.1692913385827,4.71036579262777,0.0237035792900746,0
33.2020997375328,4.68703197782059,0.023738033494348,0
33.2349081364829,4.66369816301342,0.0237724876986214,0
33.2677165354331,4.64036434820624,0.0238069419028948,0
33.3005249343832,4.61703053339907,0.0238413961071682,0
33.3333333333333,4.59369671859189,0.0238758503114416,0
33.3661417322835,4.57036290378472,0.023910304515715,0
33.3989501312336,4.54702908897755,0.0239447587199884,0
33.4317585301837,4.52369527417037,0.0239792129242618,0
33.4645669291339,4.5003614593632,0.0240136671285352,0
33.497375328084,4.47702764455602,0.0240481213328087,0
33.5301837270341,4.45369382974885,0.0240825755370821,0
33.5629921259843,4.43036001494168,0.0241170297413555,0
33.5958005249344,4.4070262001345,0.0241514839456289,0
33.6286089238845,4.38369238532733,0.0241859381499023,0
33.6614173228346,4.36035857052015,0.0242203923541757,0
33.6942257217848,4.33702475571298,0.0242548465584491,0
33.7270341207349,4.32499444771249,0.0242893007627225,0
33.759842519685,4.32499444771249,0.0244178371826477,0
33.7926509186352,4.32499444771249,0.0245969990448702,0
33.8254593175853,4.32499444771249,0.0247761609070926,0
33.8582677165354,4.32499444771249,0.0249553227693151,0
33.8910761154856,4.32499444771249,0.0251344846315375,0
33.9238845144357,4.32499444771249,0.02531364649376,0
33.9566929133858,4.32499444771249,0.0254928083559825,0
33.989501312336,4.32499444771249,0.0256719702182049,0
34.0223097112861,4.32499444771249,0.0258511320804274,0
34.0551181102362,4.32499444771249,0.0260302939426498,0
34.0879265091864,4.32499444771249,0.0262094558048723,0
34.1207349081365,4.32499444771249,0.0263886176670947,0
34.1535433070866,4.32499444771249,0.0265677795293172,0
34.1863517060367,4.32745135515535,0.0267469413915397,0
34.2191601049869,4.35297428483458,0.0269261032537621,0
34.251968503937,4.3784972145138,0.0271052651159846,0
34.2847769028871,4.40402014419303,0.0272844269782071,0
34.3175853018373,4.42954307387226,0.0273734990511489,0
34.3503937007874,4.45506600355148,0.0270771928943965,0
34.3832020997375,4.48058893323071,0.0267808867376442,0
34.4160104986877,4.50611186290993,0.0264845805808918,0
34.4488188976378,4.53163479258916,0.0261882744241394,0
34.4816272965879,4.55715772226838,0.025891968267387,0
34.5144356955381,4.58268065194761,0.0255956621106347,0
34.5472440944882,4.60820358162683,0.0252993559538823,0
34.5800524934383,4.63372651130606,0.02500304979713,0
34.6128608923884,4.65924944098529,0.0247067436403776,0
34.6456692913386,4.68477237066451,0.0244104374836253,0
34.6784776902887,4.71029530034374,0.0241141313268729,0
34.7112860892388,4.73581823002296,0.0238178251701206,0
34.744094488189,4.76134115970219,0.0235215190133681,0
34.7769028871391,4.78686408938141,0.0232252128566158,0
34.8097112860892,4.81238701906064,0.0229289066998634,0
34.8425196850394,4.83790994873987,0.0226326005431111,0
34.8753280839895,4.85912232385004,0.0223362943863587,0
34.9081364829396,4.85912232385004,0.0224668610845423,0
34.9409448818898,4.85912232385004,0.0227562764004401,0
34.9737532808399,4.85912232385004,0.023045691716338,0
35.00656167979,4.85912232385004,0.0233351070322359,0
35.0393700787402,4.85912232385004,0.0236245223481337,0
35.0721784776903,4.85912232385004,0.0239139376640316,0
35.1049868766404,4.85912232385004,0.0242033529799295,0
35.1377952755905,4.85912232385004,0.0244927682958273,0
35.1706036745407,4.85912232385004,0.0247821836117252,0
35.2034120734908,4.85912232385004,0.025071598927623,0
35.2362204724409,4.85912232385004,0.0253610142435209,0
35.2690288713911,4.85912232385004,0.0256504295594188,0
35.3018372703412,4.85912232385004,0.0259398448753167,0
35.3346456692913,4.85912232385004,0.0262292601912145,0
35.3674540682415,4.85912232385004,0.0265186755071124,0
35.4002624671916,4.85912232385004,0.0268080908230102,0
35.4330708661417,4.85912232385004,0.0270975061389081,0
35.4658792650919,4.91132417828127,0.0273185610983968,0
35.498687664042,4.98515866356153,0.0273530153026703,0
35.5314960629921,5.05899314884177,0.0273874695069437,0
35.5643044619422,5.13282763412203,0.0274219237112171,0
35.5971128608924,5.20666211940228,0.0274563779154905,0
35.6299212598425,5.28049660468253,0.0274908321197639,0
35.6627296587926,5.35433108996279,0.0275252863240373,0
35.6955380577428,5.42816557524304,0.0275597405283107,0
35.7283464566929,5.50200006052329,0.0275941947325841,0
35.761154855643,5.57583454580354,0.0276286489368576,0
35.7939632545932,5.64966903108379,0.027663103141131,0
35.8267716535433,5.72350351636404,0.0276975573454044,0
35.8595800524934,5.79733800164429,0.0277320115496778,0
35.8923884514436,5.87117248692454,0.0277664657539512,0
35.9251968503937,5.9450069722048,0.0278009199582246,0
35.9580052493438,6.01884145748506,0.027835374162498,0
35.990813648294,6.09267594276531,0.0278698283667714,0
36.0236220472441,6.16651042804556,0.0279042825710448,0
36.0564304461942,6.10762114107496,0.0279387367753184,0
36.0892388451444,6.04234717582721,0.027973190979592,0
36.1220472440945,5.97707321057945,0.0280076451838656,0
36.1548556430446,5.91179924533169,0.0280420993881392,0
36.1876640419947,5.84652528008393,0.0280765535924128,0
36.2204724409449,5.78125131483617,0.0281110077966863,0
36.253280839895,5.71597734958841,0.0281454620009599,0
36.2860892388451,5.65070338434065,0.0281799162052335,0
36.3188976377953,5.58542941909289,0.0282143704095071,0
36.3517060367454,5.52015545384514,0.0282488246137807,0
36.3845144356955,5.45488148859738,0.0282832788180543,0
36.4173228346457,5.38960752334962,0.0283177330223279,0
36.4501312335958,5.32433355810186,0.0283521872266014,0
36.4829396325459,5.2590595928541,0.028386641430875,0
36.5157480314961,5.19378562760634,0.0284210956351486,0
36.5485564304462,5.12851166235858,0.0284555498394222,0
36.5813648293963,5.06323769711082,0.0284900040436958,0
36.6141732283465,4.99796373186307,0.0285125107215668,0
36.6469816272966,4.93268976661531,0.0285125107215668,0
36.6797900262467,4.86741580136755,0.0285125107215668,0
36.7125984251968,4.85912232385004,0.0285125107215668,0
36.745406824147,4.85912232385004,0.0285125107215668,0
36.7782152230971,4.85912232385004,0.0285125107215668,0
36.8110236220472,4.85912232385004,0.0285125107215668,0
36.8438320209974,4.85912232385004,0.0285125107215668,0
36.8766404199475,4.85912232385004,0.0285125107215668,0
36.9094488188976,4.85912232385004,0.0285125107215668,0
36.9422572178478,4.85912232385004,0.0285125107215668,0
36.9750656167979,4.85912232385004,0.0285125107215668,0
37.007874015748,4.85912232385004,0.0285125107215668,0
37.0406824146982,4.85912232385004,0.0285125107215668,0
37.0734908136483,4.85912232385004,0.0285125107215668,0
37.1062992125984,4.85912232385004,0.0285125107215668,0
37.1391076115486,4.85912232385004,0.0285125107215668,0
37.1719160104987,4.85912232385004,0.0285125107215668,0
37.2047244094488,4.85912232385004,0.0285125107215668,0
37.2375328083989,4.85912232385004,0.0285125107215668,0
37.2703412073491,4.85743025009242,0.0285125107215668,0
37.3031496062992,4.85331394233012,0.0285125107215668,0
37.3359580052493,4.84919763456783,0.0285125107215668,0
37.3687664041995,4.84508132680554,0.0285125107215668,0
37.4015748031496,4.84096501904325,0.0285125107215668,0
37.4343832020997,4.83684871128096,0.0285125107215668,0
37.4671916010499,4.83273240351867,0.0285125107215668,0
37.5,4.82861609575638,0.0285125107215668,0
37.5328083989501,4.82449978799409,0.0285125107215668,0
37.5656167979003,4.8203834802318,0.0285125107215668,0
37.5984251968504,4.81626717246951,0.0285125107215668,0
37.6312335958005,4.81215086470722,0.0285125107215668,0
37.6640419947507,4.80803455694492,0.0285125107215668,0
37.6968503937008,4.80391824918263,0.0285125107215668,0
37.7296587926509,4.79980194142034,0.0285125107215668,0
37.762467191601,4.79568563365805,0.0285125107215668,0
37.7952755905512,4.79156932589576,0.0285125107215668,0
37.8280839895013,4.78828432795882,0.0285125107215668,0
37.8608923884514,4.79232928040352,0.0285125107215668,0
37.8937007874016,4.79637423284823,0.0285125107215668,0
37.9265091863517,4.80041918529293,0.0285125107215668,0
37.9593175853018,4.80446413773763,0.0285125107215668,0
37.992125984252,4.80850909018233,0.0285125107215668,0
38.0249343832021,4.81255404262703,0.0285125107215668,0
38.0577427821522,4.81659899507173,0.0285125107215668,0
38.0905511811024,4.82064394751643,0.0285125107215668,0
38.1233595800525,4.82468889996114,0.0285125107215668,0
38.1561679790026,4.82873385240584,0.0285125107215668,0
38.1889763779528,4.83277880485054,0.0285125107215668,0
38.2217847769029,4.83682375729524,0.0285125107215668,0
38.254593175853,4.84086870973994,0.0285125107215668,0
38.2874015748031,4.84491366218464,0.0285125107215668,0
38.3202099737533,4.84895861462934,0.0285125107215668,0
38.3530183727034,4.85300356707405,0.0285656932641927,0
38.3858267716535,4.85704851951875,0.0286208199910303,0
38.4186351706037,4.85912232385004,0.0286759467178679,0
38.4514435695538,4.85912232385004,0.0287310734447056,0
38.4842519685039,4.85912232385004,0.0287862001715432,0
38.5170603674541,4.85912232385004,0.0288413268983808,0
38.5498687664042,4.85912232385004,0.0288964536252185,0
38.5826771653543,4.85912232385004,0.0289515803520561,0
38.6154855643045,4.85912232385004,0.0290067070788938,0
38.6482939632546,4.85912232385004,0.0290618338057314,0
38.6811023622047,4.85912232385004,0.029116960532569,0
38.7139107611549,4.85912232385004,0.0291720872594067,0
38.746719160105,4.85912232385004,0.0292272139862443,0
38.7795275590551,4.85912232385004,0.0292823407130819,0
38.8123359580052,4.85912232385004,0.0293374674399196,0
38.8451443569554,4.85912232385004,0.0293925941667572,0
38.8779527559055,4.85912232385004,0.0294477208935949,0
38.9107611548556,4.85912232385004,0.0294611672831402,0
38.9435695538058,4.85912232385004,0.0294336039197211,0
38.9763779527559,4.85912232385004,0.029406040556302,0
39.009186351706,4.85912232385004,0.0293784771928829,0
39.0419947506562,4.85912232385004,0.0293509138294638,0
39.0748031496063,4.85912232385004,0.0293233504660447,0
39.1076115485564,4.85912232385004,0.0292957871026257,0
39.1404199475066,4.85912232385004,0.0292682237392066,0
39.1732283464567,4.85912232385004,0.0292406603757875,0
39.2060367454068,4.85912232385004,0.0292130970123684,0
39.238845144357,4.85912232385004,0.0291855336489493,0
39.2716535433071,4.85912232385004,0.0291579702855302,0
39.3044619422572,4.85912232385004,0.0291304069221111,0
39.3372703412073,4.85912232385004,0.0291028435586921,0
39.3700787401575,4.85912232385004,0.029075280195273,0
39.4028871391076,4.85912232385004,0.0290477168318539,0
39.4356955380577,4.85912232385004,0.0290201534684348,0
39.4685039370079,4.85912232385004,0.0290643273179229,0
39.501312335958,4.85912232385004,0.030690565759634,0
39.5341207349081,4.85912232385004,0.0323168042013452,0
39.5669291338583,4.85912232385004,0.0339430426430563,0
39.5997375328084,4.85912232385004,0.0355692810847674,0
39.6325459317585,4.85912232385004,0.0371955195264788,0
39.6653543307087,4.85912232385004,0.0388217579681899,0
39.6981627296588,4.85912232385004,0.040447996409901,0
39.7309711286089,4.85912232385004,0.0420742348516121,0
39.7637795275591,4.85912232385004,0.0437004732933232,0
39.7965879265092,4.85912232385004,0.0453267117350343,0
39.8293963254593,4.85912232385004,0.0469529501767454,0
39.8622047244094,4.85912232385004,0.0485791886184565,0
39.8950131233596,4.85912232385004,0.0502054270601676,0
39.9278215223097,4.85912232385004,0.051831665501879,0
39.9606299212598,4.85912232385004,0.0534579039435901,0
39.99343832021,4.85912232385004,0.0550841423853012,0
40.0262467191601,4.85912232385004,0.0567103808270123,0
40.0590551181102,4.85912232385004,0.0614846062534004,0
40.0918635170604,4.85912232385004,0.0685132639252012,0
40.1246719160105,4.85912232385004,0.075541921597002,0
40.1574803149606,4.85912232385004,0.0825705792688028,0
40.1902887139108,4.85912232385004,0.0895992369406048,0
40.2230971128609,4.85912232385004,0.0966278946124056,0
40.255905511811,4.85912232385004,0.103656552284206,0
40.2887139107612,4.85912232385004,0.110685209956007,0
40.3215223097113,4.85912232385004,0.117713867627808,0
40.3543307086614,4.85912232385004,0.124742525299609,0
40.3871391076115,4.85912232385004,0.13177118297141,0
40.4199475065617,4.85912232385004,0.13879984064321,0
40.4527559055118,4.85912232385004,0.145828498315012,0
40.4855643044619,4.85912232385004,0.158497180493617,0
40.5183727034121,4.85912232385004,0.177102450801321,0
40.5511811023622,4.85912232385004,0.195707721109025,0
40.5839895013123,4.85912232385004,0.214312991416729,0
40.6167979002625,4.85912232385004,0.235975530999792,0
40.6496062992126,4.85912232385004,0.279635898655236,0
40.6824146981627,4.85912232385004,0.323296266310679,0
40.7152230971129,4.85912232385004,0.372540555571314,0
40.748031496063,4.85912232385004,0.442551498655129,0
40.7808398950131,4.85912232385004,0.512562441738931,0
40.8136482939632,4.85912232385004,0.525027714321505,0
40.8464566929134,4.85912232385004,0.497965502964837,0
40.8792650918635,4.85912232385004,0.470903291608169,0
40.9120734908136,4.97441860301594,0.513433872007247,0
40.9448818897638,5.11516559058144,0.664047964974301,0
40.9776902887139,5.25591257814694,0.773095375086123,0
41.010498687664,5.39665956571244,0.80648944999741,0
41.0433070866142,5.53740655327794,0.839883524908691,0
41.0761154855643,5.67815354084344,0.873277599819972,0
41.1089238845144,5.81890052840896,0.912632928680815,0
41.1417322834646,5.95964751597446,0.956458676516723,0
41.1745406824147,6.10039450353996,1.00028442435263,0
41.2073490813648,6.24114149110546,1.01669688073777,0
41.240157480315,6.38188847867096,1.01907175981805,0
41.2729658792651,6.87309434357669,1.02144663889834,0
41.3057742782152,8.98357156947599,1.02382151797862,0
41.3385826771653,11.0940487953753,1.02619639705891,0
41.3713910761155,13.2045260212746,1.02857127613919,0
41.4041994750656,15.3336860082713,1.03094615521947,0
41.4370078740157,17.5588446592302,1.03332103429976,0
41.4698162729659,19.784003310189,1.03569591338004,0
41.502624671916,22.0091619611479,1.03807079246033,0
41.5354330708661,27.0207990866527,1.04044567154061,0
41.5682414698163,27.3051785650877,1.04289040040571,0
41.6010498687664,27.5895580435227,1.04860858582876,0
41.6338582677165,27.8739375219578,1.05432677125182,0
41.6666666666667,28.1583170003928,1.06004495667488,0
41.6994750656168,28.4426964788279,1.06576314209794,0
41.7322834645669,28.7270759572629,1.071481327521,0
41.7650918635171,29.0114554356979,1.07719951294405,0
41.7979002624672,29.2958349141329,1.08291769836711,0
41.8307086614173,29.580214392568,1.08863588379017,0
41.8635170603674,29.864593871003,1.09435406921323,0
41.8963254593176,30.148973349438,1.10007225463629,0
41.9291338582677,30.4333528278731,1.10579044005935,0
41.9619422572178,30.7177323063081,1.1115086254824,0
41.994750656168,31.0021117847431,1.11722681090546,0
42.0275590551181,31.2864912631782,1.12294499632852,0
42.0603674540682,31.5708707416132,1.12866318175158,0
42.0931758530184,31.7052624365886,1.13438136717464,0
42.1259842519685,31.6489636415624,1.13591255354736,0
42.1587926509186,31.5926648465362,1.11110552647042,0
42.1916010498688,31.53636605151,1.08629849939348,0
42.2244094488189,31.4800672564838,1.06149147231655,0
42.257217847769,31.4237684614576,1.03951773701481,0
42.2900262467192,31.3674696664315,1.02625850913665,0
42.3228346456693,31.3111708714053,1.01299928125848,0
42.3556430446194,31.2548720763791,0.999740053380317,0
42.3884514435696,31.1985732813529,0.986480825502149,0
42.4212598425197,31.1422744863267,0.973221597623985,0
42.4540682414698,31.0859756913005,0.95996236974582,0
42.4868766404199,31.0296768962743,0.946703141867655,0
42.5196850393701,30.9733781012482,0.935501068202421,0
42.5524934383202,30.917079306222,0.926697162183821,0
42.5853018372703,30.8607805111958,0.917893256165222,0
42.6181102362205,30.8044817161696,0.909089350146623,0
42.6509186351706,30.7481829211434,0.900285444128022,0
42.6837270341207,30.6918841261173,0.891481538109422,0
42.7165354330709,30.6355853310911,0.882677632090823,0
42.749343832021,30.5792865360649,0.873873726072224,0
42.7821522309711,30.5229877410387,0.871058675379721,0
42.8149606299213,30.4666889460125,0.871547298640328,0
42.8477690288714,30.3894409617024,0.872035921900934,0
42.8805774278215,30.2003495600998,0.872524545161541,0
42.9133858267717,30.0112581584972,0.873013168422148,0
42.9461942257218,29.8221667568946,0.873501791682754,0
42.9790026246719,29.633075355292,0.873990414943361,0
43.011811023622,29.4439839536894,0.874479038203967,0
43.0446194225722,29.2548925520867,0.874967661464574,0
43.0774278215223,29.0658011504841,0.87545628472518,0
43.1102362204724,28.8767097488815,0.875944907985787,0
43.1430446194226,28.6876183472789,0.876433531246393,0
43.1758530183727,28.4985269456763,0.876922154507,0
43.2086614173228,28.3094355440737,0.877410777767606,0
43.241469816273,28.1203441424711,0.877899401028213,0
43.2742782152231,27.9312527408685,0.878388024288819,0
43.3070866141732,27.7421613392659,0.881330482730817,0
43.3398950131234,27.5530699376633,0.885660068354531,0
43.3727034120735,27.3470604312647,0.889989653978246,0
43.4055118110236,27.127475252773,0.894319239601961,0
43.4383202099737,26.9078900742814,0.898648825225676,0
43.4711286089239,26.6883048957898,0.902978410849391,0
43.503937007874,26.4687197172982,0.907307996473106,0
43.5367454068241,26.2491345388065,0.911637582096821,0
43.5695538057743,26.0295493603149,0.915967167720536,0
43.6023622047244,25.8099641818232,0.920296753344251,0
43.6351706036745,25.5903790033316,0.924626338967965,0
43.6679790026247,25.37079382484,0.92895592459168,0
43.7007874015748,25.1512086463484,0.933285510215395,0
43.7335958005249,24.9316234678567,0.93761509583911,0
43.7664041994751,24.7120382893651,0.941944681462825,0
43.7992125984252,24.4924531108735,0.94627426708654,0
43.8320209973753,24.2728679323819,0.950603852710255,0
43.8648293963255,24.0532827538902,0.95493343833397,0
43.8976377952756,23.8567208101973,0.927173165441886,0
43.9304461942257,23.7966687621694,0.892100539523651,0
43.9632545931758,23.7366167141414,0.857027913605417,0
43.996062992126,23.6765646661135,0.821955287687182,0
44.0288713910761,23.6165126180856,0.803296089271828,0
44.0616797900262,23.5564605700576,0.788411873025661,0
44.0944881889764,23.4964085220297,0.773527656779494,0
44.1272965879265,23.4363564740017,0.758643440533328,0
44.1601049868766,23.3763044259738,0.743759224287161,0
44.1929133858268,23.3162523779459,0.728875008040994,0
44.2257217847769,23.2562003299179,0.713990791794827,0
44.258530183727,23.19614828189,0.671760633532663,0
44.2913385826772,23.1360962338621,0.609998218771477,0
44.3241469816273,23.0760441858341,0.592354853595321,0
44.3569553805774,23.0159921378062,0.574711488419165,0
44.3897637795276,22.7690613634684,0.557068123243009,0
44.4225721784777,22.3937360632939,0.539424758066853,0
44.4553805774278,22.0184107631194,0.521781392890697,0
44.4881889763779,21.6430854629449,0.504138027714541,0
44.5209973753281,21.2677601627703,0.486494662538385,0
44.5538057742782,20.8924348625958,0.468851297362226,0
44.5866141732283,20.5171095624213,0.451207932186069,0
44.6194225721785,20.1417842622468,0.433564567009913,0
44.6522309711286,19.7664589620723,0.435423252213557,0
44.6850393700787,19.3911336618977,0.439514560410575,0
44.7178477690289,19.0158083617232,0.443605868607594,0
44.750656167979,18.6404830615487,0.447697176804613,0
44.7834645669291,18.3309712103921,0.451788485001631,0
44.8162729658793,18.0248140244642,0.45587979319865,0
44.8490813648294,17.7186568385363,0.45997110139567,0
44.8818897637795,17.4124996526084,0.464062409592688,0
44.9146981627296,17.1063424666805,0.468153717789707,0
44.9475065616798,16.8001852807525,0.472245025986726,0
44.9803149606299,16.4940280948246,0.476336334183744,0
45.01312335958,16.1878709088967,0.480427642380763,0
45.0459317585302,15.8817137229688,0.484518950577782,0
45.0787401574803,15.5755565370409,0.488610258774801,0
45.1115485564304,15.269399351113,0.493463397135992,0
45.1443569553806,14.9632421651851,0.4983398469792,0
45.1771653543307,14.6570849792572,0.503216296822407,0
45.2099737532808,14.3509277933293,0.508092746665615,0
45.242782152231,14.0454508277889,0.512969196508822,0
45.2755905511811,14.055362441314,0.51784564635203,0
45.3083989501312,14.0652740548391,0.522722096195237,0
45.3412073490814,14.0751856683642,0.527598546038445,0
45.3740157480315,14.0850972818893,0.532474995881653,0
45.4068241469816,14.0950088954144,0.537351445724861,0
45.4396325459318,14.1049205089395,0.542227895568068,0
45.4724409448819,14.1148321224646,0.547104345411276,0
45.505249343832,14.1247437359897,0.551980795254484,0
45.5380577427822,14.1346553495148,0.556857245097691,0
45.5708661417323,14.1445669630399,0.561733694940899,0
45.6036745406824,14.154478576565,0.578001164912651,0
45.6364829396325,14.1643901900901,0.59718526585215,0
45.6692913385827,14.1743018036152,0.616369366791653,0
45.7020997375328,14.1842134171403,0.635553467731152,0
45.7349081364829,14.1941250306654,0.663041159638245,0
45.7677165354331,14.2040366441905,0.7014920516075,0
45.8005249343832,14.2139482577156,0.739942943576755,0
45.8333333333333,14.2238598712407,0.77839383554601,0
45.8661417322835,14.2337714847658,0.815791135602632,0
45.8989501312336,14.2436830982909,0.853119804918404,0
45.9317585301837,14.2713138185039,0.890448474234183,0
45.9645669291339,14.5886342995606,0.909940158425606,0
45.997375328084,14.9059547806173,0.927073545126749,0
46.0301837270341,15.223275261674,0.944206931827892,0
46.0629921259843,15.5405957427307,0.95504097061213,0
46.0958005249344,15.8579162237874,0.946523891315713,0
46.1286089238845,16.1752367048441,0.938006812019295,0
46.1614173228346,16.4925571859008,0.929489732722878,0
46.1942257217848,16.8098776669575,0.920972653426458,0
46.2270341207349,17.1271981480142,0.912455574130041,0
46.259842519685,17.4445186290708,0.903938494833623,0
46.2926509186352,17.7849795403363,0.895421415537206,0
46.3254593175853,18.1621728939495,0.886904336240788,0
46.3582677165354,18.5393662475626,0.881142424407763,0
46.3910761154856,18.9165596011758,0.877972637614598,0
46.4238845144357,19.293752954789,0.874802850821433,0
46.4566929133858,19.6709463084021,0.871633064028268,0
46.489501312336,20.0481396620153,0.868463277235102,0
46.5223097112861,20.4253330156284,0.865293490441937,0
46.5551181102362,20.8025263692416,0.862123703648772,0
46.5879265091864,21.1797197228548,0.858953916855607,0
46.6207349081365,21.1687321054267,0.855784130062442,0
46.6535433070866,21.1112879280493,0.852614343269277,0
46.6863517060367,21.0538437506719,0.849444556476112,0
46.7191601049869,20.9963995732945,0.846274769682947,0
46.751968503937,20.9389553959171,0.843104982889781,0
46.7847769028871,20.8815112185397,0.839935196096616,0
46.8175853018373,20.8240670411623,0.836765409303451,0
46.8503937007874,20.7666228637848,0.833595622510286,0
46.8832020997375,20.7091786864074,0.830425835717121,0
46.9160104986877,20.65173450903,0.827231983826479,0
46.9488188976378,20.5942903316526,0.823621183218613,0
46.9816272965879,20.5368461542752,0.820010382610746,0
47.0144356955381,20.4794019768978,0.816399582002879,0
47.0472440944882,20.4219577995204,0.812788781395012,0
47.0800524934383,20.364513622143,0.809177980787145,0
47.1128608923884,20.3070694447656,0.805567180179278,0
47.1456692913386,20.2450009944938,0.801956379571411,0
47.1784776902887,20.1636805127893,0.798345578963545,0
47.2112860892388,20.0823600310849,0.794734778355678,0
47.244094488189,20.0010395493804,0.791123977747811,0
47.2769028871391,19.9197190676759,0.787513177139944,0
47.3097112860892,19.8383985859714,0.783902376532077,0
47.3425196850394,19.7570781042669,0.78029157592421,0
47.3753280839895,19.6757576225624,0.776680775316343,0
47.4081364829396,19.594437140858,0.773069974708477,0
47.4409448818898,19.5131166591535,0.76945917410061,0
47.4737532808399,19.431796177449,0.765848373492743,0
47.50656167979,19.3504756957445,0.758445280721127,0
47.5393700787402,19.26915521404,0.748448967587899,0
47.5721784776903,19.1878347323355,0.73845265445467,0
47.6049868766404,19.1065142506311,0.728456341321443,0
47.6377952755905,19.0251937689266,0.718460028188215,0
47.6706036745407,18.9438732872221,0.708463715054988,0
47.7034120734908,18.8625528055176,0.69846740192176,0
47.7362204724409,18.7539602437503,0.688471088788533,0
47.7690288713911,18.6353725675122,0.678474775655305,0
47.8018372703412,18.516784891274,0.668478462522078,0
47.8346456692913,18.3981972150359,0.658482149388848,0
47.8674540682415,18.2796095387977,0.648485836255621,0
47.9002624671916,18.1610218625595,0.638489523122393,0
47.9330708661417,18.0424341863214,0.629628808450001,0
47.9658792650919,17.9238465100832,0.621911066692731,0
47.998687664042,17.805258833845,0.614193324935461,0
48.0314960629921,17.6866711576069,0.606475583178192,0
48.0643044619422,17.5680834813687,0.598757841420922,0
48.0971128608924,17.4494958051306,0.591040099663652,0
48.1299212598425,17.3309081288924,0.583322357906381,0
48.1627296587926,17.2259569185419,0.577071692166178,0
48.1955380577428,17.129444698497,0.572207569209914,0
48.2283464566929,17.0329324784521,0.56734344625365,0
48.261154855643,16.9364202584072,0.562479323297385,0
48.2939632545932,16.8399080383623,0.557615200341121,0
48.3267716535433,16.7433958183174,0.552751077384857,0
48.3595800524934,16.6468835982725,0.547886954428592,0
48.3923884514436,16.5503713782276,0.543022831472327,0
48.4251968503937,16.4538591581827,0.538158708516063,0
48.4580052493438,16.3573469381378,0.533294585559798,0
48.490813648294,16.2608347180929,0.528430462603534,0
48.5236220472441,16.164322498048,0.52356633964727,0
48.5564304461942,16.0678102780031,0.518702216691005,0
48.5892388451444,15.9712980579582,0.513838093734741,0
48.6220472440945,15.8761043592687,0.508973970778477,0
48.6548556430446,15.7853358931217,0.502775018639751,0
48.6876640419947,15.6945674269748,0.495926122033726,0
48.7204724409449,15.6037989608278,0.489077225427701,0
48.753280839895,15.5130304946809,0.482228328821676,0
48.7860892388451,15.4222620285339,0.475379432215651,0
48.8188976377953,15.3314935623869,0.468530535609626,0
48.8517060367454,15.24072509624,0.461681639003601,0
48.8845144356955,15.149956630093,0.454832742397576,0
48.9173228346457,15.0591881639461,0.447983845791551,0
48.9501312335958,14.9684196977991,0.441134949185525,0
48.9829396325459,14.8776512316521,0.4342860525795,0
49.0157480314961,14.7868827655052,0.421357914308536,0
49.0485564304462,14.6961142993582,0.402752644000828,0
49.0813648293963,14.6053458332112,0.38414737369312,0
49.1141732283465,14.5145773670643,0.365542103385412,0
49.1469816272966,14.4238089009173,0.346936833077704,0
49.1797900262467,14.3330404347704,0.330882118011814,0
49.2125984251968,14.2422719686234,0.316101264378466,0
49.245406824147,14.1515035024764,0.30132041074512,0
49.2782152230971,14.0607350363295,0.286539557111774,0
49.3110236220472,14.0345605886629,0.271758703478428,0
49.3438320209974,14.0345605886629,0.256977849845083,0
49.3766404199475,14.0345605886629,0.241584385277188,0
49.4094488188976,14.0345605886629,0.226079993354091,0
49.4422572178478,14.0345605886629,0.210575601430995,0
49.4750656167979,14.0345605886629,0.195071209507896,0
49.507874015748,14.0345605886629,0.179566817584799,0
49.5406824146982,14.0345605886629,0.164588669927954,0
49.5734908136483,14.0345605886629,0.168971244711546,0
49.6062992125984,14.0345605886629,0.173353819495137,0
49.6391076115486,14.0345605886629,0.177736394278729,0
49.6719160104987,14.0196527308004,0.182118969062321,0
49.7047244094488,13.8078429537177,0.186501543845913,0
49.7375328083989,13.596033176635,0.190884118629504,0
49.7703412073491,13.3842233995524,0.195266693413097,0
49.8031496062992,13.1724136224697,0.199928786116597,0
49.8359580052493,12.960603845387,0.204683466306345,0
49.8687664041995,12.7487940683043,0.209438146496092,0
49.9015748031496,12.5369842912217,0.21419282668584,0
49.9343832020997,12.325174514139,0.218947506875588,0
49.9671916010499,12.1133647370563,0.223702187065336,0
50,11.9015549599737,0.228456867255084,0
50.0328083989501,11.689745182891,0.233211547444833,0
50.0656167979003,11.4779354058083,0.23796622763458,0
50.0984251968504,11.2672892531626,0.242720907824328,0
50.1312335958005,11.1764917430355,0.247475588014076,0
50.1640419947507,11.0856942329083,0.252230268203824,0
50.1968503937008,10.9948967227812,0.256984948393572,0
50.2296587926509,10.9040992126541,0.26173962858332,0
50.262467191601,10.8133017025269,0.265308206160304,0
50.2952755905512,10.7225041923998,0.264150544896713,0
50.3280839895013,10.6317066822726,0.262992883633122,0
50.3608923884514,10.5409091721455,0.261835222369531,0
50.3937007874016,10.4501116620184,0.26067756110594,0
50.4265091863517,10.3593141518912,0.25951989984235,0
50.4593175853018,10.2685166417641,0.258362238578759,0
50.492125984252,10.1777191316369,0.257204577315168,0
50.5249343832021,10.1108588732787,0.256046916051577,0
50.5577427821522,10.1620395960297,0.254889254787986,0
50.5905511811024,10.2132203187808,0.253731593524395,0
50.6233595800525,10.2644010415319,0.252573932260804,0
50.6561679790026,10.315581764283,0.251416270997214,0
50.6889763779528,10.366762487034,0.250258609733623,0
50.7217847769029,10.4179432097851,0.249100948470032,0
50.754593175853,10.4691239325362,0.249054176182828,0
50.7874015748031,10.5203046552872,0.249605443451204,0
50.8202099737533,10.5714853780383,0.250156710719581,0
50.8530183727034,10.6226661007894,0.250707977987958,0
50.8858267716535,10.6738468235405,0.251259245256335,0
50.9186351706037,10.7250275462915,0.251810512524711,0
50.9514435695538,10.7762082690426,0.252361779793088,0
50.9842519685039,10.8273889917937,0.252913047061465,0
51.0170603674541,10.8785697145447,0.253464314329841,0
51.0498687664042,10.9297504372958,0.254015581598218,0
51.0826771653543,10.9809311600469,0.254566848866595,0
51.1154855643045,11.032111882798,0.255118116134972,0
51.1482939632546,11.083292605549,0.255669383403348,0
51.1811023622047,11.0935225456944,0.256220650671725,0
51.2139107611549,11.1020698564423,0.256771917940102,0
51.246719160105,11.1106171671902,0.257323185208479,0
51.2795275590551,11.1191644779381,0.257874452476855,0
51.3123359580052,11.127711788686,0.258054745467127,0
51.3451443569554,11.1362590994338,0.256647045121094,0
51.3779527559055,11.1448064101817,0.25523934477506,0
51.4107611548556,11.1533537209296,0.253831644429027,0
51.4435695538058,11.1619010316775,0.252423944082994,0
51.4763779527559,11.1704483424253,0.251016243736961,0
51.509186351706,11.1789956531732,0.249608543390928,0
51.5419947506562,11.1875429639211,0.248200843044895,0
51.5748031496063,11.196090274669,0.246793142698862,0
51.6076115485564,11.2046375854168,0.245385442352829,0
51.6404199475066,11.2131848961647,0.243977742006796,0
51.6732283464567,11.2217322069126,0.242570041660763,0
51.7060367454068,11.2302795176605,0.24116234131473,0
51.738845144357,11.2388268284083,0.239754640968697,0
51.7716535433071,11.2473741391562,0.238346940622664,0
51.8044619422572,11.2559214499041,0.236939240276631,0
51.8372703412073,11.264468760652,0.235531539930598,0
51.8700787401575,11.2681623398691,0.234123839584565,0
51.9028871391076,11.2681623398691,0.239368599915165,0
51.9356955380577,11.2681623398691,0.247090183483073,0
51.9685039370079,11.2681623398691,0.254811767050979,0
52.001312335958,11.2681623398691,0.262533350618888,0
52.0341207349081,11.2681623398691,0.270254934186793,0
52.0669291338583,11.2681623398691,0.277976517754702,0
52.0997375328084,11.2681623398691,0.28569810132261,0
52.1325459317585,11.2681623398691,0.293419684890516,0
52.1653543307087,11.2681623398691,0.301141268458424,0
52.1981627296588,11.2681623398691,0.30886285202633,0
52.2309711286089,11.2681623398691,0.316584435594239,0
52.2637795275591,11.2681623398691,0.324306019162144,0
52.2965879265092,11.2681623398691,0.332027602730053,0
52.3293963254593,11.2681623398691,0.339749186297959,0
52.3622047244094,11.2681623398691,0.347470769865867,0
52.3950131233596,11.2681623398691,0.355192353433776,0
52.4278215223097,11.2681623398691,0.362913937001681,0
52.4606299212598,11.2681623398691,0.377245424732887,0
52.49343832021,11.2681623398691,0.398856797731258,0
52.5262467191601,11.2685380659301,0.420468170729637,0
52.5590551181102,11.2966874634432,0.442079543728009,0
52.5918635170604,11.3248368609563,0.463505238565026,0
52.6246719160105,11.3529862584694,0.463505238565026,0
52.6574803149606,11.3811356559825,0.463505238565026,0
52.6902887139108,11.4092850534956,0.463505238565026,0
52.7230971128609,11.4374344510087,0.460608278546213,0
52.755905511811,11.4655838485218,0.435801251469256,0
52.7887139107611,11.4937332460348,0.410994224392309,0
52.8215223097113,11.5218826435479,0.386187197315352,0
52.8543307086614,11.550032041061,0.373099820450766,0
52.8871391076115,11.5781814385741,0.400387550235398,0
52.9199475065617,11.6063308360872,0.427675280020031,0
52.9527559055118,11.6344802336003,0.454963009804654,0
52.9855643044619,11.6626296311134,0.480743234360427,0
53.0183727034121,11.6907790286265,0.503506042129734,0
53.0511811023622,11.7189284261396,0.52626884989905,0
53.0839895013123,12.2442441771537,0.549031657668357,0
53.1167979002625,13.145024897573,0.571794465437672,0
53.1496062992126,14.045805617992,0.59455727320698,0
53.1824146981627,14.9465863384114,0.638421658966218,0
53.2152230971129,15.8473670588304,0.703776207694466,0
53.248031496063,16.7481477792497,0.769130756422691,0
53.2808398950131,17.6262188755066,0.834485305150939,0
53.3136482939632,18.4707008008993,0.889841114679165,0
53.3464566929134,19.3151827262923,0.825342844279081,0
53.3792650918635,20.159664651685,0.691415947036188,0
53.4120734908136,21.004146577078,1.08839679767981,0
53.4448818897638,21.8486285024707,1.21886845821718,0
53.4776902887139,22.6931104278637,1.29452111577719,0
53.510498687664,23.5375923532564,1.23285504058296,0
53.5433070866142,24.1060769064919,1.24153750005989,0
53.5761154855643,23.4304913661778,1.25021995953682,0
53.6089238845144,22.754905825864,1.25890241901375,0
53.6417322834646,22.0793202855498,1.26758487849068,0
53.6745406824147,21.403734745236,1.27626733796761,0
53.7073490813648,20.7281492049219,1.28494979744454,0
53.7401574803149,20.0696936734857,1.29363225692147,0
53.7729658792651,20.5200840336953,1.26596840880639,0
53.8057742782152,20.9704743939048,1.23764906752482,0
53.8385826771653,21.4208647541144,1.20932972624326,0
53.8713910761155,21.871255114324,1.18108216076115,0
53.9041994750656,22.3216454745334,1.15355615929403,0
53.9370078740157,22.772035834743,1.12603015782691,0
53.9698162729659,20.546204617866,1.0985041563598,0
54.002624671916,17.8438624566093,1.07097815489268,0
54.0354330708661,21.9310253181277,1.04345215342556,0
54.0682414698163,27.7861000008507,1.01592615195845,0
54.1010498687664,31.5702338815779,0.964232984154264,0
54.1338582677165,34.6189808229805,0.919275229753552,0
54.1666666666667,37.6677277643843,0.899291791274904,0
54.1994750656168,40.716474705787,0.879308352796263,0
54.2322834645669,46.9440049046272,0.859324914317615,0
54.265091863517,47.7368046348821,0.839341475838967,0
54.2979002624672,48.5296043651373,0.834122859996583,0
54.3307086614173,49.3224040953922,0.829269311220658,0
54.3635170603674,50.1152038256474,0.824415762444735,0
54.3963254593176,50.9140841995323,0.81956221366881,0
54.4291338582677,52.3215540751868,0.814708664892888,0
54.4619422572178,53.7290239508419,0.809855116116963,0
54.494750656168,55.1364938264965,0.80500156734104,0
54.5275590551181,56.5439637021515,0.800148018565115,0
54.5603674540682,57.9514335778061,0.79529446978919,0
54.5931758530184,59.3855421634702,0.790440921013267,0
54.6259842519685,60.9337590266895,0.785587372237342,0
54.6587926509186,62.4819758899093,0.780733823461419,0
54.6916010498688,64.0301927531291,0.775880274685494,0
54.7244094488189,65.5784096163483,0.771026725909571,0
54.757217847769,67.1266264795681,0.766173177133647,0
54.7900262467192,69.3078412705174,0.761319628357724,0
54.8228346456693,72.5731713820372,0.762942801007379,0
54.8556430446194,75.8385014935558,0.784772984835096,0
54.8884514435696,79.1038316050755,0.806603168662804,0
54.9212598425197,82.3691617165953,0.82843335249052,0
54.9540682414698,85.6344918281138,0.859784486562587,0
54.9868766404199,90.0126774462712,0.897349683508163,0
55.0196850393701,95.3087106787861,0.934914880453727,0
55.0524934383202,98.7602409032073,0.972480077399304,0
55.0853018372703,102.138168604777,1.01004527434488,0
55.1181102362205,107.760826449318,1.04761047129044,0
55.1509186351706,112.824610624045,1.08517566823602,0
55.1837270341207,116.916799638205,1.07483943562001,0
55.2165354330709,120.857715290036,0.943203813451571,0
55.249343832021,120.820243899846,1.15528656593798,0
55.2821522309711,119.758609479352,1.33640190971637,0
55.3149606299213,118.696975058858,1.28182645014708,0
55.3477690288714,117.635340638364,1.22725099057777,0
55.3805774278215,116.57370621787,1.17267553100847,0
55.4133858267717,115.512071797376,1.14413683993993,0
55.4461942257218,114.450437376883,1.1565403534784,0
55.4790026246719,110.647879728278,1.16894386701687,0
55.511811023622,105.027083625893,1.18134738055535,0
55.5446194225722,100.84073150503,1.19375089409382,0
55.5774278215223,103.008468725177,1.20615440763229,0
55.6102362204724,96.9281988623515,1.21855792117077,0
55.6430446194226,92.5145911193895,1.23096143470924,0
55.6758530183727,90.0374441382392,1.19031501131205,0
55.7086614173228,86.8800824151418,1.11504814576894,0
55.741469816273,79.4263996546388,1.0397812802258,0
55.7742782152231,67.2395720038128,0.964514414682688,0
55.8070866141732,63.8425874708332,0.961155013886999,0
55.8398950131234,61.8158308498913,0.986698442190066,0
55.8727034120735,59.2580239333217,1.01224187049314,0
55.9055118110236,55.2532702923694,1.03778529879622,0
55.9383202099738,52.0819837603109,1.06389581855504,0
55.9711286089239,49.9506722343199,1.10103747827425,0
56.003937007874,47.819360708328,1.13817913799344,0
56.0367454068241,45.6880491823362,1.17532079771265,0
56.0695538057743,43.5567376563451,1.2009953057237,0
56.1023622047244,41.4254261303533,1.22580233280064,0
56.1351706036745,39.2941146043622,1.25060935987757,0
56.1679790026247,37.1628030783704,1.27541638695451,0
56.2007874015748,35.4261420238266,1.30022341403147,0
56.2335958005249,34.6280677138303,1.32503044110842,0
56.2664041994751,33.829993403834,1.34983746818538,0
56.2992125984252,33.031919093838,1.36667389286009,0
56.3320209973753,32.2338447838417,1.33690546036776,0
56.3648293963255,31.4357704738456,1.30713702787544,0
56.3976377952756,30.6376961638493,1.27736859538312,0
56.4304461942257,29.8396218538533,1.22994104760309,0
56.4632545931758,29.041547543857,1.13071293929538,0
56.496062992126,28.1609055479244,1.07275131188498,0
56.5288713910761,27.2555184967774,1.10736207606277,0
56.5616797900262,26.3501314456304,1.11050847367909,0
56.5944881889764,25.4447443944837,1.05830269398728,0
56.6272965879265,24.5393573433367,1.00609691429545,0
56.6601049868766,24.6612137949223,0.961306575672941,0
56.6929133858268,25.4192756456403,0.942346800907928,0
56.7257217847769,26.177337496358,0.923387026142915,0
56.758530183727,26.935399347076,0.904427251377908,0
56.7913385826772,27.6934611977937,0.885467476612895,0
56.8241469816273,28.4515230485117,1.0498265701485,0
56.8569553805774,29.8510934699021,1.07540385394821,0
56.8897637795276,31.9904476808961,1.10098113774792,0
56.9225721784777,34.1298018918909,1.12655842154763,0
56.9553805774278,36.2691561028849,1.15213570534734,0
56.9881889763779,37.8910350617963,1.17771298914705,0
57.0209973753281,38.5666206021104,1.20329027294677,0
57.0538057742782,39.2422061424248,1.22886755674648,0
57.0866141732283,39.9177916827391,1.20300653011027,0
57.1194225721785,40.5933772230532,1.1638958683372,0
57.1522309711286,41.2689627633675,1.1907865027105,0
57.1850393700787,41.9445483036816,1.24982153169476,0
57.2178477690289,42.6201338439959,1.30885656067904,0
57.250656167979,43.0287651627514,1.36789158966331,0
57.2834645669291,41.6775940821232,1.42692661864757,0
57.3162729658793,40.3321476951304,1.48596164763184,0
57.3490813648294,39.0560416745358,1.52130639939757,0
57.3818897637795,37.7799356539412,1.55627902245712,0
57.4146981627296,36.5038296333471,1.59125164551665,0
57.4475065616798,34.7804475885352,1.62797744106766,0
57.4803149606299,33.0539512077329,1.67759149522155,0
57.51312335958,31.32745482693,1.72720554937547,0
57.5459317585302,30.6001983200267,1.77681960352938,0
57.5787401574803,29.971879470546,1.8083401153452,0
57.6115485564304,29.3435606210655,1.77857168285287,0
57.6443569553806,28.7152417715849,1.74880325036056,0
57.6771653543307,28.0869229221042,1.71903481786823,0
57.7099737532808,27.4586040726237,1.69426922004221,0
57.742782152231,27.0374221147915,1.67938500379604,0
57.7755905511811,27.7998483831743,1.66450078754987,0
57.8083989501312,28.5622746515575,1.64961657130369,0
57.8412073490814,29.3247009199403,1.62591484819849,0
57.8740157480315,30.0871271883235,1.59118501029079,0
57.9068241469816,30.8495534567066,1.55645517238307,0
57.9396325459318,32.1120764659636,1.52172533447537,0
57.9724409448819,33.7409271391608,1.4695668762453,0
58.005249343832,35.3697778123575,1.40329162579685,0
58.0380577427822,37.211005695127,1.33701637534838,0
58.0708661417323,39.3479349954978,1.29098227018951,0
58.1036745406824,41.4848642958693,1.44277686320677,0
58.1364829396325,43.7674107495257,1.52215934985297,0
58.1692913385827,46.2587773593546,1.60154183649915,0
58.2020997375328,48.7501439691834,1.68092432314535,0
58.2349081364829,50.7285439195215,1.71453074347929,0
58.2677165354331,52.3612089752805,1.73437636514085,0
58.3005249343832,53.993874031039,1.75422198680241,0
58.3333333333333,55.6265390867981,1.77406760846398,0
58.3661417322835,57.2592041425565,1.68077585897326,0
58.3989501312336,58.8918691983156,1.57162493983477,0
58.4317585301837,62.1272004329238,1.60106861864613,0
58.4645669291339,65.8231657076236,1.64075986196922,0
58.497375328084,69.4569173322071,1.54846963748671,0
58.5301837270341,72.5651571207412,1.45420293459431,0
58.5629921259843,75.6733969092765,1.35993623170187,0
58.5958005249344,78.7816366978106,1.27142128682473,0
58.6286089238845,79.5485801807585,1.23871439179381,0
58.6614173228346,80.2080803510651,1.20600749676288,0
58.6942257217848,80.867580521372,1.17330060173197,0
58.7270341207349,81.5270806916789,1.14391313170215,0
58.759842519685,82.1865808619855,1.12766985941796,0
58.7926509186352,82.8460810322924,1.11142658713377,0
58.8254593175853,83.505581202599,1.09518331484958,0
58.8582677165354,84.1650813729059,1.07894004256538,0
58.8910761154856,84.8245815432126,1.06269677028119,0
58.9238845144357,85.4840817135194,1.046453497997,0
58.9566929133858,86.8900557052125,1.02600950796531,0
58.989501312336,88.5189675079701,1.00350909919551,0
59.0223097112861,90.1478793107278,0.981008690425713,0
59.0551181102362,91.7767911134849,0.958508281655921,0
59.0879265091864,93.4057029162426,0.842078779629799,0
59.1207349081365,95.0346147189997,0.736769598297601,0
59.1535433070866,96.6635265217574,0.68302103963087,0
59.1863517060367,101.431099067694,0.632037834981178,0
59.2191601049869,106.716559800846,0.604612288379466,0
59.251968503937,109.55109661044,0.577186741777743,0
59.2847769028871,112.385633420035,0.553320076634396,0
59.3175853018373,115.092383303324,0.544150664403729,0
59.3503937007874,116.934600208522,0.534981252173065,0
59.3832020997375,118.776817113721,0.525811839942398,0
59.4160104986877,120.619034018919,0.516642427711734,0
59.4488188976378,122.461250924118,0.565116938182211,0
59.4816272965879,124.563055767422,0.625417096307686,0
59.5144356955381,127.265397928678,0.685717254433139,0
59.5472440944882,129.579401332952,0.742691829594017,0
59.5800524934383,130.705377233476,0.731666484226487,0
59.6128608923885,131.831353134,0.720641138858952,0
59.6456692913386,132.957329034523,0.709615793491422,0
59.6784776902887,134.083304935048,0.698590448123888,0
59.7112860892388,135.209280835571,0.687565102756353,0
59.744094488189,136.155112061289,0.676539757388823,0
59.7769028871391,135.029136160765,0.665514412021288,0
59.8097112860892,133.90316026024,0.681937375357829,0
59.8425196850394,132.777184359716,0.815895321573397,0
59.8753280839895,131.651208459192,0.950221996177325,0
59.9081364829396,130.064131297272,0.98228030809216,0
59.9409448818898,128.462347443894,1.01433862000698,0
59.9737532808399,126.860563590516,1.04639693192182,0
60.00656167979,125.258779737138,1.082308991353,0
60.0393700787402,123.439178029213,1.12480838636657,0
60.0721784776903,121.114776395477,1.16730778138016,0
60.1049868766404,118.79037476174,1.20827447644256,0
60.1377952755905,116.465973128002,1.2487302523501,0
60.1706036745407,114.195712061901,1.28918602825762,0
60.2034120734908,111.943760260851,1.32964180416516,0
60.2362204724409,110.392895647009,1.37009758007269,0
60.2690288713911,109.154322156434,1.42505180542582,0
60.3018372703412,107.915748665858,1.49451148124124,0
60.3346456692913,106.677175175282,1.51541456238949,0
60.3674540682415,106.393603410198,1.49722274253306,0
60.4002624671916,106.798954734386,1.47903092267663,0
60.4330708661417,107.204306058575,1.4608391028202,0
60.4658792650919,107.609657382763,1.44264728296378,0
60.498687664042,108.015008706952,1.42445546310735,0
60.5314960629921,108.420360031141,1.37309639044162,0
60.5643044619423,108.825711355329,1.30859812004161,0
60.5971128608924,109.231062679518,1.26625442719369,0
60.6299212598425,109.636414003706,1.2305152770512,0
60.6627296587926,110.041765327895,1.1947761269087,0
60.6955380577428,109.298254400394,1.15903697676621,0
60.7283464566929,105.920326698823,1.06637033745832,0
60.761154855643,102.98957626582,1.01019103487732,0
60.7939632545932,101.413210005086,0.987038883690567,0
60.8267716535433,99.8368437443522,0.96388673250381,0
60.8595800524934,98.2604774836179,0.940734581317062,0
60.8923884514436,96.8598520461778,0.919099078265967,0
60.9251968503937,96.563344188197,0.933101513302074,0
60.9580052493438,96.2668363302161,0.947103948338187,0
60.990813648294,95.9703284722354,0.961106383374294,0
61.0236220472441,95.6738206142545,0.975108818410407,0
61.0564304461942,95.3773127562737,0.989111253446515,0
61.0892388451444,95.0808048982929,1.00311368848263,0
61.1220472440945,94.7842970403121,1.01711612351874,0
61.1548556430446,94.4877891823313,1.03012012717013,0
61.1876640419948,94.1912813243504,1.03996024791065,0
61.2204724409449,93.8947734663696,1.04980036865117,0
61.253280839895,93.5982656083888,1.05964048939169,0
61.2860892388451,93.301757750408,1.06948061013221,0
61.3188976377953,93.0334742153536,1.07932073087273,0
61.3517060367454,95.0496538718274,1.08916085161326,0
61.3845144356955,97.065833528302,1.09900097235377,0
61.4173228346457,99.0820131847758,1.1088410930943,0
61.4501312335958,101.09819284125,1.11868121383481,0
61.4829396325459,103.114372497725,1.12852133457534,0
61.5157480314961,106.574601323206,1.13836145531585,0
61.5485564304462,110.853309745195,1.17229172555598,0
61.5813648293963,115.132018167183,1.21197270017507,0
61.6141732283465,119.410726589172,1.25165367479417,0
61.6469816272966,144.867196970954,1.29133464941327,0
61.6797900262467,160.692555012156,1.33101562403236,0
61.7125984251968,160.608930612287,1.37069659865146,0
61.745406824147,161.748554705545,1.41037757327055,0
61.7782152230971,162.888178798803,1.44428131291264,0
61.8110236220472,164.02780289206,1.47310292911136,0
61.8438320209974,165.167426985318,1.50192454531009,0
61.8766404199475,166.307051078575,1.53239134695258,0
61.9094488188976,167.446675171833,1.56314340882018,0
61.9422572178478,168.586299265091,1.58288410713057,0
61.9750656167979,169.725923358348,1.55768358497859,0
62.007874015748,170.865547451606,1.5324830628266,0
62.0406824146982,170.791950820335,1.50728254067462,0
62.0734908136483,170.349635073828,1.48208201852263,0
62.1062992125984,169.90731932732,1.45688149637065,0
62.1391076115486,169.465003580813,1.43168097421866,0
62.1719160104987,169.022687834305,1.50670824180757,0
62.2047244094488,168.580372087798,1.51098490788464,0
62.2375328083989,168.13805634129,1.5152615739617,0
62.2703412073491,167.695740594782,1.51953824003876,0
62.3031496062992,167.253424848275,1.52381490611582,0
62.3359580052493,166.811109101767,1.52809157219289,0
62.3687664041995,166.36879335526,1.53236823826995,0
62.4015748031496,161.790384641563,1.53664490434701,0
62.4343832020997,159.642563534648,1.54092157042407,0
62.4671916010499,159.848167876068,1.54519823650114,0
62.5,160.053772217489,1.5494749025782,0
62.5328083989501,160.259376558909,1.55375156865526,0
62.5656167979003,160.46498090033,1.56333811846151,0
62.5984251968504,160.67058524175,1.57397110081338,0
62.6312335958005,160.87618958317,1.58460408316525,0
62.6640419947507,161.081793924591,1.59523706551711,0
62.6968503937008,161.287398266011,1.60587004786898,0
62.7296587926509,161.493002607432,1.61650303022084,0
62.762467191601,161.698606948852,1.62713601257271,0
62.7952755905512,161.904211290272,1.63776899492457,0
62.8280839895013,162.109815631693,1.5802592661038,0
62.8608923884514,162.315419973113,1.48821229960262,0
62.8937007874016,162.521024314534,1.71766269755695,0
62.9265091863517,163.069717499169,1.69453250609491,0
62.9593175853018,163.999510928036,1.67140231463286,0
62.992125984252,164.929304356903,1.64827212317081,0
63.0249343832021,165.859097785771,1.61162523853278,0
63.0577427821522,166.788891214638,1.56920028550938,0
63.0905511811024,168.509678283174,1.55373423720785,0
63.1233595800525,172.540211704888,1.54194377296398,0
63.1561679790026,173.160101555962,1.53015330872011,0
63.1889763779528,173.779991407036,1.51836284447623,0
63.2217847769029,174.39988125811,1.50657238023236,0
63.254593175853,175.019771109184,1.49478191598849,0
63.2874015748031,175.639660960258,1.48299145174461,0
63.3202099737533,176.259550811333,1.46695515833421,0
63.3530183727034,176.879440662406,1.41111824502504,0
63.3858267716535,177.089121437612,1.35747492737252,0
63.4186351706037,176.777725070601,1.33814611877507,0
63.4514435695538,176.466328703589,1.31881731017762,0
63.4842519685039,176.154932336578,1.29948850158016,0
63.5170603674541,175.843535969567,1.28015969298272,0
63.5498687664042,175.532139602555,1.26083088438526,0
63.5826771653543,175.220743235544,1.23608243912644,0
63.6154855643045,174.909346868532,1.19415856336641,0
63.6482939632546,174.597950501521,1.15223468760636,0
63.6811023622047,174.28655413451,1.11031081184633,0
63.7139107611549,173.975157767498,1.06838693608629,0
63.746719160105,173.663761400487,1.04444340435598,0
63.7795275590551,173.352365033475,0.736811950731649,0
63.8123359580052,173.444958388705,0.858953949536794,0
63.8451443569554,173.670153568809,0.741519584436301,0
63.8779527559055,173.895348748914,0.710785114681458,0
63.9107611548556,174.120543929019,0.54915475928555,0
63.9435695538058,174.345739109124,0.506072855588068,0
63.9763779527559,174.570934289229,0.600301123774127,0
64.009186351706,174.796129469333,0.699666676421102,0
64.0419947506562,175.021324649438,0.799032229068041,0
64.0748031496063,175.486071654819,0.898397781715015,0
64.1076115485564,176.162337619978,0.916695603311635,0
64.1404199475066,176.838603585138,0.907321763590182,0
64.1732283464567,177.514869550297,0.897947923868725,0
64.2060367454068,178.191135515457,0.888574084147272,0
64.238845144357,178.867401480616,0.879200244425816,0
64.2716535433071,179.543667445776,0.869826404704363,0
64.3044619422572,178.485714156744,0.860452564982906,0
64.3372703412073,177.09308770365,0.851078725261453,0
64.3700787401575,175.967111803126,0.841704885539997,0
64.4028871391076,174.841135902603,0.740666469515382,0
64.4356955380577,173.715160002079,1.02915428486963,0
64.4685039370079,172.566848981972,1.18786616992986,0
64.501312335958,171.328275491397,1.27446587092492,0
64.5341207349081,170.089702000821,1.34306947450086,0
64.5669291338583,168.851128510246,1.36528948303978,0
64.5997375328084,167.648143322856,1.38750949157871,0
64.6325459317585,166.816486127239,1.40972950011764,0
64.6653543307087,165.984828931621,1.43194950865656,0
64.6981627296588,165.153171736003,1.39535009191262,0
64.7309711286089,164.321514540385,1.32144225951789,0
64.7637795275591,163.489857344768,1.29604671834508,0
64.7965879265092,162.65820014915,1.28800924157215,0
64.8293963254593,153.638113318398,1.27997176479922,0
64.8622047244094,142.385712279713,1.27193428802629,0
64.8950131233596,139.341885061706,1.26389681125336,0
64.9278215223097,137.572028613822,1.25585933448043,0
64.9606299212598,135.802172165937,1.2478218577075,0
64.99343832021,134.032315718053,1.23978438093457,0
65.0262467191601,120.45263936059,1.23174690416164,0
65.0590551181102,119.153590391115,1.22370942738871,0
65.0918635170604,117.854541421642,1.21567195061578,0
65.1246719160105,116.555492452167,1.20763447384285,0
65.1574803149606,115.256443482694,1.19959699706992,0
65.1902887139108,114.018572569008,1.19155952029699,0
65.2230971128609,113.142813535267,1.22245073722567,0
65.255905511811,112.267054501527,1.41947293543364,0
65.2887139107612,111.391295467786,1.42293241880152,0
65.3215223097113,110.515536434046,1.42639190216939,0
65.3543307086614,109.639777400305,1.42985138553726,0
65.3871391076115,108.764018366565,1.43331086890514,0
65.4199475065617,107.888259332824,1.43677035227301,0
65.4527559055118,107.012500299083,1.44022983564088,0
65.4855643044619,107.155688385929,1.44368931900875,0
65.5183727034121,108.743587720614,1.44714880237663,0
65.5511811023622,110.3314870553,1.4506082857445,0
65.5839895013123,111.919386389986,1.45406776911237,0
65.6167979002625,113.434476875191,1.45752725248025,0
65.6496062992126,114.737610823526,1.46098673584812,0
65.6824146981627,116.040744771861,1.46444621921599,0
65.7152230971129,117.343878720196,1.46790570258387,0
65.748031496063,118.647012668531,1.48026357494446,0
65.7808398950131,120.002155522659,1.49539586146139,0
65.8136482939632,121.381476000801,1.51052814797833,0
65.8464566929134,122.760796478943,1.52566043449527,0
65.8792650918635,124.140116957085,1.54079272101221,0
65.9120734908136,125.519437435227,1.55592500752915,0
65.9448818897638,126.898757913369,1.57105729404609,0
65.9776902887139,129.307515357426,1.58618958056302,0
66.010498687664,131.881041736194,1.60227559073021,0
66.0433070866142,137.69118280134,1.64723106758222,0
66.0761154855643,143.771452664167,1.6921865444342,0
66.1089238845144,146.921313272709,1.72315214039131,0
66.1417322834646,149.623655433965,1.73422377278702,0
66.1745406824147,149.704816241742,1.74529540518272,0
66.2073490813648,149.179360821498,1.75636703757842,0
66.240157480315,148.653905401253,1.76743866997413,0
66.2729658792651,148.128449981008,1.77851030236983,0
66.3057742782152,147.602994560764,1.78958193476554,0
66.3385826771653,147.077539140519,1.80065356716124,0
66.3713910761155,146.237027377197,1.81172519955694,0
66.4041994750656,145.223649066726,1.80653068251933,0
66.4370078740157,144.210270756256,1.79412716898086,0
66.4698162729659,143.196892445785,1.78172365544239,0
66.502624671916,143.387870348778,1.76932014190392,0
66.5354330708661,144.626443839355,1.75691662836544,0
66.5682414698163,145.865017329931,1.74451311482697,0
66.6010498687664,147.103590820508,1.7321096012885,0
66.6338582677165,148.537263383614,1.71970608775003,0
66.6666666666667,150.236082884353,1.5532084072893,0
66.6994750656168,151.934902385093,1.44347562126194,0
66.7322834645669,153.073360899987,1.37343555624204,0
66.7650918635171,153.805245235327,1.31389869125747,0
66.7979002624672,154.537129570667,1.11560208718478,0
66.8307086614173,155.269013906008,1.09046429974681,0
66.8635170603674,156.000898241348,1.06532651230883,0
66.8963254593176,156.732782576688,1.04018872487086,0
66.9291338582677,157.142805377902,1.00177611622398,0
66.9619422572178,157.450572124045,0.94223925123942,0
66.994750656168,157.758338870188,0.468493584011123,0
67.0275590551181,158.066105616332,0.580614477226176,0
67.0603674540682,158.373872362475,0.668555261923612,0
67.0931758530184,158.681639108618,0.697596870559596,0
67.1259842519685,158.989405854761,0.608727684458662,0
67.1587926509186,159.297172600904,0.541157367402095,0
67.1916010498688,159.604939347047,0.473587050345552,0
67.2244094488189,159.912706093191,0.447394226296117,0
67.257217847769,160.220472839334,0.48427764882847,0
67.2900262467192,160.528239585477,0.521161071360835,0
67.3228346456693,160.83600633162,0.573312914976852,0
67.3556430446194,161.143773077763,0.656502991825613,0
67.3884514435696,161.273598231853,0.739693068674374,0
67.4212598425197,160.723121124931,0.785304901833978,0
67.4540682414698,160.172644018008,0.761227493200471,0
67.4868766404199,159.622166911085,0.737150084566972,0
67.5196850393701,159.071689804163,0.713072675933464,0
67.5524934383202,158.52121269724,0.688995267299964,0
67.5853018372703,157.970735590317,0.664917858666457,0
67.6181102362205,157.420258483395,0.640840450032957,0
67.6509186351706,156.869781376472,0.616763041399449,0
67.6837270341207,155.99149971023,0.647830923664637,0
67.7165354330709,154.752926219654,0.914832341165979,0
67.749343832021,153.514352729078,0.978642169486368,0
67.7821522309711,152.275779238502,1.14095100378966,0
67.8149606299213,151.037205747925,1.22949366127951,0
67.8477690288714,149.798632257349,1.27144008888234,0
67.8805774278215,147.885899830978,1.31338651648518,0
67.9133858267716,145.619280657923,1.35533294408802,0
67.9461942257218,143.352661484867,1.39727937169085,0
67.9790026246719,140.930446143571,1.43922579929369,0
68.011811023622,138.169657262943,1.46663771194267,0
68.0446194225722,135.408868382314,1.43957550058599,0
68.0774278215223,134.20144969614,1.41251328922933,0
68.1102362204724,133.300668975721,1.38728608052664,0
68.1430446194226,132.399888255302,1.55349316194221,0
68.1758530183727,131.499107534883,1.71970024335784,0
68.2086614173228,130.598326814464,1.8664309654238,0
68.241469816273,129.697546094045,1.83666253293149,0
68.2742782152231,128.796765373626,1.80689410043918,0
68.3070866141732,128.007953546956,1.81750432450839,0
68.3398950131234,127.307346319964,2.00107632487792,0
68.3727034120735,126.606739092971,2.13000746074084,0
68.4055118110236,125.906131865978,2.23915837987946,0
68.4383202099737,125.205524638986,2.34830929901805,0
68.4711286089239,124.504917411993,2.31844474331441,0
68.503937007874,123.804310185001,2.32665379781443,0
68.5367454068241,123.103702958008,2.45068893319917,0
68.5695538057743,122.403095731015,3.33857899133378,0
68.6023622047244,121.652551720945,3.39088287242567,0
68.6351706036745,120.891664976045,3.44318675351758,0
68.6679790026247,120.130778231146,3.49549063460947,0
68.7007874015748,119.369891486247,3.5614967793616,0
68.7335958005249,118.609004741347,3.63520056023949,0
68.7664041994751,117.848117996448,3.70890434111735,0
68.7992125984252,117.087231251549,3.65092458947759,0
68.8320209973753,116.326344506649,3.51845533226249,0
68.8648293963255,103.552960847798,3.38598607504733,0
68.8976377952756,88.23252743849,3.20055714362575,0
68.9304461942257,92.7367281494036,3.00210092701022,0
68.9632545931758,106.155237259319,3.0034086617123,0
68.996062992126,102.083821435142,3.03813849962002,0
69.0288713910761,84.0682070267734,3.07286833752773,0
69.0616797900262,72.3121582284892,3.10759817543544,0
69.0944881889764,68.9342305269171,2.61104041714996,0
69.1272965879265,65.5563028253438,2.33757204974151,0
69.1601049868766,62.1783751237706,2.06466348245666,0
69.1929133858268,58.8234421923279,1.9263367646463,0
69.2257217847769,55.5181150938017,1.78812618521749,0
69.258530183727,64.7957881854074,1.64234317859048,0
69.2913385826772,66.6423886622665,1.03209031249719,0
69.3241469816273,69.6034462085949,0.763419048159413,0
69.3569553805774,90.7257746796128,0.673949733104505,0
69.3897637795276,79.0904106406309,0.581338208093465,0
69.4225721784777,74.9722784858619,0.590599498202186,0
69.4553805774278,70.8541463310915,0.599860788310912,0
69.4881889763779,66.7360141763226,0.609122078419634,0
69.5209973753281,62.6178820215521,0.618383368528359,0
69.5538057742782,58.4997498667832,0.627644658637084,0
69.5866141732283,54.3816177120128,0.636905948745806,0
69.6194225721785,48.7758983874937,0.643442587673163,0
69.6522309711286,43.1460188848756,0.649685689487527,0
69.6850393700787,33.9938651791824,0.655928791301892,0
69.7178477690289,32.0889445769819,0.662171893116256,0
69.750656167979,30.1840239747808,0.668414994930622,0
69.7834645669291,28.2791033725803,0.674658096744986,0
69.8162729658793,27.622022174471,0.680901198559352,0
69.8490813648294,27.2432069136017,0.687144300373718,0
69.8818897637795,26.8643916527323,0.693387402188081,0
69.9146981627296,26.4855763918631,0.699630504002447,0
69.9475065616798,26.1067611309937,0.705873605816811,0
69.9803149606299,25.7279458701243,0.712116707631177,0
70.01312335958,25.349130609255,0.71835980944554,0
70.0459317585302,24.9703153483856,0.724602911259906,0
70.0787401574803,24.5915000875164,0.73084601307427,0
70.1115485564304,24.212684826647,0.737089114888636,0
70.1443569553806,23.8338695657777,0.743332216703002,0
70.1771653543307,23.4550543049083,0.748538737312558,0
70.2099737532808,23.2641622677527,0.752436984424649,0
70.242782152231,23.4175560860849,0.75633523153674,0
70.2755905511811,23.5709499044171,0.760233478648831,0
70.3083989501312,23.7243437227493,0.764131725760921,0
70.3412073490814,23.8777375410816,0.768029972873013,0
70.3740157480315,24.0311313594138,0.771928219985105,0
70.4068241469816,24.184525177746,0.775826467097195,0
70.4396325459317,24.3379189960782,0.779724714209287,0
70.4724409448819,24.4913128144104,0.783622961321377,0
70.505249343832,24.6447066327427,0.78797237315974,0
70.5380577427821,24.7981004510749,0.793628375333283,0
70.5708661417323,24.9514942694071,0.799284377506827,0
70.6036745406824,25.1048880877393,0.80494037968037,0
70.6364829396325,25.2582819060716,0.810596381853914,0
70.6692913385827,25.4116757244038,0.816252384027458,0
70.7020997375328,25.565069542736,0.821908386201001,0
70.7349081364829,25.7184633610682,0.827564388374545,0
70.7677165354331,25.8718571794005,0.833220390548088,0
70.8005249343832,26.0252509977327,0.838876392721633,0
70.8333333333333,26.1786448160649,0.844532394895175,0
70.8661417322835,26.3320386343972,0.85018839706872,0
70.8989501312336,26.4854324527294,0.855844399242262,0
70.9317585301837,26.6388262710616,0.861500401415807,0
70.9645669291339,26.7922200893938,0.867156403589351,0
70.997375328084,26.945613907726,0.873739940717457,0
71.0301837270341,27.0990077260583,0.880709534039076,0
71.0629921259843,27.2524015443905,0.887679127360694,0
71.0958005249344,27.4057953627227,0.894648720682313,0
71.1286089238845,27.5591891810549,0.901618314003931,0
71.1614173228346,27.7125829993872,0.90858790732555,0
71.1942257217848,27.8659768177194,0.91555750064717,0
71.2270341207349,28.0193706360516,0.922527093968787,0
71.259842519685,28.1727644543838,0.929496687290407,0
71.2926509186352,28.3261582727161,0.936466280612024,0
71.3254593175853,28.421336045173,0.943435873933644,0
71.3582677165354,28.508911948547,0.950405467255261,0
71.3910761154856,28.5964878519211,0.957375060576881,0
71.4238845144357,28.6840637552951,0.964344653898498,0
71.4566929133858,28.7716396586692,0.967546825611363,0
71.4895013123359,28.8592155620433,0.966079743364877,0
71.5223097112861,28.9467914654174,0.964612661118391,0
71.5551181102362,29.0343673687914,0.963145578871905,0
71.5879265091863,29.1219432721655,0.961678496625419,0
71.6207349081365,29.2095191755396,0.960211414378933,0
71.6535433070866,29.2970950789136,0.958744332132447,0
71.6863517060367,29.3846709822877,0.95727724988596,0
71.7191601049869,29.4722468856618,0.955810167639475,0
71.751968503937,29.5598227890358,0.953282140246325,0
71.7847769028871,29.6473986924099,0.949319906754868,0
71.8175853018373,29.734974595784,0.945357673263413,0
71.8503937007874,29.8225504991581,0.941395439771957,0
71.8832020997375,29.9030765613367,0.937433206280502,0
71.9160104986877,29.9739713402586,0.933470972789045,0
71.9488188976378,30.0448661191805,0.92950873929759,0
71.9816272965879,30.1157608981023,0.925546505806133,0
72.0144356955381,30.1866556770242,0.921584272314676,0
72.0472440944882,30.2575504559461,0.917622038823221,0
72.0800524934383,30.3284452348679,0.913659805331764,0
72.1128608923884,30.3993400137898,0.909697571840309,0
72.1456692913386,30.4702347927117,0.905735338348853,0
72.1784776902887,30.5411295716335,0.901773104857397,0
72.2112860892388,30.6120243505554,0.897810871365941,0
72.244094488189,30.6829191294772,0.893848637874486,0
72.2769028871391,30.7538139083991,0.889886404383029,0
72.3097112860892,30.824708687321,0.885924170891572,0
72.3425196850394,30.8956034662428,0.882154682677678,0
72.3753280839895,30.9664982451647,0.878392283571007,0
72.4081364829396,31.0373930240865,0.874629884464337,0
72.4409448818898,31.1082878030084,0.870867485357666,0
72.4737532808399,31.1791825819303,0.867105086250997,0
72.50656167979,31.2500773608521,0.863342687144326,0
72.5393700787401,31.320972139774,0.859580288037656,0
72.5721784776903,31.3918669186959,0.855817888930985,0
72.6049868766404,31.4627616976177,0.852055489824314,0
72.6377952755905,31.5336564765396,0.848293090717645,0
72.6706036745407,31.6045512554615,0.844530691610974,0
72.7034120734908,31.6754460343833,0.840768292504304,0
72.7362204724409,31.7257360448452,0.837005893397633,0
72.7690288713911,31.7069697798365,0.833243494290964,0
72.8018372703412,31.6882035148278,0.832544717863379,0
72.8346456692913,31.669437249819,0.836183081834665,0
72.8674540682415,31.6506709848103,0.83982144580595,0
72.9002624671916,31.6319047198016,0.843459809777237,0
72.9330708661417,31.6131384547928,0.847098173748522,0
72.9658792650919,31.5943721897841,0.850736537719808,0
72.998687664042,31.5756059247754,0.854374901691093,0
73.0314960629921,31.5568396597666,0.858013265662379,0
73.0643044619422,31.5380733947579,0.861651629633664,0
73.0971128608924,31.5193071297492,0.86528999360495,0
73.1299212598425,31.5005408647404,0.868928357576237,0
73.1627296587926,31.4817745997317,0.872566721547522,0
73.1955380577428,31.463008334723,0.876205085518808,0
73.2283464566929,31.4442420697142,0.879843449490093,0
73.261154855643,31.4254758047055,0.883481813461379,0
73.2939632545932,31.4067095396968,0.880706592566621,0
73.3267716535433,31.387943274688,0.876916630096532,0
73.3595800524934,31.3691770096793,0.873126667626444,0
73.3923884514436,31.3504107446706,0.869336705156355,0
73.4251968503937,31.3316444796618,0.865546742686267,0
73.4580052493438,31.3128782146531,0.861756780216179,0
73.490813648294,31.2941119496444,0.85796681774609,0
73.5236220472441,31.2753456846356,0.854176855276002,0
73.5564304461942,31.2565794196269,0.850386892805913,0
73.5892388451444,31.2378131546182,0.846596930335826,0
73.6220472440945,31.2190468896094,0.842806967865737,0
73.6548556430446,31.2002806246007,0.839017005395648,0
73.6876640419948,31.181514359592,0.83522704292556,0
73.7204724409449,31.1627480945833,0.831437080455471,0
73.753280839895,31.1439818295745,0.827647117985383,0
73.7860892388451,31.1252155645658,0.823857155515294,0
73.8188976377953,31.1064492995571,0.820067193045207,0
73.8517060367454,31.0876830345483,0.8172485035883,0
73.8845144356955,31.0426609808509,0.815870335417358,0
73.9173228346457,30.9381060758023,0.814492167246416,0
73.9501312335958,30.8335511707536,0.813113999075475,0
73.9829396325459,30.728996265705,0.811735830904533,0
74.015748031496,30.6244413606564,0.810357662733591,0
74.0485564304462,30.5198864556077,0.80897949456265,0
74.0813648293963,30.4153315505591,0.807601326391708,0
74.1141732283464,30.3107766455105,0.806223158220767,0
74.1469816272966,30.2062217404618,0.804844990049825,0
74.1797900262467,30.1016668354132,0.803466821878883,0
74.2125984251968,29.9971119303646,0.802088653707941,0
74.245406824147,29.892557025316,0.800710485537,0
74.2782152230971,29.7880021202673,0.799332317366058,0
74.3110236220472,29.6834472152187,0.797954149195116,0
74.3438320209974,29.5788923101701,0.796575981024175,0
74.3766404199475,29.4743374051214,0.795197812853233,0
74.4094488188976,29.3697825000728,0.793819644682292,0
74.4422572178478,29.2652275950242,0.798905594308815,0
74.4750656167979,29.1606726899756,0.804389252925825,0
74.507874015748,29.0561177849269,0.809872911542832,0
74.5406824146982,28.9515628798783,0.815356570159841,0
74.5734908136483,28.8470079748297,0.820840228776849,0
74.6062992125984,28.742453069781,0.826323887393858,0
74.6391076115486,28.6378981647324,0.831807546010865,0
74.6719160104987,28.5333432596838,0.837291204627874,0
74.7047244094488,28.4287883546352,0.842774863244882,0
74.737532808399,28.3242334495865,0.848258521861891,0
74.7703412073491,28.2196785445379,0.8537421804789,0
74.8031496062992,28.1151236394893,0.859225839095907,0
74.8359580052493,28.0105687344407,0.864709497712917,0
74.8687664041995,27.906013829392,0.871377462187117,0
74.9015748031496,27.8014589243434,0.886812945701666,0
74.9343832020997,27.6969040192948,0.902248429216209,0
74.9671916010499,27.5923491142461,0.917683912730758,0
75,27.4877942091975,0.933119396245301,0
75.0328083989501,27.3832393041489,0.94855487975985,0
75.0656167979002,27.2786843991002,0.963990363274399,0
75.0984251968504,27.1741294940516,1.00461875074704,0
75.1312335958005,27.069574589003,1.06057662296956,0
75.1640419947506,26.9650196839543,1.08931142933369,0
75.1968503937008,26.8604647789057,1.11804623569784,0
75.2296587926509,26.7788075308552,1.14678104206197,0
75.262467191601,26.7150196651144,1.17551584842612,0
75.2952755905512,26.6512317993736,1.1954924134304,0
75.3280839895013,26.5874439336328,1.21256548500688,0
75.3608923884514,26.523656067892,1.22963855658336,0
75.3937007874016,26.4598682021513,1.24671162815984,0
75.4265091863517,26.3960803364105,1.26378469973633,0
75.4593175853018,26.3322924706697,1.28085777131281,0
75.492125984252,26.2685046049289,1.21778374247594,0
75.5249343832021,26.2047167391882,1.09351234969055,0
75.5577427821522,26.1409288734474,0.972288431434526,0
75.5905511811024,26.1297065074136,0.995344374247226,0
75.6233595800525,27.1430848178849,1.01840031705992,0
75.6561679790026,28.1564631283558,1.04145625987262,0
75.6889763779528,29.1698414388271,1.06451220268531,0
75.7217847769029,30.1832197492984,1.08756814549801,0
75.754593175853,30.6157714878407,1.1106240883107,0
75.7874015748031,31.009863053024,1.1336800311234,0
75.8202099737533,31.4039546182073,1.1567359739361,0
75.8530183727034,31.7980461833907,1.05535837610156,0
75.8858267716535,32.1921377485739,0.986725601188639,0
75.9186351706037,32.5862293137573,0.918092826275738,0
75.9514435695538,32.9803208789407,0.849460051362813,0
75.9842519685039,33.3744124441239,0.780827276449912,0
76.0170603674541,33.0025205984233,0.781265740615435,0
76.0498687664042,32.3269350581091,0.78729030433412,0
76.0826771653543,31.6513495177946,0.793314868052807,0
76.1154855643044,30.9757639774804,0.799339431771493,0
76.1482939632546,30.300178437166,0.805363995490178,0
76.1811023622047,29.6245928968518,0.811388559208865,0
76.2139107611548,28.9902730790862,0.817413122927549,0
76.246719160105,28.3897525988067,0.823437686646236,0
76.2795275590551,27.7892321185274,0.82946225036492,0
76.3123359580052,27.1887116382479,0.835486814083607,0
76.3451443569554,26.5881911579686,0.846026498338964,0
76.3779527559055,25.987670677689,0.85815437824325,0
76.4107611548556,25.3152046392067,0.870282258147535,0
76.4435695538058,24.5270215088401,0.882410138051816,0
76.4763779527559,23.7388383784739,0.894538017956102,0
76.509186351706,22.9506552481074,0.906665897860383,0
76.5419947506562,22.3074130384398,0.918793777764668,0
76.5748031496063,22.051175338115,0.930921657668949,0
76.6076115485564,21.7949376377901,0.943049537573235,0
76.6404199475066,21.5386999374653,0.955177417477516,0
76.6732283464567,21.2824622371404,0.967305297381801,0
76.7060367454068,21.0262245368156,0.979433177286087,0
76.7388451443569,20.7699868364907,0.991561057190368,0
76.7716535433071,20.5137491361658,0.957517256649248,0
76.8044619422572,20.257511435841,0.94241604053989,0
76.8372703412073,20.0012737355161,1.11771903188377,0
76.8700787401575,19.7450360351913,1.15402547907258,0
76.9028871391076,19.4887983348664,1.14000123976508,0
76.9356955380577,19.3210798102703,1.12597700045757,0
76.9685039370079,19.5676838307141,1.11195276115008,0
77.001312335958,19.8142878511578,1.09792852184257,0
77.0341207349081,20.0608918716016,1.08390428253508,0
77.0669291338583,20.3074958920454,1.06988004322757,0
77.0997375328084,20.5540999124891,1.05756272994797,0
77.1325459317585,20.8007039329329,1.04725827254678,0
77.1653543307087,21.0473079533766,1.03695381514559,0
77.1981627296588,21.2939119738203,1.0266493577444,0
77.2309711286089,21.540515994264,1.0163449003432,0
77.2637795275591,21.7871200147078,1.00604044294202,0
77.2965879265092,22.0337240351515,0.995735985540824,0
77.3293963254593,22.2803280555953,0.985431528139635,0
77.3622047244095,22.7873455479244,0.975127070738443,0
77.3950131233596,23.462931088239,0.964822613337255,0
77.4278215223097,24.1385166285539,0.954518155936062,0
77.4606299212598,24.8141021688685,0.942132969886742,0
77.49343832021,25.4896877091833,0.91281557425035,0
77.5262467191601,26.1652732494979,0.883498178613959,0
77.5590551181102,26.9897223334112,0.854180782977577,0
77.5918635170604,28.0031006438823,0.840226490987907,0
77.6246719160105,29.0164789543531,0.827822977449429,0
77.6574803149606,30.0298572648242,0.815419463910947,0
77.6902887139107,30.7090324379084,0.822825856529058,0
77.7230971128609,30.7090324379084,0.830267964652142,0
77.755905511811,30.7090324379084,0.837710072775225,0
77.7887139107611,30.7090324379084,0.845152180898306,0
77.8215223097113,30.6301646533834,0.852594289021389,0
77.8543307086614,30.2698523652157,0.86003639714447,0
77.8871391076115,29.909540077048,0.867478505267553,0
77.9199475065617,29.5492277888804,0.874920613390634,0
77.9527559055118,29.1889155007127,0.882362721513717,0
77.9855643044619,28.8286032125452,0.889804829636798,0
78.0183727034121,28.4682909243775,0.897246937759882,0
78.0511811023622,28.1079786362099,0.904134378486671,0
78.0839895013123,27.7476663480422,0.910026047417445,0
78.1167979002625,27.3873540598746,0.91591771634822,0
78.1496062992126,27.027041771707,0.921809385278993,0
78.1824146981627,26.9416992159662,0.927701054209768,0
78.2152230971129,26.8734022264582,0.933592723140542,0
78.248031496063,26.8051052369502,0.939484392071317,0
78.2808398950131,26.7368082474422,0.945376061002092,0
78.3136482939633,26.6685112579342,0.951267729932866,0
78.3464566929134,26.6002142684262,0.957159398863641,0
78.3792650918635,26.5319172789182,0.963051067794414,0
78.4120734908136,26.4636202894102,0.96894273672519,0
78.4448818897638,26.3953232999022,0.970964210424838,0
78.4776902887139,26.3270263103942,0.971460350966377,0
78.510498687664,26.2587293208863,0.971956491507916,0
78.5433070866142,26.1904323313783,0.972452632049455,0
78.5761154855643,26.1221353418703,0.972948772590993,0
78.6089238845144,26.0538383523623,0.973444913132532,0
78.6417322834645,25.9855413628543,0.973941053674071,0
78.6745406824147,25.9172443733463,0.97443719421561,0
78.7073490813648,25.8489473838383,0.974933334757149,0
78.7401574803149,25.7806503943303,0.975429475298688,0
78.7729658792651,25.7123534048223,0.975925615840227,0
78.8057742782152,25.6440564153143,0.976421756381766,0
78.8385826771653,25.5757594258063,0.976917896923305,0
78.8713910761155,25.5074624362983,0.977414037464844,0
78.9041994750656,25.4391654467903,0.976906674718637,0
78.9370078740157,25.3708684572823,0.971384157976507,0
78.9698162729659,25.3025714677744,0.965861641234378,0
79.002624671916,25.2342744782664,0.960339124492248,0
79.0354330708661,25.1816471893152,0.954816607750119,0
79.0682414698163,25.2184080321278,0.949294091007989,0
79.1010498687664,25.2551688749404,0.943771574265858,0
79.1338582677165,25.2919297177529,0.93824905752373,0
79.1666666666667,25.3286905605655,0.932726540781599,0
79.1994750656168,25.365451403378,0.927204024039471,0
79.2322834645669,25.4022122461906,0.92168150729734,0
79.2650918635171,25.4389730890032,0.916158990555212,0
79.2979002624672,25.4757339318157,0.910636473813081,0
79.3307086614173,25.5124947746283,0.905113957070953,0
79.3635170603675,25.5492556174409,0.899591440328822,0
79.3963254593176,25.5860164602534,0.894068923586692,0
79.4291338582677,25.622777303066,0.888546406844563,0
79.4619422572178,25.6595381458785,0.883023890102433,0
79.494750656168,25.6962989886911,0.880608699854873,0
79.5275590551181,25.7330598315037,0.879487156101969,0
79.5603674540682,25.7698206743162,0.878365612349065,0
79.5931758530184,25.8065815171288,0.877244068596161,0
79.6259842519685,25.8433423599414,0.876122524843257,0
79.6587926509186,25.8801032027539,0.875000981090353,0
79.6916010498688,25.9168640455665,0.873879437337449,0
79.7244094488189,25.9536248883791,0.872757893584545,0
79.757217847769,25.9903857311916,0.871636349831641,0
79.7900262467192,26.0271465740042,0.870514806078737,0
79.8228346456693,26.0639074168167,0.869393262325833,0
79.8556430446194,26.0077069996642,0.868271718572929,0
79.8884514435696,25.8770697556127,0.867150174820025,0
79.9212598425197,25.7464325115611,0.866028631067121,0
79.9540682414698,25.6157952675096,0.864907087314217,0
79.9868766404199,25.485158023458,0.863785543561312,0
80.0196850393701,25.3545207794065,0.862663999808409,0
80.0524934383202,25.2238835353549,0.861542456055505,0
80.0853018372703,25.0932462913033,0.863804132567717,0
80.1181102362205,24.9626090472518,0.86812376414828,0
80.1509186351706,24.8319718032002,0.872443395728842,0
80.1837270341207,24.7013345591487,0.876763027309405,0
80.2165354330709,24.5706973150971,0.881082658889968,0
80.249343832021,24.4400600710456,0.885402290470529,0
80.2821522309711,24.309422826994,0.889721922051093,0
80.3149606299213,24.1787855829425,0.894041553631654,0
80.3477690288714,24.0481483388909,0.898361185212217,0
80.3805774278215,23.9175110948394,0.902680816792779,0
80.4133858267716,23.7868738507878,0.907000448373342,0
80.4461942257218,23.6562366067363,0.911320079953904,0
80.4790026246719,23.5255993626847,0.915639711534467,0
80.511811023622,23.3949621186332,0.91995934311503,0
80.5446194225722,23.2643248745816,0.921127167574598,0
80.5774278215223,23.2339164648597,0.920910598290593,0
80.6102362204724,23.2748610430606,0.920694029006588,0
80.6430446194226,23.3158056212615,0.920477459722582,0
80.6758530183727,23.3567501994623,0.920260890438577,0
80.7086614173228,23.3976947776632,0.920044321154572,0
80.741469816273,23.4386393558641,0.919827751870567,0
80.7742782152231,23.479583934065,0.919611182586561,0
80.8070866141732,23.5205285122658,0.919394613302556,0
80.8398950131234,23.5614730904667,0.919178044018551,0
80.8727034120735,23.6024176686676,0.918961474734546,0
80.9055118110236,23.6433622468684,0.918744905450541,0
80.9383202099738,23.6843068250693,0.918528336166535,0
80.9711286089239,23.7252514032702,0.91831176688253,0
81.003937007874,23.7661959814711,0.918095197598525,0
81.0367454068241,23.8071405596719,0.91787862831452,0
81.0695538057743,23.8480851378728,0.917662059030514,0
81.1023622047244,23.8951865950089,0.918716566240433,0
81.1351706036745,23.9467938237829,0.923928829233004,0
81.1679790026247,23.9984010525569,0.929141092225577,0
81.2007874015748,24.0500082813309,0.934353355218148,0
81.2335958005249,24.1016155101049,0.93956561821072,0
81.2664041994751,24.1532227388789,0.944777881203291,0
81.2992125984252,24.2048299676529,0.949990144195863,0
81.3320209973753,24.2564371964269,0.955202407188436,0
81.3648293963254,24.308044425201,0.960414670181007,0
81.3976377952756,24.359651653975,0.965626933173579,0
81.4304461942257,24.411258882749,0.97083919616615,0
81.4632545931758,24.462866111523,0.976051459158723,0
81.496062992126,24.514473340297,0.981263722151293,0
81.5288713910761,24.566080569071,0.986475985143866,0
81.5616797900262,24.617687797845,0.991688248136438,0
81.5944881889764,24.669295026619,0.996900511129009,0
81.6272965879265,24.720902255393,1.00211277412158,0
81.6601049868766,24.772509484167,1.00732503711415,0
81.6929133858268,24.824116712941,1.01253730010673,0
81.7257217847769,24.875723941715,1.01208551383013,0
81.758530183727,24.9273311704891,1.00958246244939,0
81.7913385826772,24.9789383992631,1.00707941106865,0
81.8241469816273,25.0305456280371,1.00457635968792,0
81.8569553805774,25.0821528568111,1.00207330830718,0
81.8897637795276,25.1337600855851,0.999570256926441,0
81.9225721784777,25.1853673143591,0.997067205545703,0
81.9553805774278,25.2369745431331,0.994564154164966,0
81.988188976378,25.2885817719071,0.992061102784229,0
82.0209973753281,25.3401890006811,0.989558051403492,0
82.0538057742782,25.3917962294551,0.987055000022754,0
82.0866141732283,25.4434034582291,0.984551948642017,0
82.1194225721785,25.4950106870031,0.98204889726128,0
82.1522309711286,25.5466179157771,0.979545845880542,0
82.1850393700787,25.5982251445512,0.977042794499805,0
82.2178477690289,25.6498323733252,0.97516263852716,0
82.250656167979,25.6361619850638,0.974428647838366,0
82.2834645669291,25.5879058750413,0.973694657149573,0
82.3162729658793,25.5396497650189,0.972960666460779,0
82.3490813648294,25.4913936549964,0.972226675771986,0
82.3818897637795,25.443137544974,0.971492685083192,0
82.4146981627296,25.3948814349515,0.970758694394399,0
82.4475065616798,25.3466253249291,0.970024703705606,0
82.4803149606299,25.2983692149066,0.969290713016812,0
82.51312335958,25.2501131048841,0.968556722328019,0
82.5459317585302,25.2018569948617,0.967822731639226,0
82.5787401574803,25.1298341971511,0.967088740950432,0
82.6115485564304,25.030748317905,0.966354750261639,0
82.6443569553806,24.9316624386589,0.965620759572845,0
82.6771653543307,24.8325765594129,0.964886768884052,0
82.7099737532808,24.7334906801668,0.964152778195258,0
82.742782152231,24.6344048009207,0.963418787506465,0
82.7755905511811,24.5353189216746,0.962684796817672,0
82.8083989501312,24.4362330424285,0.961950806128878,0
82.8412073490814,24.3371471631825,0.96717402587361,0
82.8740157480315,24.2380612839364,0.973431233644548,0
82.9068241469816,24.1389754046903,0.979688441415483,0
82.9396325459318,24.0398895254443,0.985945649186421,0
82.9724409448819,23.9408036461982,0.992202856957359,0
83.005249343832,23.8417177669521,0.998460064728294,0
83.0380577427822,23.742631887706,1.00471727249923,0
83.0708661417323,23.64354600846,1.01097448027017,0
83.1036745406824,23.5444601292139,1.01723168804111,0
83.1364829396325,23.4453742499678,1.02348889581204,0
83.1692913385827,23.3462883707217,1.02974610358298,0
83.2020997375328,23.2472024914757,1.03600331135392,0
83.2349081364829,23.1481166122296,1.04226051912485,0
83.2677165354331,23.0490307329835,1.04851772689579,0
83.3005249343832,22.9499448537374,1.05477493466673,0
83.3333333333333,22.8508589744914,1.06103214243766,0
83.3661417322835,22.7576702377262,1.0672893502086,0
83.3989501312336,22.6860172258747,1.0727831475391,0
83.4317585301837,22.6143642140232,1.07488140857936,0
83.4645669291339,22.5427112021716,1.07697966961962,0
83.497375328084,22.4710581903201,1.07907793065988,0
83.5301837270341,22.3994051784686,1.08117619170013,0
83.5629921259842,22.327752166617,1.08327445274039,0
83.5958005249344,22.2560991547655,1.08537271378065,0
83.6286089238845,22.1844461429139,1.08747097482091,0
83.6614173228346,22.1127931310624,1.08956923586116,0
83.6942257217848,22.0411401192109,1.09166749690142,0
83.7270341207349,22.2329732400341,1.09018170081348,0
83.759842519685,22.6458310702261,1.07488403411603,0
83.7926509186352,23.0586889004181,1.05958636741858,0
83.8254593175853,23.4715467306101,1.04428870072113,0
83.8582677165354,23.8844045608022,1.02899103402367,0
83.8910761154856,24.2972623909941,1.01369336732623,0
83.9238845144357,24.7101202211862,0.998395700628772,0
83.9566929133858,25.1229780513781,0.983098033931324,0
83.989501312336,25.5358358815702,0.96780036723387,0
84.0223097112861,25.9486937117621,0.951687907770958,0
84.0551181102362,26.3615515419542,0.934677374918199,0
84.0879265091863,26.7744093721461,0.917666842065433,0
84.1207349081365,27.526023463871,0.900656309212674,0
84.1535433070866,28.3142065942378,0.883645776359908,0
84.1863517060367,29.1023897246044,0.86079898013008,0
84.2191601049869,29.8905728549713,0.828549844930042,0
84.251968503937,30.6787559853379,0.796300709730016,0
84.2847769028871,31.4592504646754,0.764051574529978,0
84.3175853018373,32.1536022699984,0.730151551920182,0
84.3503937007874,32.8479540753215,0.695687503588311,0
84.3832020997375,33.5423058806445,0.661223455256429,0
84.4160104986877,34.2366576859677,0.66266187738214,0
84.4488188976378,34.9310094912908,0.671182551899877,0
84.4816272965879,35.6253612966138,0.67970322641761,0
84.5144356955381,36.3197131019369,0.688223900935347,0
84.5472440944882,37.0140649072599,0.69674457545308,0
84.5800524934383,37.2473264736882,0.705265249970817,0
84.6128608923884,36.6280397284004,0.713785924488554,0
84.6456692913386,36.0087529831123,0.722306599006287,0
84.6784776902887,35.3894662378243,0.730827273524024,0
84.7112860892388,34.7701794925365,0.738226661903148,0
84.744094488189,34.1508927472484,0.742646644108524,0
84.7769028871391,33.5316060019606,0.747066626313899,0
84.8097112860892,32.9123192566726,0.751486608519276,0
84.8425196850394,32.2930325113848,0.755906590724652,0
84.8753280839895,31.5341104466607,0.760326572930027,0
84.9081364829396,30.6896285212679,0.764746555135403,0
84.9409448818898,29.8451465958748,0.769166537340778,0
84.9737532808399,29.0006646704817,0.773586519546155,0
85.00656167979,28.1561827450889,0.77800650175153,0
85.0393700787401,27.3117008196958,0.782426483956906,0
85.0721784776903,26.9365815325769,0.786846466162281,0
85.1049868766404,26.6792156124572,0.791266448367657,0
85.1377952755905,26.4218496923375,0.795686430573034,0
85.1706036745407,26.1644837722178,0.800106412778409,0
85.2034120734908,25.9071178520981,0.804526394983785,0
85.2362204724409,25.6497519319784,0.80894637718916,0
85.2690288713911,25.3923860118586,0.813366359394536,0
85.3018372703412,25.135020091739,0.813599131447163,0
85.3346456692913,24.8776541716192,0.812867276625353,0
85.3674540682415,24.6202882514996,0.812135421803543,0
85.4002624671916,24.3629223313798,0.811403566981733,0
85.4330708661417,24.1055564112602,0.810671712159922,0
85.4658792650919,23.8481904911404,0.809939857338112,0
85.498687664042,23.5908245710207,0.809208002516302,0
85.5314960629921,23.333458650901,0.808476147694492,0
85.5643044619423,23.0760927307813,0.807744292872681,0
85.5971128608924,22.8187268106616,0.807012438050871,0
85.6299212598425,22.5613608905419,0.806280583229061,0
85.6627296587926,22.3039949704222,0.80554872840725,0
85.6955380577428,22.0466290503025,0.80481687358544,0
85.7283464566929,21.9172620787737,0.80408501876363,0
85.761154855643,21.9594861750434,0.80335316394182,0
85.7939632545932,22.001710271313,0.80262130912001,0
85.8267716535433,22.0439343675827,0.801889454298199,0
85.8595800524934,22.0861584638523,0.801157599476389,0
85.8923884514436,22.1283825601219,0.794573591317517,0
85.9251968503937,22.1706066563916,0.78580844175033,0
85.9580052493438,22.2128307526612,0.777043292183144,0
85.990813648294,22.2550548489308,0.76827814261596,0
86.0236220472441,22.2972789452005,0.759512993048773,0
86.0564304461942,22.3395030414701,0.75074784348159,0
86.0892388451444,22.3817271377398,0.741982693914403,0
86.1220472440945,22.4239512340094,0.733217544347219,0
86.1548556430446,22.466175330279,0.724452394780032,0
86.1876640419947,22.5083994265487,0.715687245212849,0
86.2204724409449,22.5506235228183,0.706922095645662,0
86.253280839895,22.5928476190879,0.698156946078475,0
86.2860892388451,22.6350717153576,0.689391796511292,0
86.3188976377953,22.6772958116272,0.680626646944105,0
86.3517060367454,22.7195199078968,0.672964930108813,0
86.3845144356955,22.7617440041665,0.670401537310862,0
86.4173228346457,22.8039681004361,0.667838144512911,0
86.4501312335958,22.8461921967058,0.665274751714959,0
86.4829396325459,22.8716092190572,0.662711358917008,0
86.5157480314961,22.7977170505853,0.660147966119057,0
86.5485564304462,22.7238248821134,0.657584573321106,0
86.5813648293963,22.6499327136416,0.655021180523155,0
86.6141732283465,22.5760405451697,0.652457787725203,0
86.6469816272966,22.5021483766978,0.649894394927253,0
86.6797900262467,22.4282562082259,0.647331002129301,0
86.7125984251968,22.3543640397541,0.64476760933135,0
86.745406824147,22.2804718712822,0.642204216533399,0
86.7782152230971,22.2065797028104,0.639640823735447,0
86.8110236220472,22.1326875343385,0.637077430937496,0
86.8438320209974,22.0587953658666,0.633441928330142,0
86.8766404199475,21.9849031973948,0.629169607000224,0
86.9094488188976,21.9110110289229,0.624897285670305,0
86.9422572178478,21.837118860451,0.620624964340387,0
86.9750656167979,21.7632266919791,0.616352643010468,0
87.007874015748,21.6893345235073,0.61208032168055,0
87.0406824146982,21.6154423550354,0.607808000350631,0
87.0734908136483,21.5415501865636,0.603535679020712,0
87.1062992125984,21.4676580180917,0.599263357690794,0
87.1391076115486,21.3937658496198,0.594991036360875,0
87.1719160104987,21.319873681148,0.590718715030957,0
87.2047244094488,21.2459815126761,0.586446393701037,0
87.2375328083989,21.1720893442042,0.58217407237112,0
87.2703412073491,21.0981971757324,0.5779017510412,0
87.3031496062992,21.0243050072605,0.573629429711281,0
87.3359580052493,20.9504128387886,0.569357108381363,0
87.3687664041995,20.8765206703168,0.565084787051444,0
87.4015748031496,20.8026285018449,0.561317835218155,0
87.4343832020997,20.728736333373,0.560077483864308,0
87.4671916010499,20.6548441649012,0.558837132510461,0
87.5,20.6042546116965,0.557596781156614,0
87.5328083989501,20.7601589671536,0.556356429802767,0
87.5656167979003,20.9160633226108,0.55511607844892,0
87.5984251968504,21.0719676780679,0.553875727095072,0
87.6312335958005,21.227872033525,0.552635375741226,0
87.6640419947506,21.3837763889821,0.551395024387378,0
87.6968503937008,21.5396807444393,0.550154673033531,0
87.7296587926509,21.6955850998964,0.548914321679684,0
87.762467191601,21.8514894553535,0.547673970325837,0
87.7952755905512,22.0073938108107,0.54643361897199,0
87.8280839895013,22.1632981662678,0.545193267618143,0
87.8608923884514,22.3192025217249,0.543952916264296,0
87.8937007874016,22.475106877182,0.542712564910449,0
87.9265091863517,22.5689159105677,0.541472213556602,0
87.9593175853018,22.598107878359,0.540231862202754,0
87.992125984252,22.6272998461504,0.540645594360697,0
88.0249343832021,22.6564918139417,0.541748128897451,0
88.0577427821522,22.6856837817331,0.542850663434204,0
88.0905511811024,22.7148757495245,0.543953197970957,0
88.1233595800525,22.7440677173158,0.54505573250771,0
88.1561679790026,22.7732596851072,0.546158267044463,0
88.1889763779527,22.8024516528985,0.547260801581216,0
88.2217847769029,22.8316436206899,0.548363336117969,0
88.254593175853,22.8608355884813,0.549465870654723,0
88.2874015748031,22.8900275562726,0.550568405191476,0
88.3202099737533,22.919219524064,0.551670939728229,0
88.3530183727034,22.9484114918553,0.552773474264982,0
88.3858267716535,22.9776034596467,0.553876008801735,0
88.4186351706037,23.006795427438,0.554978543338488,0
88.4514435695538,23.0359873952294,0.556081077875241,0
88.4842519685039,23.0651793630208,0.557183612411995,0
88.5170603674541,23.0943713308121,0.558286146948748,0
88.5498687664042,23.1235632986035,0.558966057705989,0
88.5826771653543,23.1527552663948,0.558345882029065,0
88.6154855643045,23.1819472341862,0.557725706352141,0
88.6482939632546,23.2111392019775,0.557105530675218,0
88.6811023622047,23.2403311697689,0.556485354998294,0
88.7139107611548,23.2695231375603,0.55586517932137,0
88.746719160105,23.2987151053516,0.555245003644447,0
88.7795275590551,23.327907073143,0.554624827967523,0
88.8123359580052,23.3570990409343,0.554004652290599,0
88.8451443569554,23.3862910087257,0.553384476613675,0
88.8779527559055,23.4154829765171,0.552764300936752,0
88.9107611548556,23.4446749443084,0.552144125259828,0
88.9435695538058,23.4738669120998,0.551523949582904,0
88.9763779527559,23.5030588798911,0.550903773905981,0
89.009186351706,23.5322508476825,0.550283598229057,0
89.0419947506562,23.5614428154738,0.549663422552134,0
89.0748031496063,23.5906347832652,0.54904324687521,0
89.1076115485564,23.6198267510566,0.548423071198286,0
89.1404199475066,23.6490187188479,0.543185420355326,0
89.1732283464567,23.6782106866393,0.536680466588484,0
89.2060367454068,23.7074026544306,0.53017551282164,0
89.2388451443569,23.736594622222,0.523670559054795,0
89.2716535433071,23.7657865900134,0.517165605287953,0
89.3044619422572,23.7949785578047,0.510660651521109,0
89.3372703412073,23.8241705255961,0.504155697754267,0
89.3700787401575,23.8533624933874,0.497650743987423,0
89.4028871391076,23.8825544611788,0.491145790220581,0
89.4356955380577,23.9117464289702,0.484640836453737,0
89.4685039370079,23.9409383967615,0.478135882686895,0
89.501312335958,23.9701303645529,0.47163092892005,0
89.5341207349081,23.9993223323442,0.465125975153206,0
89.5669291338583,24.0285143001356,0.458886951246856,0
89.5997375328084,24.0577062679269,0.452767884567876,0
89.6325459317585,24.0747057600106,0.446648817888898,0
89.6653543307087,23.9871298566365,0.440529751209918,0
89.6981627296588,23.8995539532625,0.43441068453094,0
89.7309711286089,23.8119780498884,0.42829161785196,0
89.763779527559,23.7244021465143,0.42217255117298,0
89.7965879265092,23.6368262431403,0.416053484494003,0
89.8293963254593,23.5492503397662,0.409934417815023,0
89.8622047244094,23.4616744363921,0.403815351136045,0
89.8950131233596,23.374098533018,0.397696284457065,0
89.9278215223097,23.286522629644,0.392330071473158,0
89.9606299212598,23.1989467262699,0.401674051672142,0
89.99343832021,23.1113708228958,0.411018031871122,0
90.0262467191601,23.0237949195217,0.420362012070105,0
90.0590551181102,22.9362190161477,0.429705992269088,0
90.0918635170604,22.8486431127736,0.439049972468069,0
90.1246719160105,22.7610672093996,0.448393952667052,0
90.1574803149606,22.6734913060255,0.457737932866032,0
90.1902887139108,22.5859154026514,0.467081913065015,0
90.2230971128609,22.4983394992773,0.476425893263996,0
90.255905511811,22.4107635959032,0.485769873462979,0
90.2887139107611,22.3231876925292,0.495113853661959,0
90.3215223097113,22.2356117891551,0.505066453278718,0
90.3543307086614,22.148035885781,0.515901287163799,0
90.3871391076115,22.060459982407,0.526736121048877,0
90.4199475065617,21.9728840790329,0.537570954933958,0
90.4527559055118,21.8853081756588,0.548405788819036,0
90.4855643044619,21.7977322722847,0.559240622704117,0
90.5183727034121,21.7101563689107,0.570075456589195,0
90.5511811023622,21.6225804655366,0.580910290474276,0
90.5839895013123,21.5350045621625,0.591745124359357,0
90.6167979002625,21.4474286587885,0.602579958244435,0
90.6496062992126,21.3598527554144,0.612248090681056,0
90.6824146981627,21.2722768520403,0.620812421457617,0
90.7152230971129,21.1847009486662,0.629376752234181,0
90.748031496063,21.0971250452922,0.637941083010742,0
90.7808398950131,21.0440175258251,0.646505413787306,0
90.8136482939632,21.1472319833731,0.655069744563867,0
90.8464566929134,21.2504464409212,0.660285829683125,0
90.8792650918635,21.3536608984692,0.660533899953895,0
90.9120734908136,21.4568753560172,0.660781970224664,0
90.9448818897638,21.5600898135653,0.661030040495434,0
90.9776902887139,21.6633042711133,0.661278110766203,0
91.010498687664,21.7665187286614,0.661526181036972,0
91.0433070866142,21.8697331862094,0.661774251307742,0
91.0761154855643,21.9729476437575,0.662022321578511,0
91.1089238845144,22.0761621013055,0.66227039184928,0
91.1417322834646,22.1793765588535,0.66251846212005,0
91.1745406824147,22.4496155188685,0.662766532390819,0
91.2073490813648,22.8624733490605,0.663014602661589,0
91.240157480315,23.2753311792526,0.663262672932358,0
91.2729658792651,23.6881890094444,0.663510743203127,0
91.3057742782152,24.1010468396364,0.663758813473897,0
91.3385826771653,24.5139046698283,0.662445107747615,0
91.3713910761155,24.9267625000203,0.660860214351032,0
91.4041994750656,25.3396203302122,0.659275320954449,0
91.4370078740157,25.7524781604042,0.657690427557867,0
91.4698162729659,25.9112054876342,0.656105534161285,0
91.502624671916,26.0097283789301,0.654520640764703,0
91.5354330708661,26.1082512702259,0.65293574736812,0
91.5682414698163,26.2067741615217,0.651350853971538,0
91.6010498687664,26.3052970528176,0.649765960574955,0
91.6338582677165,26.4038199441134,0.648181067178373,0
91.6666666666667,26.5023428354093,0.646596173781791,0
91.6994750656168,26.6008657267051,0.645011280385208,0
91.7322834645669,26.6993886180009,0.643426386988626,0
91.765091863517,26.7979115092967,0.641841493592043,0
91.7979002624672,26.8964344005926,0.640256600195461,0
91.8307086614173,26.9949572918884,0.638671706798879,0
91.8635170603674,27.0934801831843,0.637086813402297,0
91.8963254593176,27.1920030744801,0.635717670561517,0
91.9291338582677,27.2905259657759,0.634684044433311,0
91.9619422572178,27.3890488570718,0.633650418305105,0
91.994750656168,27.4875717483676,0.632616792176898,0
92.0275590551181,27.5860946396635,0.631583166048692,0
92.0603674540682,27.6846175309593,0.630549539920486,0
92.0931758530184,27.7831404222551,0.629515913792279,0
92.1259842519685,27.881663313551,0.628482287664073,0
92.1587926509186,27.9801862048468,0.627448661535867,0
92.1916010498688,28.0787090961426,0.626415035407661,0
92.2244094488189,28.1772319874385,0.625381409279454,0
92.257217847769,28.2757548787343,0.624347783151248,0
92.2900262467192,28.3742777700301,0.623314157023041,0
92.3228346456693,28.472800661326,0.622280530894835,0
92.3556430446194,28.5713235526218,0.621246904766629,0
92.3884514435696,28.6698464439176,0.620213278638423,0
92.4212598425197,28.7683693352135,0.619179652510216,0
92.4540682414698,28.8668922265093,0.61814602638201,0
92.4868766404199,28.9654151178052,0.617946124887759,0
92.5196850393701,29.063938009101,0.617808308070665,0
92.5524934383202,29.1624609003968,0.617670491253571,0
92.5853018372703,29.2609837916927,0.617532674436477,0
92.6181102362205,29.0917865629001,0.617394857619383,0
92.6509186351706,28.8877034309302,0.617257040802289,0
92.6837270341207,28.6836202989603,0.617119223985195,0
92.7165354330709,28.4795371669903,0.616981407168101,0
92.749343832021,28.2754540350204,0.616843590351007,0
92.7821522309711,28.0713709030505,0.616705773533913,0
92.8149606299212,27.8672877710806,0.616567956716819,0
92.8477690288714,27.6632046391106,0.616430139899725,0
92.8805774278215,27.4591215071407,0.616292323082631,0
92.9133858267716,27.2550383751708,0.616154506265537,0
92.9461942257218,27.0509552432008,0.616016689448443,0
92.9790026246719,26.8468721112309,0.615878872631349,0
93.011811023622,26.642788979261,0.615741055814255,0
93.0446194225722,26.4387058472911,0.614113386384373,0
93.0774278215223,26.2346227153211,0.610805782774114,0
93.1102362204724,26.0305395833512,0.607498179163855,0
93.1430446194226,25.8264564513812,0.604190575553596,0
93.1758530183727,25.6223733194113,0.600882971943337,0
93.2086614173228,25.4182901874414,0.597575368333078,0
93.241469816273,25.2142070554714,0.594267764722819,0
93.2742782152231,25.0101239235015,0.59096016111256,0
93.3070866141732,24.8060407915316,0.587652557502301,0
93.3398950131234,24.6019576595617,0.584344953892041,0
93.3727034120735,24.4529681783209,0.581037350281783,0
93.4055118110236,24.3403705882686,0.577729746671523,0
93.4383202099737,24.2277729982162,0.574422143061265,0
93.4711286089239,24.1151754081638,0.571114539451005,0
93.503937007874,24.0025778181115,0.567806935840747,0
93.5367454068241,23.8899802280591,0.564499332230487,0
93.5695538057743,23.7773826380067,0.561191728620229,0
93.6023622047244,23.6647850479544,0.557873828427479,0
93.6351706036745,23.552187457902,0.553463690280465,0
93.6679790026247,23.4395898678496,0.549053552133453,0
93.7007874015748,23.3269922777973,0.544643413986439,0
93.7335958005249,23.2143946877449,0.540233275839427,0
93.7664041994751,23.1017970976925,0.535823137692413,0
93.7992125984252,22.9891995076402,0.531412999545401,0
93.8320209973753,22.8766019175878,0.527002861398387,0
93.8648293963254,22.7640043275355,0.522592723251374,0
93.8976377952756,22.6514067374831,0.518182585104362,0
93.9304461942257,22.5388091474308,0.513772446957348,0
93.9632545931758,22.4262115573784,0.509362308810336,0
93.996062992126,22.313613967326,0.504952170663322,0
94.0288713910761,22.2010163772737,0.50054203251631,0
94.0616797900262,22.0884187872213,0.496131894369296,0
94.0944881889764,21.9758211971689,0.491721756222284,0
94.1272965879265,21.8907835037805,0.487311618075271,0
94.1601049868766,21.8643892487968,0.482901479928257,0
94.1929133858268,21.8379949938131,0.479776792737985,0
94.2257217847769,21.8116007388295,0.477709540481573,0
94.258530183727,21.7852064838458,0.475642288225161,0
94.2913385826772,21.7588122288622,0.473575035968749,0
94.3241469816273,21.7324179738785,0.471507783712337,0
94.3569553805774,21.7060237188948,0.469440531455925,0
94.3897637795275,21.6796294639112,0.467373279199513,0
94.4225721784777,21.6532352089275,0.465306026943101,0
94.4553805774278,21.6268409539439,0.463238774686689,0
94.4881889763779,21.6004466989602,0.461171522430277,0
94.5209973753281,21.5740524439765,0.459104270173865,0
94.5538057742782,21.5476581889929,0.457037017917453,0
94.5866141732283,21.5212639340092,0.454969765661041,0
94.6194225721785,21.4948696790256,0.45290251340463,0
94.6522309711286,21.4684754240419,0.450835261148217,0
94.6850393700787,21.4247585584031,0.448768008891805,0
94.7178477690289,21.3496934983682,0.446700756635394,0
94.750656167979,21.2746284383332,0.444657755647814,0
94.7834645669291,21.1995633782983,0.442866137025591,0
94.8162729658793,21.1244983182634,0.441074518403367,0
94.8490813648294,21.0494332582285,0.439282899781143,0
94.8818897637795,20.9743681981935,0.437491281158919,0
94.9146981627296,20.8993031381586,0.435699662536696,0
94.9475065616798,20.8242380781237,0.433908043914472,0
94.9803149606299,20.7491730180888,0.432116425292248,0
95.01312335958,20.6741079580539,0.430324806670024,0
95.0459317585302,20.599042898019,0.4285331880478,0
95.0787401574803,20.5242844689826,0.426741569425576,0
95.1115485564304,20.462434880962,0.424949950803352,0
95.1443569553806,20.4005852929414,0.423158332181129,0
95.1771653543307,20.3387357049207,0.421366713558905,0
95.2099737532808,20.2768861169001,0.419575094936681,0
95.242782152231,20.2150365288795,0.417783476314457,0
95.2755905511811,20.1531869408588,0.415991857692233,0
95.3083989501312,20.0913373528382,0.41420023907001,0
95.3412073490814,20.0294877648175,0.412278940462136,0
95.3740157480315,19.9676381767969,0.410280596614272,0
95.4068241469816,19.9057885887763,0.408282252766406,0
95.4396325459317,19.8439390007557,0.406283908918542,0
95.4724409448819,19.782089412735,0.404285565070677,0
95.505249343832,19.7202398247144,0.402287221222812,0
95.5380577427821,19.6583902366937,0.400288877374947,0
95.5708661417323,19.5965406486731,0.398290533527082,0
95.6036745406824,19.5346910606525,0.396292189679217,0
95.6364829396325,19.4728414726318,0.394293845831352,0
95.6692913385827,19.4109918846112,0.392295501983488,0
95.7020997375328,19.3491422965905,0.390297158135622,0
95.7349081364829,19.2872927085699,0.388298814287758,0
95.7677165354331,19.2776681685559,0.386300470439893,0
95.8005249343832,19.2776681685559,0.384302126592028,0
95.8333333333333,19.2776681685559,0.382303782744163,0
95.8661417322835,19.2776681685559,0.380305438896298,0
95.8989501312336,19.2776681685559,0.378731932674833,0
95.9317585301837,19.2776681685559,0.37928319994321,0
95.9645669291339,19.2776681685559,0.379834467211586,0
95.997375328084,19.2776681685559,0.380385734479963,0
96.0301837270341,19.2776681685559,0.38093700174834,0
96.0629921259843,19.2776681685559,0.381488269016717,0
96.0958005249344,19.2630566820784,0.382039536285093,0
96.1286089238845,19.2408606479702,0.38259080355347,0
96.1614173228346,19.218664613862,0.383142070821847,0
96.1942257217848,19.1964685797538,0.383693338090223,0
96.2270341207349,19.1742725456456,0.3842446053586,0
96.259842519685,19.1520765115374,0.384795872626977,0
96.2926509186352,19.1298804774291,0.385347139895354,0
96.3254593175853,19.1076844433209,0.38589840716373,0
96.3582677165354,19.0854884092127,0.386449674432107,0
96.3910761154855,19.0632923751045,0.387000941700484,0
96.4238845144357,19.0410963409963,0.387552208968861,0
96.4566929133858,19.0189003068881,0.388103476237237,0
96.4895013123359,18.9967042727799,0.387292657110414,0
96.5223097112861,18.9745082386717,0.385914488939472,0
96.5551181102362,18.9523122045635,0.384536320768531,0
96.5879265091863,18.9301161704553,0.38315815259759,0
96.6207349081365,18.9079201363471,0.381779984426648,0
96.6535433070866,18.8857241022389,0.380401816255707,0
96.6863517060367,18.8635280681307,0.379023648084765,0
96.7191601049869,18.8413320340225,0.377645479913824,0
96.751968503937,18.8191359999143,0.376267311742882,0
96.7847769028871,18.7969399658061,0.374889143571941,0
96.8175853018373,18.7747439316979,0.373510975400999,0
96.8503937007874,18.7525478975897,0.372132807230058,0
96.8832020997375,18.7303518634815,0.370754639059116,0
96.9160104986877,18.7081558293733,0.369376470888175,0
96.9488188976378,18.6859597952651,0.367998302717234,0
96.9816272965879,18.6742080915033,0.366620134546292,0
97.0144356955381,18.6742080915033,0.365241966375351,0
97.0472440944882,18.6742080915033,0.364455346462878,0
97.0800524934383,18.6742080915033,0.365488972591083,0
97.1128608923884,18.6742080915033,0.366522598719289,0
97.1456692913386,18.6742080915033,0.367556224847495,0
97.1784776902887,18.6742080915033,0.368589850975701,0
97.2112860892388,18.6742080915033,0.369623477103907,0
97.244094488189,18.6742080915033,0.370657103232113,0
97.2769028871391,18.6742080915033,0.371690729360319,0
97.3097112860892,18.6742080915033,0.372724355488525,0
97.3425196850394,18.6742080915033,0.373757981616731,0
97.3753280839895,18.6742080915033,0.374791607744937,0
97.4081364829396,18.6742080915033,0.375825233873143,0
97.4409448818897,18.6742080915033,0.376858860001349,0
97.4737532808399,18.6742080915033,0.377892486129555,0
97.50656167979,18.6732740121328,0.378926112257761,0
97.5393700787401,18.6385940138609,0.379959738385966,0
97.5721784776903,18.6039140155889,0.380993364514172,0
97.6049868766404,18.569234017317,0.382026990642378,0
97.6377952755905,18.534554019045,0.381860368809149,0
97.6706036745407,18.499874020773,0.38136422826761,0
97.7034120734908,18.4651940225011,0.380868087726071,0
97.7362204724409,18.4305140242291,0.380371947184532,0
97.7690288713911,18.3958340259572,0.379875806642993,0
97.8018372703412,18.3611540276852,0.379379666101454,0
97.8346456692913,18.3264740294132,0.378883525559915,0
97.8674540682415,18.2917940311413,0.378387385018376,0
97.9002624671916,18.2571140328693,0.377891244476837,0
97.9330708661417,18.2224340345974,0.377395103935298,0
97.9658792650919,18.1877540363254,0.376898963393759,0
97.998687664042,18.1530740380534,0.37640282285222,0
98.0314960629921,18.1183940397815,0.375906682310681,0
98.0643044619422,18.0837140415095,0.375410541769143,0
98.0971128608924,18.0490340432376,0.374914401227603,0
98.1299212598425,18.0143540449656,0.374418260686065,0
98.1627296587926,17.9796740466936,0.373922120144526,0
98.1955380577428,17.9795179485349,0.372398417600304,0
98.2283464566929,17.999515599484,0.368729984505289,0
98.261154855643,18.0195132504331,0.365061551410274,0
98.2939632545932,18.0395109013821,0.36139311831526,0
98.3267716535433,18.0595085523312,0.357724685220245,0
98.3595800524934,18.0795062032802,0.354056252125231,0
98.3923884514436,18.0995038542293,0.350387819030216,0
98.4251968503937,18.1195015051783,0.346719385935203,0
98.4580052493438,18.1394991561274,0.343050952840188,0
98.490813648294,18.1594968070764,0.339382519745174,0
98.5236220472441,18.1794944580255,0.335714086650159,0
98.5564304461942,18.1994921089746,0.332045653555144,0
98.5892388451444,18.2194897599236,0.32837722046013,0
98.6220472440945,18.2394874108727,0.324708787365115,0
98.6548556430446,18.2594850618217,0.321040354270102,0
98.6876640419948,18.2794827127708,0.317371921175087,0
98.7204724409449,18.2994803637198,0.312962939677013,0
98.753280839895,18.3194780146689,0.306967908133416,0
98.7860892388451,18.339475665618,0.300972876589819,0
98.8188976377953,18.359473316567,0.294977845046224,0
98.8517060367454,18.3794709675161,0.288982813502627,0
98.8845144356955,18.3994686184651,0.282987781959032,0
98.9173228346457,18.4194662694142,0.276992750415435,0
98.9501312335958,18.4394639203632,0.27099771887184,0
98.9829396325459,18.4681333227442,0.265002687328243,0
99.015748031496,18.4985198068787,0.259007655784648,0
99.0485564304462,18.5289062910133,0.253012624241051,0
99.0813648293963,18.5592927751479,0.247017592697454,0
99.1141732283464,18.5896792592825,0.26638566186395,0
99.1469816272966,18.6200657434171,0.297807896161397,0
99.1797900262467,18.6504522275517,0.329230130458833,0
99.2125984251968,18.6808387116863,0.338921364755222,0
99.245406824147,18.7112251958209,0.342038145080276,0
99.2782152230971,18.7416116799554,0.345154925405331,0
99.3110236220472,18.77199816409,0.348271705730385,0
99.3438320209974,18.8023846482246,0.35138848605544,0
99.3766404199475,18.8327711323592,0.354505266380496,0
99.4094488188976,18.8631576164938,0.35762204670555,0
99.4422572178478,18.8935441006284,0.360738827030605,0
99.4750656167979,18.923930584763,0.363855607355659,0
99.507874015748,18.9543170688976,0.366972387680714,0
99.5406824146982,18.9847035530321,0.370089168005768,0
99.5734908136483,19.0150900371667,0.373205948330823,0
99.6062992125984,19.0454765213013,0.376322728655879,0
99.6391076115486,19.0758630054359,0.379439508980933,0
99.6719160104987,19.1062494895705,0.382556289305988,0
99.7047244094488,19.1366359737051,0.385673069631042,0
99.737532808399,19.1670224578397,0.388789849956097,0
99.7703412073491,19.1974089419742,0.391906630281151,0
99.8031496062992,19.2235406623132,0.395023410606206,0
99.8359580052493,19.2266683731479,0.394780183287381,0
99.8687664041995,19.2297960839827,0.393953282384816,0
99.9015748031496,19.2329237948175,0.393126381482252,0
99.9343832020997,19.2360515056523,0.392299480579687,0
99.9671916010498,19.2391792164871,0.391472579677122,0
100,19.2423069273219,0.390645678774558,0
100.03280839895,19.2454346381567,0.389818777871993,0
100.0656167979,19.2485623489915,0.388991876969429,0
100.09842519685,19.2516900598263,0.388164976066864,0
100.131233595801,19.2548177706611,0.3873380751643,0
100.164041994751,19.2579454814959,0.386511174261735,0
100.196850393701,19.2610731923306,0.38568427335917,0
100.229658792651,19.2642009031654,0.384857372456605,0
100.262467191601,19.2673286140002,0.384030471554041,0
100.295275590551,19.270456324835,0.383203570651476,0
100.328083989501,19.2735840356698,0.382376669748911,0
100.360892388451,19.2767117465046,0.381549768846347,0
100.393700787402,19.3558345647614,0.381343068627293,0
100.426509186352,19.4684321548137,0.38210106112131,0
100.459317585302,19.581029744866,0.382859053615328,0
100.492125984252,19.6936273349184,0.383617046109345,0
100.524934383202,19.8062249249707,0.384375038603363,0
100.557742782152,19.9188225150231,0.38513303109738,0
100.590551181102,20.0314201050754,0.385891023591397,0
100.623359580052,20.1440176951277,0.386649016085415,0
100.656167979003,20.25661528518,0.387407008579432,0
100.688976377953,20.3692128752324,0.38816500107345,0
100.721784776903,20.4818104652847,0.388922993567468,0
100.754593175853,20.594408055337,0.389680986061485,0
100.787401574803,20.7070056453893,0.390438978555503,0
100.820209973753,20.8196032354417,0.39119697104952,0
100.853018372703,20.932200825494,0.391954963543538,0
100.885826771654,21.0447984155463,0.392712956037555,0
100.918635170604,21.1573960055987,0.393470948531572,0
100.951443569554,21.269993595651,0.39422894102559,0
100.984251968504,21.3825911857034,0.393255448041449,0
101.017060367454,21.3712188925258,0.392152913504696,0
101.049868766404,21.3243032300041,0.391050378967943,0
101.082677165354,21.2773875674823,0.38994784443119,0
101.115485564304,21.2304719049605,0.388845309894438,0
101.148293963255,21.1835562424387,0.387742775357685,0
101.181102362205,21.1366405799169,0.386640240820932,0
101.213910761155,21.0897249173951,0.38553770628418,0
101.246719160105,21.0428092548733,0.384435171747427,0
101.279527559055,20.9958935923515,0.383332637210674,0
101.312335958005,20.9489779298297,0.382230102673921,0
101.345144356955,20.9020622673079,0.381127568137169,0
101.377952755906,20.8551466047861,0.380025033600416,0
101.410761154856,20.8082309422644,0.378922499063663,0
101.443569553806,20.7613152797426,0.37781996452691,0
101.476377952756,20.7143996172208,0.376717429990158,0
101.509186351706,20.667483954699,0.375614895453405,0
101.541994750656,20.6205682921772,0.374512360916651,0
101.574803149606,20.6214985019788,0.373409826379897,0
101.607611548556,20.7263307409931,0.372307291843142,0
101.640419947507,20.8311629800074,0.371204757306387,0
101.673228346457,20.9359952190218,0.370102222769632,0
101.706036745407,21.0408274580361,0.368999688232878,0
101.738845144357,21.1456596970504,0.367897153696123,0
101.771653543307,21.2504919360647,0.366794619159368,0
101.804461942257,21.355324175079,0.365692084622614,0
101.837270341207,21.4601564140933,0.364589550085859,0
101.870078740157,21.5649886531077,0.363487015549105,0
101.902887139108,21.669820892122,0.36238448101235,0
101.935695538058,21.7746531311363,0.361281946475595,0
101.968503937008,21.8794853701507,0.36017941193884,0
102.001312335958,21.984317609165,0.359076877402086,0
102.034120734908,22.0891498481793,0.357974342865331,0
102.066929133858,22.1939820871936,0.356871808328576,0
102.099737532808,22.2988143262079,0.355805111778098,0
102.132545931759,22.4036465652222,0.35856144811998,0
102.165354330709,22.5084788042366,0.361317784461862,0
102.198162729659,22.6133110432509,0.364074120803744,0
102.230971128609,22.7181432822652,0.366830457145625,0
102.263779527559,22.7935362221849,0.369586793487508,0
102.296587926509,22.7617779275548,0.372343129829389,0
102.329396325459,22.7300196329246,0.375099466171271,0
102.362204724409,22.6982613382945,0.377855802513153,0
102.39501312336,22.6665030436644,0.380612138855035,0
102.42782152231,22.6347447490342,0.383368475196917,0
102.46062992126,22.6029864544041,0.386124811538798,0
102.49343832021,22.5712281597739,0.38888114788068,0
102.52624671916,22.5394698651438,0.391637484222562,0
102.55905511811,22.5077115705137,0.394393820564444,0
102.59186351706,22.4759532758835,0.397150156906326,0
102.62467191601,22.4441949812534,0.399906493248208,0
102.657480314961,22.4124366866232,0.40266282959009,0
102.690288713911,22.3806783919931,0.399944284928639,0
102.723097112861,22.3489200973629,0.392721062338586,0
102.755905511811,22.3171618027328,0.385497839748536,0
102.788713910761,22.2854035081027,0.378274617158484,0
102.821522309711,22.2536452134725,0.371051394568434,0
102.854330708661,22.2218869188424,0.363828171978382,0
102.887139107612,22.1901286242123,0.35660494938833,0
102.919947506562,22.1583703295821,0.34938172679828,0
102.952755905512,22.126612034952,0.342158504208228,0
102.985564304462,22.0948537403218,0.334935281618178,0
103.018372703412,22.0630954456917,0.327712059028126,0
103.051181102362,22.0313371510615,0.320488836438076,0
103.083989501312,21.9995788564314,0.313265613848024,0
103.116797900262,21.9678205618013,0.306042391257974,0
103.149606299213,21.9360622671711,0.298819168667921,0
103.182414698163,21.904303972541,0.291595946077869,0
103.215223097113,21.9727838231645,0.294138783299708,0
103.248031496063,22.0603597265386,0.441016777928624,0
103.280839895013,22.1479356299127,0.438866835581955,0
103.313648293963,22.2355115332867,0.436716893235285,0
103.346456692913,22.3230874366608,0.434566950888616,0
103.379265091864,22.4106633400349,0.432417008541947,0
103.412073490814,22.4982392434089,0.430267066195277,0
103.444881889764,22.585815146783,0.428117123848608,0
103.477690288714,22.6733910501571,0.425967181501938,0
103.510498687664,22.7609669535311,0.42381723915527,0
103.543307086614,22.8485428569052,0.4216672968086,0
103.576115485564,22.9361187602793,0.419517354461931,0
103.608923884514,23.0236946636534,0.417367412115261,0
103.641732283465,23.1112705670274,0.415217469768592,0
103.674540682415,23.1988464704015,0.413067527421923,0
103.707349081365,23.2864223737756,0.410917585075253,0
103.740157480315,23.3739982771496,0.41081164989896,0
103.772965879265,23.4615741805237,0.412465451704089,0
103.805774278215,23.5491500838978,0.414119253509218,0
103.838582677165,23.6367259872719,0.415773055314348,0
103.871391076115,23.7243018906459,0.417426857119477,0
103.904199475066,23.81187779402,0.419080658924606,0
103.937007874016,23.899453697394,0.420734460729735,0
103.969816272966,23.9870296007681,0.422388262534865,0
104.002624671916,24.0746055041422,0.424042064339994,0
104.035433070866,24.1621814075163,0.425695866145123,0
104.068241469816,24.1619413230913,0.427349667950253,0
104.101049868766,24.1138232206136,0.429003469755382,0
104.133858267717,24.0657051181359,0.430657271560511,0
104.166666666667,24.0175870156582,0.43231107336564,0
104.199475065617,23.9694689131805,0.43396487517077,0
104.232283464567,23.9213508107027,0.435618676975899,0
104.265091863517,23.873232708225,0.437272478781028,0
104.297900262467,23.8251146057473,0.438889288725428,0
104.330708661417,23.7769965032696,0.440060731670727,0
104.363517060367,23.7288784007919,0.441232174616027,0
104.396325459318,23.6807602983142,0.442403617561327,0
104.429133858268,23.6326421958364,0.443575060506627,0
104.461942257218,23.5845240933587,0.444746503451926,0
104.494750656168,23.536405990881,0.445917946397226,0
104.527559055118,23.4882878884033,0.447089389342526,0
104.560367454068,23.4401697859256,0.448260832287825,0
104.593175853018,23.3920516834479,0.449432275233125,0
104.625984251968,23.3439335809702,0.450603718178425,0
104.658792650919,23.3011456576718,0.451775161123725,0
104.691601049869,23.2887925359025,0.452946604069024,0
104.724409448819,23.2764394141332,0.454118047014324,0
104.757217847769,23.2640862923639,0.455289489959624,0
104.790026246719,23.2517331705946,0.456460932904924,0
104.822834645669,23.2393800488253,0.457632375850223,0
104.855643044619,23.2270269270559,0.458803818795523,0
104.88845144357,23.2146738052866,0.460357297306689,0
104.92125984252,23.2023206835173,0.462148915928912,0
104.95406824147,23.189967561748,0.463940534551135,0
104.98687664042,23.1776144399787,0.465732153173359,0
105.01968503937,23.1652613182094,0.467523771795582,0
105.05249343832,23.15290819644,0.469315390417805,0
105.08530183727,23.1405550746707,0.47110700904003,0
105.11811023622,23.1282019529014,0.472898627662253,0
105.150918635171,23.1158488311321,0.474690246284476,0
105.183727034121,23.1034957093628,0.476481864906699,0
105.216535433071,23.0911425875935,0.478273483528923,0
105.249343832021,23.0787894658242,0.480065102151147,0
105.282152230971,23.0664363440548,0.48185672077337,0
105.314960629921,23.0540832222855,0.483648339395593,0
105.347769028871,23.0501820275503,0.485439958017817,0
105.380577427822,23.0614417865555,0.48723157664004,0
105.413385826772,23.0727015455607,0.489023195262263,0
105.446194225722,23.0839613045659,0.491071705860522,0
105.479002624672,23.0952210635712,0.494517126287874,0
105.511811023622,23.1064808225764,0.497962546715225,0
105.544619422572,23.1177405815816,0.501407967142577,0
105.577427821522,23.1290003405868,0.504853387569932,0
105.610236220472,23.140260099592,0.508298807997284,0
105.643044619423,23.1515198585973,0.511744228424636,0
105.675853018373,23.1627796176025,0.51518964885199,0
105.708661417323,23.1740393766077,0.518635069279342,0
105.741469816273,23.1852991356129,0.522080489706694,0
105.774278215223,23.1965588946181,0.525525910134045,0
105.807086614173,23.2078186536234,0.5289713305614,0
105.839895013123,23.2785374860504,0.532416750988752,0
105.872703412073,23.3635337366774,0.535862171416104,0
105.905511811024,23.4485299873042,0.539307591843458,0
105.938320209974,23.5335262379311,0.54275301227081,0
105.971128608924,23.618522488558,0.546198432698162,0
106.003937007874,23.7035187391849,0.549643853125514,0
106.036745406824,23.7885149898118,0.550504418994368,0
106.069553805774,23.8735112404386,0.55022878536018,0
106.102362204724,23.9585074910655,0.549953151725991,0
106.135170603675,24.0435037416924,0.549677518091803,0
106.167979002625,24.1284999923193,0.549401884457615,0
106.200787401575,24.2134962429461,0.549126250823427,0
106.233595800525,24.2984924935731,0.548850617189238,0
106.266404199475,24.3834887441999,0.54857498355505,0
106.299212598425,24.4684849948268,0.548299349920862,0
106.332020997375,24.5534812454537,0.548023716286673,0
106.364829396325,24.6384774960806,0.547748082652485,0
106.397637795276,24.7234737467075,0.547472449018297,0
106.430446194226,24.8084699973343,0.547196815384109,0
106.463254593176,24.8934662479613,0.54692118174992,0
106.496062992126,25.0820811518049,0.546645548115732,0
106.528871391076,25.3260425969187,0.546369914481544,0
106.561679790026,25.5700040420327,0.546094280847356,0
106.594488188976,25.8139654871465,0.545447815611024,0
106.627296587926,26.0579269322603,0.543587288580252,0
106.660104986877,26.3018883773742,0.541726761549483,0
106.692913385827,26.5458498224881,0.539866234518713,0
106.725721784777,26.789811267602,0.538005707487941,0
106.758530183727,27.0337727127158,0.536145180457171,0
106.791338582677,27.2777341578296,0.534284653426401,0
106.824146981627,27.5216956029436,0.532424126395631,0
106.856955380577,27.7656570480574,0.53056359936486,0
106.889763779528,27.9339949990102,0.52870307233409,0
106.922572178478,27.9409820609696,0.52684254530332,0
106.955380577428,27.9479691229289,0.52498201827255,0
106.988188976378,27.9549561848883,0.523121491241779,0
107.020997375328,27.9619432468476,0.521260964211009,0
107.053805774278,27.968930308807,0.519400437180239,0
107.086614173228,27.9759173707663,0.517539910149468,0
107.119422572178,27.9829044327257,0.515679383118698,0
107.152230971129,27.989891494685,0.513818856087928,0
107.185039370079,27.9968785566444,0.513503650833681,0
107.217847769029,28.0038656186037,0.513641467650775,0
107.250656167979,28.0108526805631,0.513779284467869,0
107.283464566929,28.0178397425224,0.513917101284964,0
107.316272965879,28.0248268044818,0.514054918102058,0
107.349081364829,28.0318138664411,0.514192734919153,0
107.38188976378,28.0388009284005,0.514330551736247,0
107.41469816273,28.0457879903598,0.514468368553341,0
107.44750656168,28.0527750523192,0.514606185370436,0
107.48031496063,28.0597621142785,0.51474400218753,0
107.51312335958,28.0667491762379,0.514881819004624,0
107.54593175853,28.0647228842742,0.515019635821719,0
107.57874015748,28.0502872958059,0.515157452638813,0
107.61154855643,28.0358517073377,0.515295269455908,0
107.644356955381,28.0214161188694,0.515433086273002,0
107.677165354331,28.0069805304012,0.515570903090096,0
107.709973753281,27.992544941933,0.515708719907191,0
107.742782152231,27.9781093534647,0.515498780936385,0
107.775590551181,27.9636737649965,0.514524219158363,0
107.808398950131,27.9492381765282,0.51354965738034,0
107.841207349081,27.93480258806,0.512575095602318,0
107.874015748031,27.9203669995918,0.511600533824296,0
107.906824146982,27.9059314111235,0.510625972046273,0
107.939632545932,27.8914958226553,0.509651410268251,0
107.972440944882,27.877060234187,0.508676848490228,0
108.005249343832,27.8626246457188,0.507702286712206,0
108.038057742782,27.8481890572506,0.506727724934183,0
108.070866141732,27.8337534687823,0.505753163156161,0
108.103674540682,27.8193178803141,0.504778601378139,0
108.136482939633,27.8048822918459,0.503804039600116,0
108.169291338583,27.7863936373015,0.502829477822094,0
108.202099737533,27.7639115461877,0.501854916044072,0
108.234908136483,27.7414294550739,0.50088035426605,0
108.267716535433,27.7189473639601,0.499905792488027,0
108.300524934383,27.6964652728463,0.498931230710005,0
108.333333333333,27.6739831817325,0.496474607738303,0
108.366141732283,27.6515010906187,0.493760427128705,0
108.398950131234,27.6290189995049,0.491046246519109,0
108.431758530184,27.6065369083911,0.488332065909514,0
108.464566929134,27.5840548172772,0.485617885299918,0
108.497375328084,27.5615727261634,0.48290370469032,0
108.530183727034,27.5390906350496,0.480189524080725,0
108.562992125984,27.5166085439358,0.477475343471129,0
108.595800524934,27.494126452822,0.474761162861533,0
108.628608923884,27.4716443617082,0.472046982251935,0
108.661417322835,27.5185521437778,0.46933280164234,0
108.694225721785,27.5751583928925,0.466618621032744,0
108.727034120735,27.6317646420072,0.463904440423146,0
108.759842519685,27.6883708911219,0.461190259813551,0
108.792650918635,27.7449771402367,0.458476079203955,0
108.825459317585,27.8015833893514,0.455761898594359,0
108.858267716535,27.8581896384661,0.453047717984762,0
108.891076115486,27.9147958875808,0.454347073231069,0
108.923884514436,27.9714021366956,0.473516581801641,0
108.956692913386,28.0280083858103,0.492686090372226,0
108.989501312336,28.084614634925,0.511855598942798,0
109.022309711286,28.1412208840397,0.53102510751337,0
109.055118110236,28.1978271331545,0.550194616083942,0
109.087926509186,28.2544333822692,0.569364124654528,0
109.120734908136,28.3110396313839,0.587466900933971,0
109.153543307087,28.3676458804986,0.597439325818895,0
109.186351706037,28.4242521296133,0.607411750703825,0
109.219160104987,28.3708892149249,0.617384175588748,0
109.251968503937,28.2031889586535,0.627356600473672,0
109.284776902887,28.0354887023821,0.637329025358595,0
109.317585301837,27.8677884461107,0.647301450243526,0
109.350393700787,27.7000881898394,0.657273875128449,0
109.383202099738,27.532387933568,0.667246300013372,0
109.416010498688,27.3646876772966,0.677218724898296,0
109.448818897638,27.1969874210253,0.683353030265563,0
109.481627296588,27.0292871647539,0.684090536475959,0
109.514435695538,26.8615869084825,0.684828042686355,0
109.547244094488,26.6938866522112,0.685565548896752,0
109.580052493438,26.5606421506321,0.686303055107148,0
109.612860892388,26.733935362515,0.687040561317544,0
109.645669291339,26.9072285743977,0.68777806752794,0
109.678477690289,27.0805217862804,0.688515573738336,0
109.711286089239,27.2538149981632,0.689253079948732,0
109.744094488189,27.427108210046,0.689990586159128,0
109.776902887139,27.6004014219287,0.690728092369525,0
109.809711286089,27.7736946338115,0.691465598579921,0
109.842519685039,27.9469878456943,0.692203104790317,0
109.87532808399,28.120281057577,0.692940611000713,0
109.90813648294,28.2935742694598,0.693678117211109,0
109.94094488189,28.4668674813425,0.694415623421505,0
109.97375328084,28.6401606932253,0.695153129631901,0
110.00656167979,28.8134539051081,0.695890635842297,0
110.03937007874,28.9867471169908,0.699033959533561,0
110.07217847769,29.1553771185506,0.704891174260059,0
110.10498687664,29.3129928511291,0.710748388986557,0
110.137795275591,29.4706085837074,0.71660560371306,0
110.170603674541,29.6282243162857,0.722462818439558,0
110.203412073491,29.7858400488642,0.728320033166056,0
110.236220472441,29.9434557814425,0.734177247892554,0
110.269028871391,30.1010715140208,0.740034462619057,0
110.301837270341,30.2586872465992,0.745891677345555,0
110.334645669291,30.4163029791776,0.751748892072053,0
110.367454068241,30.5739187117559,0.757606106798556,0
110.400262467192,30.7315344443343,0.763463321525054,0
110.433070866142,30.8891501769127,0.769320536251552,0
110.465879265092,31.0467659094911,0.77517775097805,0
110.498687664042,31.2043816420694,0.781034965704553,0
110.531496062992,31.3619973746477,0.786892180431051,0
110.564304461942,31.5196131072262,0.792749395157549,0
110.597112860892,31.6347881568629,0.79857094164605,0
110.629921259843,31.6347881568629,0.800566004141127,0
110.662729658793,31.6347881568629,0.802561066636203,0
110.695538057743,31.6347881568628,0.804556129131279,0
110.728346456693,31.6347881568628,0.806551191626357,0
110.761154855643,31.6347881568628,0.808546254121433,0
110.793963254593,31.6347881568628,0.81054131661651,0
110.826771653543,31.6347881568628,0.812536379111587,0
110.859580052493,31.6347881568628,0.814531441606664,0
110.892388451444,31.6347881568628,0.81652650410174,0
110.925196850394,31.6347881568628,0.818521566596816,0
110.958005249344,31.6347881568628,0.820516629091894,0
110.990813648294,31.6347881568628,0.82251169158697,0
111.023622047244,31.6347881568628,0.824506754082047,0
111.056430446194,31.6347881568628,0.819975502018935,0
111.089238845144,31.6347881568627,0.814828043900464,0
111.122047244094,31.6347881568627,0.809680585781997,0
111.154855643045,31.6347881568627,0.804533127663529,0
111.187664041995,31.6347881568627,0.799385669545058,0
111.220472440945,31.6347881568627,0.794238211426591,0
111.253280839895,31.6347881568627,0.789090753308123,0
111.286089238845,31.6347881568627,0.783943295189656,0
111.318897637795,31.6347881568627,0.778795837071185,0
111.351706036745,31.5820746089536,0.773648378952717,0
111.384514435696,31.5021203074272,0.76850092083425,0
111.417322834646,31.4221660059008,0.763353462715779,0
111.450131233596,31.3422117043744,0.758206004597311,0
111.482939632546,31.262257402848,0.752810628684697,0
111.515748031496,31.1823031013216,0.747256983433688,0
111.548556430446,31.1023487997952,0.741703338182675,0
111.581364829396,31.0223944982688,0.736149692931665,0
111.614173228346,30.9424401967424,0.730596047680656,0
111.646981627297,30.862485895216,0.725042402429643,0
111.679790026247,30.7825315936897,0.719488757178634,0
111.712598425197,30.7025772921633,0.713935111927625,0
111.745406824147,30.6226229906369,0.708381466676616,0
111.778215223097,30.5426686891105,0.702827821425603,0
111.811023622047,30.4627143875841,0.697274176174593,0
111.843832020997,30.4192717758288,0.691720530923584,0
111.876640419948,30.4192717758288,0.685207432486147,0
111.909448818898,30.4192717758288,0.676505284892488,0
111.942257217848,30.4192717758288,0.667803137298829,0
111.975065616798,30.4192717758288,0.659100989705169,0
112.007874015748,30.4192717758288,0.650398842111504,0
112.040682414698,30.4192717758288,0.641696694517845,0
112.073490813648,30.4192717758288,0.632994546924186,0
112.106299212598,30.4192717758288,0.624292399330526,0
112.139107611549,30.4192717758288,0.615590251736861,0
112.171916010499,30.4192717758288,0.606888104143201,0
112.204724409449,30.4192717758288,0.598185956549542,0
112.237532808399,30.435834686104,0.589483808955877,0
112.270341207349,30.4561471763652,0.580729836669004,0
112.303149606299,30.4764596666265,0.571397669340045,0
112.335958005249,30.4967721568878,0.562065502011086,0
112.368766404199,30.517084647149,0.552733334682121,0
112.40157480315,30.5373971374103,0.543401167353162,0
112.4343832021,30.5577096276715,0.534069000024204,0
112.46719160105,30.5780221179328,0.524736832695239,0
112.5,30.598334608194,0.520044057452442,0
112.53280839895,30.6186470984553,0.558058529500731,0
112.5656167979,30.6389595887165,0.59607300154902,0
112.59842519685,30.6592720789778,0.630814764021676,0
112.631233595801,30.679584569239,0.637579847030786,0
112.664041994751,30.6998970595003,0.644344930039897,0
112.696850393701,30.2753283033806,0.651110013049013,0
112.729658792651,29.4871451730167,0.657875096058123,0
112.762467191601,28.6989620426529,0.664640179067234,0
112.795275590551,27.9107789122885,0.671405262076345,0
112.828083989501,27.3699469530984,0.67817034508546,0
112.860892388451,27.1447517729938,0.684935428094571,0
112.893700787402,26.919556592889,0.691700511103682,0
112.926509186352,26.6943614127843,0.698465594112793,0
112.959317585302,26.4691662326797,0.705230677121908,0
112.992125984252,26.2439710525751,0.711995760131019,0
113.024934383202,26.0187758724703,0.71876084314013,0
113.057742782152,25.7935806923656,0.724899096595711,0
113.090551181102,25.568385512261,0.730881967831914,0
113.123359580052,25.3431903321562,0.736864839068116,0
113.156167979003,25.1680103922263,0.742847710304319,0
113.188976377953,25.2513706628567,0.748830581540526,0
113.221784776903,25.334730933487,0.754813452776729,0
113.254593175853,25.4180912041175,0.760796324012931,0
113.287401574803,25.5014514747478,0.766779195249138,0
113.320209973753,25.5848117453782,0.772762066485341,0
113.353018372703,25.6681720160086,0.778744937721543,0
113.385826771654,25.7515322866389,0.833299744374834,0
113.418635170604,25.8348925572693,0.888369887834298,0
113.451443569554,25.9182528278996,0.920146508233019,0
113.484251968504,26.0016130985301,0.95192312863174,0
113.517060367454,26.0849733691604,0.983699749030484,0
113.549868766404,26.1683336397908,1.01384707680269,0
113.582677165354,26.2516939104211,1.02684123384293,0
113.615485564304,26.3350541810515,1.03983539088316,0
113.648293963255,26.4390310336458,1.05282954792341,0
113.681102362205,26.650674840654,1.06582370496364,0
113.713910761155,26.8623186476624,1.07163658937689,0
113.746719160105,27.0739624546706,1.06795201623751,0
113.779527559055,27.2856062616789,1.06426744309814,0
113.812335958005,27.4972500686871,1.06058286995876,0
113.845144356955,27.7088938756955,1.05689829681939,0
113.877952755905,27.9205376827038,1.05321372368001,0
113.910761154856,28.132181489712,1.04952915054064,0
113.943569553806,28.3438252967204,1.04584457740127,0
113.976377952756,28.5554691037287,1.04216000426189,0
114.009186351706,28.7671129107369,1.03847543112252,0
114.041994750656,28.9787567177451,1.03479085798314,0
114.074803149606,29.1904005247535,1.03110628484377,0
114.107611548556,29.2480045574032,1.02742171170439,0
114.140419947507,29.0603419073156,1.02373713856502,0
114.173228346457,28.8726792572279,1.0189246748607,0
114.206036745407,28.6850166071403,1.01142618713064,0
114.238845144357,28.4973539570528,1.00392769940057,0
114.271653543307,28.3096913069652,0.996429211670501,0
114.304461942257,28.1220286568775,0.988930723940436,0
114.337270341207,27.9343660067899,0.981432236210365,0
114.370078740157,27.7467033567023,0.9739337484803,0
114.402887139108,27.5590407066148,0.966435260750234,0
114.435695538058,27.371378056527,0.958936773020169,0
114.468503937008,27.1837154064395,0.949590398732042,0
114.501312335958,26.9900786729083,0.929744777070498,0
114.534120734908,26.6898184327687,0.909899155408954,0
114.566929133858,26.3895581926294,0.890053533747411,0
114.599737532808,26.08929795249,0.870207912085853,0
114.632545931759,25.7890377123507,0.771221263127143,0
114.665354330709,25.4887774722111,0.674602046305374,0
114.698162729659,25.1885172320717,0.627055244408041,0
114.730971128609,24.8882569919324,0.579508442510743,0
114.763779527559,24.5879967517928,0.520345916682036,0
114.796587926509,24.2877365116534,0.445097934548151,0
114.829396325459,23.987476271514,0.419551580595764,0
114.862204724409,23.6872160313747,0.395847088055585,0
114.89501312336,23.3869557912351,0.372142595515405,0
114.92782152231,23.0866955510957,0.348438102975209,0
114.96062992126,22.7864353109564,0.341126051232196,0
114.99343832021,22.4861750708168,0.344783497531999,0
115.02624671916,22.1859148306774,0.348440943831802,0
115.05905511811,21.8856545905381,0.352098390131608,0
115.09186351706,21.5853943503987,0.355755836431411,0
115.12467191601,21.2851341102592,0.359413282731214,0
115.157480314961,20.9848738701198,0.36307072903102,0
115.190288713911,20.6846136299804,0.366601304694762,0
115.223097112861,20.3843533898411,0.366391075651737,0
115.255905511811,20.0840931497015,0.366180846608712,0
115.288713910761,19.7838329095621,0.365970617565687,0
115.321522309711,19.612434289854,0.365760388522662,0
115.354330708661,19.644605029869,0.365550159479637,0
115.387139107612,19.6767757698839,0.365339930436612,0
115.419947506562,19.7089465098989,0.365129701393587,0
115.452755905512,19.7411172499139,0.364919472350562,0
115.485564304462,19.7732879899288,0.364709243307536,0
115.518372703412,19.8054587299438,0.364499014264511,0
115.551181102362,19.8376294699588,0.364288785221486,0
115.583989501312,19.8698002099738,0.364078556178461,0
115.616797900262,19.9019709499887,0.363868327135436,0
115.649606299213,19.9341416900037,0.363658098092411,0
115.682414698163,19.9663124300187,0.363447869049386,0
115.715223097113,19.9984831700336,0.363237640006361,0
115.748031496063,20.0306539100486,0.363027410963335,0
115.780839895013,20.0628246500636,0.364961391136935,0
115.813648293963,20.2022896942156,0.367235368618988,0
115.846456692913,20.3418115322679,0.36950934610104,0
115.879265091864,20.4813333703201,0.371783323583094,0
115.912073490814,20.6208552083723,0.374057301065146,0
115.944881889764,20.7603770464246,0.376331278547198,0
115.977690288714,20.8998988844768,0.378605256029252,0
116.010498687664,21.039420722529,0.380879233511304,0
116.043307086614,21.1789425605812,0.383153210993356,0
116.076115485564,21.3184643986335,0.385427188475408,0
116.108923884514,21.3880058651696,0.387701165957462,0
116.141732283465,21.4536877927002,0.389975143439514,0
116.174540682415,21.5193697202309,0.392249120921566,0
116.207349081365,21.5850516477615,0.394523098403618,0
116.240157480315,21.6507335752921,0.396797075885672,0
116.272965879265,21.7164155028228,0.399071053367724,0
116.305774278215,21.7820974303534,0.401345030849777,0
116.338582677165,21.8477793578841,0.403480344353401,0
116.371391076115,21.9092350754395,0.405409779792718,0
116.404199475066,21.9554227095225,0.407339215232035,0
116.437007874016,22.0016103436054,0.409268650671352,0
116.469816272966,22.0477979776884,0.41119808611067,0
116.502624671916,22.0939856117714,0.413127521549987,0
116.535433070866,22.1401732458544,0.415056956989304,0
116.568241469816,22.1863608799373,0.416986392428623,0
116.601049868766,22.2325485140203,0.41891582786794,0
116.633858267717,22.2787361481033,0.420845263307257,0
116.666666666667,22.3249237821863,0.422774698746574,0
116.699475065617,22.3711114162692,0.424704134185892,0
116.732283464567,22.4172990503522,0.426633569625209,0
116.765091863517,22.4634866844352,0.428563005064526,0
116.797900262467,22.5096743185182,0.430492440503845,0
116.830708661417,22.5558619526011,0.432421875943162,0
116.863517060367,22.6020495866841,0.434351311382479,0
116.896325459318,22.6482372207671,0.436280746821796,0
116.929133858268,22.6944248548501,0.435938799848499,0
116.961942257218,22.740612488933,0.43545644098867,0
116.994750656168,22.786800123016,0.434974082128841,0
117.027559055118,22.832987757099,0.434491723269012,0
117.060367454068,22.879175391182,0.434009364409182,0
117.093175853018,22.9253630252649,0.433527005549353,0
117.125984251969,22.9715506593479,0.433044646689524,0
117.158792650919,23.0177382934309,0.432562287829695,0
117.191601049869,23.0639259275139,0.432079928969866,0
117.224409448819,23.089921875641,0.431597570110037,0
117.257217847769,23.1119273047636,0.431115211250207,0
117.290026246719,23.1339327338862,0.430632852390378,0
117.322834645669,23.1559381630088,0.430150493530549,0
117.355643044619,23.1779435921315,0.42966813467072,0
117.38845144357,23.1999490212541,0.42918577581089,0
117.42125984252,23.2219544503767,0.428703416951061,0
117.45406824147,23.2439598794993,0.428221058091232,0
117.48687664042,23.265965308622,0.427374026390037,0
117.51968503937,23.2879707377446,0.426133675036189,0
117.55249343832,23.3099761668672,0.424893323682343,0
117.58530183727,23.3319815959898,0.423652972328496,0
117.61811023622,23.3539870251124,0.422412620974648,0
117.650918635171,23.375992454235,0.421172269620802,0
117.683727034121,23.3979978833577,0.419931918266955,0
117.716535433071,23.4200033124803,0.418691566913108,0
117.749343832021,23.4420087416029,0.417451215559261,0
117.782152230971,23.4640141707255,0.416210864205414,0
117.814960629921,23.4860195998482,0.414970512851567,0
117.847769028871,23.5080250289708,0.41373016149772,0
117.880577427822,23.5300304580934,0.412489810143873,0
117.913385826772,23.5313287331213,0.411249458790026,0
117.946194225722,23.5215642502212,0.410009107436179,0
117.979002624672,23.5117997673211,0.408768756082332,0
118.011811023622,23.5020352844209,0.407528404728485,0
118.044619422572,23.4922708015208,0.406302597671663,0
118.077427821522,23.4825063186207,0.405774299872803,0
118.110236220472,23.4727418357206,0.405246002073941,0
118.143044619423,23.4629773528205,0.40471770427508,0
118.175853018373,23.4532128699204,0.404189406476219,0
118.208661417323,23.4434483870203,0.403661108677358,0
118.241469816273,23.4336839041201,0.403132810878497,0
118.274278215223,23.42391942122,0.402604513079636,0
118.307086614173,23.4141549383199,0.402076215280775,0
118.339895013123,23.4043904554198,0.401547917481914,0
118.372703412073,23.3946259725197,0.401019619683053,0
118.405511811024,23.3848614896196,0.400491321884192,0
118.438320209974,23.3750970067195,0.399963024085331,0
118.471128608924,23.3653325238194,0.39943472628647,0
118.503937007874,23.3555680409192,0.398906428487609,0
118.536745406824,23.3458035580191,0.398378130688748,0
118.569553805774,23.336039075119,0.397849832889887,0
118.602362204724,23.3262745922189,0.397321535091026,0
118.635170603675,23.3165101093188,0.39457630261365,0
118.667979002625,23.3067456264187,0.390087411999724,0
118.700787401575,23.2526216198349,0.385598521385795,0
118.733595800525,23.1707324634331,0.381109630771869,0
118.766404199475,23.0888433070312,0.376620740157944,0
118.799212598425,23.0069541506295,0.372131849544015,0
118.832020997375,22.9250649942277,0.367642958930089,0
118.864829396325,22.8431758378259,0.363154068316163,0
118.897637795276,22.7612866814241,0.358665177702238,0
118.930446194226,22.6793975250223,0.354176287088309,0
118.963254593176,22.5975083686205,0.349687396474383,0
118.996062992126,22.5156192122187,0.345198505860457,0
119.028871391076,22.4337300558169,0.340709615246529,0
119.061679790026,22.3518408994151,0.336220724632603,0
119.094488188976,22.2699517430133,0.331731834018677,0
119.127296587927,22.1880625866115,0.327242943404751,0
119.160104986877,22.1061734302097,0.322754052790822,0
119.192913385827,22.024284273808,0.320887075450468,0
119.225721784777,21.9423951174061,0.320887075450468,0
119.258530183727,21.8605059610044,0.320887075450468,0
119.291338582677,21.7786168046026,0.320887075450468,0
119.324146981627,21.6967276482008,0.320887075450468,0
119.356955380577,21.614838491799,0.320887075450468,0
119.389763779528,21.5329493353972,0.320887075450468,0
119.422572178478,21.4514752483658,0.320887075450468,0
119.455380577428,21.4514752483658,0.321709359979931,0
119.488188976378,21.4514752483658,0.321709359979931,0
119.520997375328,21.4514752483658,0.321709359979931,0
119.553805774278,21.4514752483658,0.321709359979931,0
119.586614173228,21.4514752483658,0.321709359979931,0
119.619422572178,21.4514752483658,0.321709359979931,0
119.652230971129,21.4514752483658,0.321709359979931,0
119.685039370079,21.4514752483658,0.321709359979931,0
119.717847769029,21.4514752483658,0.321709359979931,0
119.750656167979,21.4514752483658,0.321709359979931,0
119.783464566929,21.4514752483658,0.321709359979931,0
119.816272965879,21.4514752483658,0.321709359979931,0
119.849081364829,21.4514752483658,0.321709359979931,0
119.88188976378,21.4514752483658,0.321709359979931,0
119.91469816273,21.4514752483658,0.321709359979931,0
119.94750656168,21.4514752483658,0.321709359979931,0
119.98031496063,21.4514752483658,0.321709359979931,0
120.01312335958,21.4514752483658,0.321709359979931,0
120.04593175853,21.4514752483658,0.321709359979931,0
120.07874015748,21.4514752483658,0.321709359979931,0
