Depth (ft),Cone resistance (tsf),Sleeve friction (tsf),Pore pressure u2 (psi)
0,2.83376720292352,0.276818603809972,0
0.0328083989501312,2.83376720292352,0.276818603809972,0
0.0656167979002625,2.83376720292352,0.276818603809972,0
0.0984251968503937,2.83376720292352,0.276818603809972,0
0.131233595800525,2.83376720292352,0.276818603809972,0
0.164041994750656,2.83376720292352,0.276818603809972,0
0.196850393700787,2.83376720292352,0.276818603809972,0
0.229658792650919,2.83376720292352,0.276818603809972,0
0.26246719160105,2.83376720292352,0.276818603809972,0
0.295275590551181,2.83376720292352,0.276818603809972,0
0.328083989501312,2.83376720292352,0.276818603809972,0
0.360892388451444,2.83376720292352,0.276818603809972,0
0.393700787401575,2.83376720292352,0.276818603809972,0
0.426509186351706,2.83376720292352,0.276818603809972,0
0.459317585301837,2.83376720292352,0.276818603809972,0
0.492125984251968,2.83376720292352,0.276818603809972,0
0.5249343832021,2.83376720292352,0.276818603809972,0
0.557742782152231,2.83376720292352,0.276818603809972,0
0.590551181102362,2.83376720292352,0.276818603809972,0
0.623359580052493,2.83376720292352,0.276818603809972,0
0.656167979002625,2.83376720292352,0.276818603809972,0
0.688976377952756,2.83376720292352,0.276818603809972,0
0.721784776902887,2.83376720292352,0.276818603809972,0
0.754593175853018,2.83376720292352,0.276818603809972,0
0.78740157480315,2.83376720292352,0.276818603809972,0
0.820209973753281,2.83376720292352,0.276818603809972,0
0.853018372703412,2.83376720292352,0.276818603809972,0
0.885826771653543,2.83376720292352,0.276818603809972,0
0.918635170603675,2.83376720292352,0.276818603809972,0
0.951443569553806,2.83376720292352,0.276818603809972,0
0.984251968503937,2.83376720292352,0.276818603809972,0
1.01706036745407,2.83376720292352,0.276818603809972,0
1.0498687664042,2.83376720292352,0.276818603809972,0
1.08267716535433,2.83376720292352,0.276818603809972,0
1.11548556430446,2.83376720292352,0.276818603809972,0
1.14829396325459,2.83376720292352,0.276818603809972,0
1.18110236220472,2.83376720292352,0.276818603809972,0
1.21391076115486,2.83376720292352,0.276818603809972,0
1.24671916010499,2.83376720292352,0.276818603809972,0
1.27952755905512,2.83376720292352,0.276818603809972,0
1.31233595800525,2.83376720292352,0.276818603809972,0
1.34514435695538,2.83376720292352,0.276818603809972,0
1.37795275590551,2.83376720292352,0.276818603809972,0
1.41076115485564,2.83376720292352,0.276818603809972,0
1.44356955380577,2.83376720292352,0.276818603809972,0
1.47637795275591,2.83376720292352,0.276818603809972,0
1.50918635170604,2.83376720292352,0.276818603809972,0
1.54199475065617,2.83376720292352,0.276818603809972,0
1.5748031496063,2.83376720292352,0.276818603809972,0
1.60761154855643,2.83376720292352,0.276818603809972,0
1.64041994750656,2.83376720292352,0.276818603809972,0
1.67322834645669,2.83376720292352,0.276818603809972,0
1.70603674540682,2.83376720292352,0.276818603809972,0
1.73884514435696,2.83376720292352,0.276818603809972,0
1.77165354330709,2.83376720292352,0.276818603809972,0
1.80446194225722,2.83376720292352,0.276818603809972,0
1.83727034120735,2.83376720292352,0.276818603809972,0
1.87007874015748,2.83376720292352,0.276818603809972,0
1.90288713910761,2.83376720292352,0.276818603809972,0
1.93569553805774,2.83376720292352,0.276818603809972,0
1.96850393700787,2.83376720292352,0.276818603809972,0
2.001312335958,2.83376720292352,0.276818603809972,0
2.03412073490814,2.83376720292352,0.276818603809972,0
2.06692913385827,2.83376720292352,0.276818603809972,0
2.0997375328084,2.83376720292352,0.276818603809972,0
2.13254593175853,2.83376720292352,0.276818603809972,0
2.16535433070866,2.83376720292352,0.276818603809972,0
2.19816272965879,2.83376720292352,0.276818603809972,0
2.23097112860892,2.83376720292352,0.276818603809972,0
2.26377952755906,2.83376720292352,0.276818603809972,0
2.29658792650919,2.83376720292352,0.276818603809972,0
2.32939632545932,2.83376720292352,0.276818603809972,0
2.36220472440945,2.83376720292352,0.276818603809972,0
2.39501312335958,2.83376720292352,0.276818603809972,0
2.42782152230971,2.83376720292352,0.276818603809972,0
2.46062992125984,2.83376720292352,0.276818603809972,0
2.49343832020997,2.83376720292352,0.276818603809972,0
2.5262467191601,2.83376720292352,0.276818603809972,0
2.55905511811024,2.83376720292352,0.276818603809972,0
2.59186351706037,2.83376720292352,0.276818603809972,0
2.6246719160105,2.83376720292352,0.276818603809972,0
2.65748031496063,2.83376720292352,0.276818603809972,0
2.69028871391076,2.83376720292352,0.276818603809972,0
2.72309711286089,2.83376720292352,0.276818603809972,0
2.75590551181102,2.83376720292352,0.276818603809972,0
2.78871391076115,2.83376720292352,0.276818603809972,0
2.82152230971129,2.83376720292352,0.276818603809972,0
2.85433070866142,2.83376720292352,0.276818603809972,0
2.88713910761155,2.83376720292352,0.276818603809972,0
2.91994750656168,2.83376720292352,0.276818603809972,0
2.95275590551181,2.83376720292352,0.276818603809972,0
2.98556430446194,2.83376720292352,0.276818603809972,0
3.01837270341207,2.83376720292352,0.276818603809972,0
3.0511811023622,2.83376720292352,0.276818603809972,0
3.08398950131234,2.83376720292352,0.276818603809972,0
3.11679790026247,2.83376720292352,0.276818603809972,0
3.1496062992126,2.83376720292352,0.276818603809972,0
3.18241469816273,2.83376720292352,0.276818603809972,0
3.21522309711286,2.83376720292352,0.276818603809972,0
3.24803149606299,2.83376720292352,0.276818603809972,0
3.28083989501312,2.83376720292352,0.276818603809972,0
3.31364829396325,2.83376720292352,0.276818603809972,0
3.34645669291339,2.83376720292352,0.276818603809972,0
3.37926509186352,2.83376720292352,0.276818603809972,0
3.41207349081365,2.83376720292352,0.276818603809972,0
3.44488188976378,2.83376720292352,0.276818603809972,0
3.47769028871391,2.83376720292352,0.276818603809972,0
3.51049868766404,2.83376720292352,0.276818603809972,0
3.54330708661417,2.83376720292352,0.276818603809972,0
3.5761154855643,2.83376720292352,0.276818603809972,0
3.60892388451444,2.83376720292352,0.276818603809972,0
3.64173228346457,2.83376720292352,0.276818603809972,0
3.6745406824147,2.83376720292352,0.276818603809972,0
3.70734908136483,2.83376720292352,0.276818603809972,0
3.74015748031496,2.83376720292352,0.276818603809972,0
3.77296587926509,2.83376720292352,0.276818603809972,0
3.80577427821522,2.83376720292352,0.276818603809972,0
3.83858267716535,2.83376720292352,0.276818603809972,0
3.87139107611549,2.83376720292352,0.276818603809972,0
3.90419947506562,2.83376720292352,0.276818603809972,0
3.93700787401575,2.83376720292352,0.276818603809972,0
3.96981627296588,2.83376720292352,0.276818603809972,0
4.00262467191601,2.83376720292352,0.276818603809972,0
4.03543307086614,2.83376720292352,0.276818603809972,0
4.06824146981627,2.83376720292352,0.276818603809972,0
4.1010498687664,2.83376720292352,0.276818603809972,0
4.13385826771654,2.83376720292352,0.276818603809972,0
4.16666666666667,2.83376720292352,0.276818603809972,0
4.1994750656168,2.83376720292352,0.276818603809972,0
4.23228346456693,2.83376720292352,0.276818603809972,0
4.26509186351706,2.83376720292352,0.276818603809972,0
4.29790026246719,2.83376720292352,0.276818603809972,0
4.33070866141732,2.83376720292352,0.276818603809972,0
4.36351706036745,2.83376720292352,0.276818603809972,0
4.39632545931758,2.83376720292352,0.276818603809972,0
4.42913385826772,2.83376720292352,0.276818603809972,0
4.46194225721785,2.83376720292352,0.276818603809972,0
4.49475065616798,2.83376720292352,0.276818603809972,0
4.52755905511811,2.83376720292352,0.276818603809972,0
4.56036745406824,2.83376720292352,0.276818603809972,0
4.59317585301837,2.83376720292352,0.276818603809972,0
4.6259842519685,2.83376720292352,0.276818603809972,0
4.65879265091863,2.83376720292352,0.276818603809972,0
4.69160104986877,2.83376720292352,0.276818603809972,0
4.7244094488189,2.83376720292352,0.276818603809972,0
4.75721784776903,2.83376720292352,0.276818603809972,0
4.79002624671916,2.83376720292352,0.276818603809972,0
4.82283464566929,2.83376720292352,0.276818603809972,0
4.85564304461942,2.83376720292352,0.276818603809972,0
4.88845144356955,2.83376720292352,0.276818603809972,0
4.92125984251968,2.83376720292352,0.276818603809972,0
4.95406824146982,2.83376720292352,0.276818603809972,0
4.98687664041995,2.83376720292352,0.276818603809972,0
5.01968503937008,0.196123941176291,0.276818603809972,0
5.05249343832021,0.295794920729625,0.276818603809972,0
5.08530183727034,1.04128244989883,0.276818603809972,0
5.11811023622047,1.78676997906804,0.276818603809972,0
5.1509186351706,2.53225750823724,0.276818603809972,0
5.18372703412073,3.27774503740645,0.276818603809972,0
5.21653543307087,4.02323256657565,0.276818603809972,0
5.249343832021,4.76872009574486,0.276818603809972,0
5.28215223097113,5.22725110511947,0.348835947974745,0
5.31496062992126,5.18849442527877,0.355316813720455,0
5.34776902887139,5.14973774543808,0.339962077718652,0
5.38057742782152,5.11098106559738,0.324607341716849,0
5.41338582677165,5.07222438575669,0.309252605715046,0
5.44619422572178,5.033467705916,0.293897869713243,0
5.47900262467192,4.9947110260753,0.282577764473652,0
5.51181102362205,4.95595434623461,0.274520448176734,0
5.54461942257218,4.91719766639391,0.266463131879815,0
5.57742782152231,4.87844098655322,0.258405815582897,0
5.61023622047244,4.83968430671252,0.250348499285979,0
5.64304461942257,4.80092762687183,0.242291182989061,0
5.6758530183727,4.76217094703113,0.234233866692142,0
5.70866141732283,4.72341426719044,0.226176550395224,0
5.74146981627297,4.68465758734974,0.218119234098306,0
5.7742782152231,4.64590090750905,0.210061917801387,0
5.80708661417323,4.60714422766835,0.119950981068304,0
5.83989501312336,4.56838754782766,0.113953237908897,0
5.87270341207349,4.52963086798697,0.107955494749491,0
5.90551181102362,4.4554746839109,0.101957751590085,0
5.93832020997375,4.38040962387598,0.0959600084306782,0
5.97112860892388,4.30534456384106,0.0899622652712718,0
6.00393700787402,4.23027950380614,0.0839645221118654,0
6.03674540682415,4.15521444377122,0.077966778952459,0
6.06955380577428,4.0801493837363,0.0719690357930526,0
6.10236220472441,4.00508432370138,0.0670717951997129,0
6.13517060367454,3.93001926366645,0.0627755704125564,0
6.16797900262467,3.85495420363153,0.0584793456253999,0
6.2007874015748,3.77988914359661,0.0541831208382433,0
6.23359580052493,3.70482408356169,0.0498868960510868,0
6.26640419947507,3.62975902352677,0.0455906712639302,0
6.2992125984252,3.55469396349185,0.0412944464767737,0
6.33202099737533,3.47962890345693,0.0369982216896172,0
6.36482939632546,3.40456384342201,0.0327019969024606,0
6.39763779527559,3.32949878338709,0.0284057721153041,0
6.43044619422572,3.25443372335217,0.0241095473281476,0
6.46325459317585,3.19808437097882,0.019813322540991,0
6.49606299212598,3.2097208925996,0.0155170977538345,0
6.52887139107612,3.22135741422037,0.011220872966678,0
6.56167979002625,3.23299393584115,0.0107530080225695,0
6.59448818897638,3.24463045746192,0.0110649625733635,0
6.62729658792651,3.2562669790827,0.0113769171241574,0
6.66010498687664,3.26790350070347,0.0116888716749514,0
6.69291338582677,3.27954002232425,0.0120008262257453,0
6.7257217847769,3.29117654394502,0.0123127807765393,0
6.75853018372703,3.3028130655658,0.0126247353273332,0
6.79133858267716,3.31444958718657,0.0129366898781272,0
6.8241469816273,3.32608610880735,0.0132486444289211,0
6.85695538057743,3.33772263042812,0.0135605989797151,0
6.88976377952756,3.3493591520489,0.013872553530509,0
6.92257217847769,3.36099567366967,0.014184508081303,0
6.95538057742782,3.37263219529045,0.0144964626320969,0
6.98818897637795,3.38426871691122,0.0144621332454289,0
7.02099737532808,3.37792218398756,0.0143531897456115,0
7.05380577427821,3.371213685655,0.0142442462457941,0
7.08661417322835,3.36450518732244,0.0141353027459767,0
7.11942257217848,3.35779668898987,0.0140263592461593,0
7.15223097112861,3.35108819065731,0.0139174157463419,0
7.18503937007874,3.34437969232475,0.0138084722465245,0
7.21784776902887,3.33767119399218,0.013699528746707,0
7.250656167979,3.33096269565962,0.0135905852468896,0
7.28346456692913,3.32425419732706,0.0134816417470722,0
7.31627296587926,3.31754569899449,0.0133726982472548,0
7.3490813648294,3.31083720066193,0.0132637547474374,0
7.38188976377953,3.30412870232937,0.0133844436848144,0
7.41469816272966,3.2974202039968,0.0146068125139934,0
7.44750656167979,3.29071170566424,0.0158291813431723,0
7.48031496062992,3.28400320733168,0.0170515501723513,0
7.51312335958005,3.27729470899911,0.0182739190015302,0
7.54593175853018,3.27058621066655,0.0194962878307092,0
7.57874015748031,3.26387771233399,0.0207186566598881,0
7.61154855643044,3.25716921400142,0.021941025489067,0
7.64435695538058,3.25046071566886,0.023163394318246,0
7.67716535433071,3.2437522173363,0.0243857631474249,0
7.70997375328084,3.23704371900373,0.0256081319766039,0
7.74278215223097,3.23033522067117,0.0268305008057828,0
7.7755905511811,3.22362672233861,0.0280528696349617,0
7.80839895013123,3.21691822400604,0.0292752384641407,0
7.84120734908136,3.21020972567348,0.0304976072933196,0
7.87401574803149,3.20350122734092,0.0317199761224985,0
7.90682414698163,3.19679272900835,0.0329423449516775,0
7.93963254593176,3.16925350461367,0.0334471944584533,0
7.97244094488189,3.13708276459873,0.0322125778317082,0
8.00524934383202,3.10491202458378,0.0309779612049631,0
8.03805774278215,3.07274128456883,0.029743344578218,0
8.07086614173228,3.04057054455389,0.0285087279514729,0
8.10367454068241,3.00839980453894,0.0272741113247277,0
8.13648293963255,2.976229064524,0.0260394946979826,0
8.16929133858268,2.94405832450905,0.0248048780712375,0
8.20209973753281,2.9118875844941,0.0235702614444924,0
8.23490813648294,2.87971684447916,0.0223356448177472,0
8.26771653543307,2.84754610446421,0.0211010281910021,0
8.3005249343832,2.81537536444926,0.019866411564257,0
8.33333333333333,2.78320462443432,0.0186317949375119,0
8.36614173228346,2.75103388441937,0.017997167656793,0
8.3989501312336,2.71886314440443,0.017997167656793,0
8.43175853018372,2.68669240438948,0.017997167656793,0
8.46456692913386,2.65452166437453,0.017997167656793,0
8.49737532808399,2.62235092435959,0.017997167656793,0
8.53018372703412,2.59018018434464,0.017997167656793,0
8.56299212598425,2.55800944432969,0.017997167656793,0
8.59580052493438,2.52902835294124,0.017997167656793,0
8.62860892388451,2.52902835294124,0.017997167656793,0
8.66141732283464,2.52902835294124,0.017997167656793,0
8.69422572178478,2.52902835294124,0.017997167656793,0
8.72703412073491,2.52902835294124,0.017997167656793,0
8.75984251968504,2.52902835294124,0.017997167656793,0
8.79265091863517,2.52902835294124,0.017997167656793,0
8.8254593175853,2.52902835294124,0.017997167656793,0
8.85826771653543,2.52902835294124,0.0178496813731108,0
8.89107611548556,2.52902835294124,0.0173521727239435,0
8.9238845144357,2.52902835294124,0.0168546640747762,0
8.95669291338583,2.52902835294124,0.0163571554256089,0
8.98950131233596,2.52902835294124,0.0158596467764416,0
9.02230971128609,2.52902835294124,0.0153621381272743,0
9.05511811023622,2.52902835294124,0.014864629478107,0
9.08792650918635,2.52902835294124,0.0143671208289397,0
9.12073490813648,2.52902835294124,0.0138696121797724,0
9.15354330708661,2.52902835294124,0.0133721035306052,0
9.18635170603675,2.53285715676067,0.0128745948814379,0
9.21916010498688,2.54411691576589,0.0123770862322706,0
9.25196850393701,2.55537667477112,0.0118795775831033,0
9.28477690288714,2.56663643377635,0.011382068933936,0
9.31758530183727,2.57789619278158,0.0108845602847687,0
9.3503937007874,2.58915595178681,0.0108367734914712,0
9.38320209973753,2.60041571079204,0.0109362752213044,0
9.41601049868766,2.61167546979726,0.0110357769511377,0
9.44881889763779,2.62293522880249,0.0111352786809709,0
9.48162729658793,2.63419498780772,0.0112347804108042,0
9.51443569553806,2.64545474681295,0.0113342821406374,0
9.54724409448819,2.65671450581818,0.0114337838704707,0
9.58005249343832,2.66797426482341,0.0115332856003039,0
9.61286089238845,2.67923402382864,0.0116327873301371,0
9.64566929133858,2.69049378283386,0.0117322890599704,0
9.67847769028871,2.70175354183909,0.0118317907898036,0
9.71128608923884,2.71301330084432,0.0119312925196369,0
9.74409448818898,2.72427305984955,0.0120307942494701,0
9.77690288713911,2.73553281885478,0.0121302959793034,0
9.80971128608924,2.74679257786001,0.0122088894104165,0
9.84251968503937,2.75805233686523,0.0122088894104165,0
9.8753280839895,2.76931209587046,0.0122088894104165,0
9.90813648293963,2.78057185487569,0.0122088894104165,0
9.94094488188976,2.79183161388092,0.0122088894104165,0
9.97375328083989,2.80309137288615,0.0122088894104165,0
10.00656167979,2.81435113189138,0.0122088894104165,0
10.0393700787402,2.82561089089661,0.0122088894104165,0
10.0721784776903,2.83687064990184,0.0122088894104165,0
10.1049868766404,2.84813040890706,0.0122088894104165,0
10.1377952755906,2.85939016791229,0.0122088894104165,0
10.1706036745407,2.85633647236946,0.0122088894104165,0
10.2034120734908,2.84829378736573,0.0122088894104165,0
10.2362204724409,2.84025110236199,0.0122088894104165,0
10.2690288713911,2.83220841735826,0.0122088894104165,0
10.3018372703412,2.82416573235452,0.0121425247257878,0
10.3346456692913,2.81612304735079,0.0120430229959545,0
10.3674540682415,2.80808036234705,0.0119435212661213,0
10.4002624671916,2.80003767734332,0.011844019536288,0
10.4330708661417,2.79199499233959,0.0117445178064548,0
10.4658792650919,2.78395230733585,0.0116450160766216,0
10.498687664042,2.77590962233212,0.0115455143467883,0
10.5314960629921,2.76786693732838,0.0114460126169551,0
10.5643044619423,2.75982425232465,0.0113465108871218,0
10.5971128608924,2.75178156732091,0.0112470091572886,0
10.6299212598425,2.74373888231718,0.0111475074274554,0
10.6627296587926,2.73569619731345,0.0110480056976221,0
10.6955380577428,2.72765351230971,0.0109485039677889,0
10.7283464566929,2.71961082730598,0.0108490022379556,0
10.761154855643,2.71156814230224,0.0107987778709383,0
10.7939632545932,2.70352545729851,0.0110972830604384,0
10.8267716535433,2.69548277229477,0.0113957882499386,0
10.8595800524934,2.68744008729104,0.0116942934394387,0
10.8923884514436,2.67939740228731,0.0119927986289389,0
10.9251968503937,2.67135471728357,0.0122913038184391,0
10.9580052493438,2.66331203227984,0.0125898090079392,0
10.990813648294,2.6552693472761,0.0128883141974394,0
11.0236220472441,2.64722666227237,0.0131868193869395,0
11.0564304461942,2.63918397726863,0.0134853245764397,0
11.0892388451444,2.6311412922649,0.0137838297659398,0
11.1220472440945,2.62309860726116,0.01408233495544,0
11.1548556430446,2.61505592225743,0.0143808401449401,0
11.1876640419948,2.6070132372537,0.0146793453344403,0
11.2204724409449,2.59897055224996,0.0149778505239404,0
11.253280839895,2.59092786724623,0.0151773116106765,0
11.2860892388451,2.58288518224249,0.0153052424061768,0
11.3188976377953,2.57484249723876,0.0154331732016771,0
11.3517060367454,2.56679981223502,0.0155611039971775,0
11.3845144356955,2.55875712723129,0.0156890347926778,0
11.4173228346457,2.55071444222756,0.0158169655881781,0
11.4501312335958,2.54267175722382,0.0159448963836784,0
11.4829396325459,2.53462907222009,0.0160728271791787,0
11.5157480314961,2.52902835294124,0.016200757974679,0
11.5485564304462,2.52902835294124,0.0163286887701794,0
11.5813648293963,2.52902835294124,0.0164566195656797,0
11.6141732283465,2.52902835294124,0.01658455036118,0
11.6469816272966,2.52902835294124,0.0167124811566803,0
11.6797900262467,2.52902835294124,0.0168404119521806,0
11.7125984251969,2.52902835294124,0.016948821346549,0
11.745406824147,2.52902835294124,0.0165560513603643,0
11.7782152230971,2.52902835294124,0.0161632813741797,0
11.8110236220472,2.52902835294124,0.0157705113879951,0
11.8438320209974,2.52902835294124,0.0153777414018104,0
11.8766404199475,2.52902835294124,0.0149849714156258,0
11.9094488188976,2.52902835294124,0.0145922014294411,0
11.9422572178478,2.52902835294124,0.0141994314432565,0
11.9750656167979,2.52902835294124,0.0138066614570719,0
12.007874015748,2.52902835294124,0.0134138914708872,0
12.0406824146982,2.52902835294124,0.0130211214847026,0
12.0734908136483,2.52902835294124,0.012628351498518,0
12.1062992125984,2.52902835294124,0.0122355815123333,0
12.1391076115486,2.52902835294124,0.0118428115261487,0
12.1719160104987,2.52902835294124,0.0114500415399641,0
12.2047244094488,2.52902835294124,0.0110572715537794,0
12.2375328083989,2.52902835294124,0.0107618198488264,0
12.2703412073491,2.52902835294124,0.0107618198488264,0
12.3031496062992,2.52902835294124,0.0107618198488264,0
12.3359580052493,2.52902835294124,0.0107618198488264,0
12.3687664041995,2.52902835294124,0.0107618198488264,0
12.4015748031496,2.52902835294124,0.0107618198488264,0
12.4343832020997,2.52902835294124,0.0107618198488264,0
12.4671916010499,2.52902835294124,0.0107618198488264,0
12.5,2.52902835294124,0.0107618198488264,0
12.5328083989501,2.52902835294124,0.0107618198488264,0
12.5656167979003,2.52902835294124,0.0107618198488264,0
12.5984251968504,2.52902835294124,0.0107618198488264,0
12.6312335958005,2.52902835294124,0.0107618198488264,0
12.6640419947507,2.52902835294124,0.0107618198488264,0
12.6968503937008,2.52902835294124,0.0107618198488264,0
12.7296587926509,2.52902835294124,0.0107618198488264,0
12.762467191601,2.52902835294124,0.0107618198488264,0
12.7952755905512,2.52902835294124,0.0107618198488264,0
12.8280839895013,2.52902835294124,0.0107618198488264,0
12.8608923884514,2.52902835294124,0.0107618198488264,0
12.8937007874016,2.52902835294124,0.0107618198488264,0
12.9265091863517,2.52902835294124,0.0107618198488264,0
12.9593175853018,2.52902835294124,0.0107618198488264,0
12.992125984252,2.52902835294124,0.0107618198488264,0
13.0249343832021,2.52902835294124,0.0107618198488264,0
13.0577427821522,2.52902835294124,0.0107618198488264,0
13.0905511811024,2.52902835294124,0.0107618198488264,0
13.1233595800525,2.52902835294124,0.0107618198488264,0
13.1561679790026,2.52902835294124,0.0107618198488264,0
13.1889763779528,2.52902835294124,0.0107618198488264,0
13.2217847769029,2.52902835294124,0.0107618198488264,0
13.254593175853,2.52902835294124,0.0107618198488264,0
13.2874015748031,2.52902835294124,0.0107618198488264,0
13.3202099737533,2.52902835294124,0.0107618198488264,0
13.3530183727034,2.52902835294124,0.0107618198488264,0
13.3858267716535,2.52902835294124,0.0107618198488264,0
13.4186351706037,2.52902835294124,0.0107618198488264,0
13.4514435695538,2.52902835294124,0.0107618198488264,0
13.4842519685039,2.52902835294124,0.0107618198488264,0
13.5170603674541,2.52902835294124,0.0107618198488264,0
13.5498687664042,2.52902835294124,0.0107618198488264,0
13.5826771653543,2.52902835294124,0.0107618198488264,0
13.6154855643045,2.52902835294124,0.0107618198488264,0
13.6482939632546,2.52902835294124,0.0107618198488264,0
13.6811023622047,2.52902835294124,0.0107618198488264,0
13.7139107611549,2.52902835294124,0.0107618198488264,0
13.746719160105,2.52902835294124,0.0107618198488264,0
13.7795275590551,2.52902835294124,0.0107618198488264,0
13.8123359580052,2.52902835294124,0.0107618198488264,0
13.8451443569554,2.52902835294124,0.0107618198488264,0
13.8779527559055,2.52902835294124,0.0107618198488264,0
13.9107611548556,2.52902835294124,0.0107618198488264,0
13.9435695538058,2.52902835294124,0.0107618198488264,0
13.9763779527559,2.52902835294124,0.0107618198488264,0
14.009186351706,2.52902835294124,0.0107618198488264,0
14.0419947506562,2.52902835294124,0.0107618198488264,0
14.0748031496063,2.52902835294124,0.0107618198488264,0
14.1076115485564,2.52902835294124,0.0107618198488264,0
14.1404199475066,2.52902835294124,0.0107618198488264,0
14.1732283464567,2.52902835294124,0.0107618198488264,0
14.2060367454068,2.52902835294124,0.0107618198488264,0
14.238845144357,2.52902835294124,0.0107618198488264,0
14.2716535433071,2.52902835294124,0.0107618198488264,0
14.3044619422572,2.52902835294124,0.0107618198488264,0
14.3372703412073,2.52902835294124,0.0107618198488264,0
14.3700787401575,2.52902835294124,0.0107618198488264,0
14.4028871391076,2.52902835294124,0.0107618198488264,0
14.4356955380577,2.52902835294124,0.0107618198488264,0
14.4685039370079,2.52902835294124,0.0107618198488264,0
14.501312335958,2.52902835294124,0.0107618198488264,0
14.5341207349081,2.52902835294124,0.0107618198488264,0
14.5669291338583,2.52902835294124,0.0107618198488264,0
14.5997375328084,2.52902835294124,0.0107618198488264,0
14.6325459317585,2.52902835294124,0.0107618198488264,0
14.6653543307087,2.52902835294124,0.0107618198488264,0
14.6981627296588,2.52902835294124,0.0107618198488264,0
14.7309711286089,2.52902835294124,0.0107618198488264,0
14.7637795275591,2.52902835294124,0.0107618198488264,0
14.7965879265092,2.52902835294124,0.0107618198488264,0
14.8293963254593,2.52902835294124,0.0107618198488264,0
14.8622047244094,2.52902835294124,0.0107618198488264,0
14.8950131233596,2.52902835294124,0.0107618198488264,0
14.9278215223097,2.52902835294124,0.0107618198488264,0
14.9606299212598,2.52902835294124,0.0107618198488264,0
14.99343832021,2.52902835294124,0.0107618198488264,0
15.0262467191601,2.52902835294124,0.0107618198488264,0
15.0590551181102,2.52902835294124,0.0107852397433735,0
15.0918635170604,2.52902835294124,0.0108847414732067,0
15.1246719160105,2.52902835294124,0.01098424320304,0
15.1574803149606,2.52902835294124,0.0110837449328732,0
15.1902887139108,2.52902835294124,0.0111832466627064,0
15.2230971128609,2.52902835294124,0.0112827483925397,0
15.255905511811,2.52902835294124,0.0113822501223729,0
15.2887139107612,2.52902835294124,0.0114817518522062,0
15.3215223097113,2.52902835294124,0.0115812535820394,0
15.3543307086614,2.52902835294124,0.0116807553118726,0
15.3871391076115,2.52902835294124,0.0117802570417059,0
15.4199475065617,2.52902835294124,0.0118797587715391,0
15.4527559055118,2.52902835294124,0.0119792605013724,0
15.4855643044619,2.52902835294124,0.0120787622312056,0
15.5183727034121,2.52902835294124,0.0121782639610388,0
15.5511811023622,2.52902835294124,0.0124351971890568,0
15.5839895013123,2.52902835294124,0.012762131444224,0
15.6167979002625,2.52902835294124,0.0130890656993913,0
15.6496062992126,2.52902835294124,0.0134159999545585,0
15.6824146981627,2.52902835294124,0.0137429342097257,0
15.7152230971129,2.52902835294124,0.014069868464893,0
15.748031496063,2.52902835294124,0.0143968027200602,0
15.7808398950131,2.52902835294124,0.0147237369752274,0
15.8136482939633,2.52902835294124,0.0150506712303947,0
15.8464566929134,2.52902835294124,0.0153776054855619,0
15.8792650918635,2.52902835294124,0.0157045397407291,0
15.9120734908136,2.52902835294124,0.0160314739958964,0
15.9448818897638,2.52902835294124,0.0163584082510636,0
15.9776902887139,2.52902835294124,0.0166853425062308,0
16.010498687664,2.52902835294124,0.0168940265263804,0
16.0433070866142,2.52902835294124,0.0164276121677861,0
16.0761154855643,2.52902835294124,0.0159611978091918,0
16.1089238845144,2.52902835294124,0.0154947834505975,0
16.1417322834646,2.52902835294124,0.0150283690920033,0
16.1745406824147,2.52642970453563,0.014561954733409,0
16.2073490813648,2.51516994553039,0.0140955403748147,0
16.240157480315,2.50391018652514,0.0136291260162205,0
16.2729658792651,2.4926504275199,0.0131627116576262,0
16.3057742782152,2.48139066851466,0.0126962972990319,0
16.3385826771654,2.47013090950942,0.0122298829404376,0
16.3713910761155,2.45887115050418,0.0117634685818434,0
16.4041994750656,2.44761139149894,0.0112970542232491,0
16.4370078740157,2.43635163249369,0.0108306398646549,0
16.4698162729659,2.42509187348845,0.010918067450194,0
16.502624671916,2.41383211448321,0.0111013601104135,0
16.5354330708661,2.40257235547797,0.011284652770633,0
16.5682414698163,2.39131259647273,0.0114679454308526,0
16.6010498687664,2.38005283746749,0.0116512380910721,0
16.6338582677165,2.36879307846224,0.0118345307512916,0
16.6666666666667,2.357533319457,0.0120178234115111,0
16.6994750656168,2.34627356045176,0.0122011160717307,0
16.7322834645669,2.33501380144652,0.0123844087319502,0
16.7650918635171,2.32375404244128,0.0125677013921697,0
16.7979002624672,2.31249428343604,0.0127509940523892,0
16.8307086614173,2.30123452443079,0.0129342867126088,0
16.8635170603674,2.28997476542555,0.0131175793728283,0
16.8963254593176,2.27871500642031,0.0133008720330478,0
16.9291338582677,2.26745524741507,0.0134841646932673,0
16.9619422572178,2.25619548840983,0.013655958972013,0
16.994750656168,2.24493572940459,0.013655958972013,0
17.0275590551181,2.23367597039934,0.013655958972013,0
17.0603674540682,2.2224162113941,0.013655958972013,0
17.0931758530184,2.21115645238886,0.013655958972013,0
17.1259842519685,2.19989669338362,0.013655958972013,0
17.1587926509186,2.19575629411759,0.013655958972013,0
17.1916010498688,2.19575629411759,0.013655958972013,0
17.2244094488189,2.19575629411759,0.013655958972013,0
17.257217847769,2.19575629411759,0.013655958972013,0
17.2900262467192,2.19575629411759,0.013655958972013,0
17.3228346456693,2.19575629411759,0.013655958972013,0
17.3556430446194,2.19575629411759,0.013655958972013,0
17.3884514435696,2.19575629411759,0.013655958972013,0
17.4212598425197,2.19575629411759,0.013655958972013,0
17.4540682414698,2.19575629411759,0.0135525622431673,0
17.4868766404199,2.19575629411759,0.0133535587835004,0
17.5196850393701,2.19575629411759,0.0131545553238334,0
17.5524934383202,2.19575629411759,0.0129555518641665,0
17.5853018372703,2.19575629411759,0.0127565484044996,0
17.6181102362205,2.19575629411759,0.0125575449448327,0
17.6509186351706,2.19575629411759,0.0123585414851658,0
17.6837270341207,2.19575629411759,0.0121595380254989,0
17.7165354330709,2.19575629411759,0.0119605345658319,0
17.749343832021,2.19575629411759,0.011761531106165,0
17.7821522309711,2.19575629411759,0.0115625276464981,0
17.8149606299213,2.19575629411759,0.0113635241868312,0
17.8477690288714,2.19575629411759,0.0111645207271643,0
17.8805774278215,2.19575629411759,0.0109655172674974,0
17.9133858267717,2.19575629411759,0.0107665138078305,0
17.9461942257218,2.19575629411759,0.0107618198488264,0
17.9790026246719,2.19575629411759,0.0107618198488264,0
18.011811023622,2.19575629411759,0.0107618198488264,0
18.0446194225722,2.19575629411759,0.0107618198488264,0
18.0774278215223,2.19575629411759,0.0107618198488264,0
18.1102362204724,2.19537598205002,0.0107618198488264,0
18.1430446194226,2.18411622304478,0.0107618198488264,0
18.1758530183727,2.17285646403955,0.0107618198488264,0
18.2086614173228,2.16159670503431,0.0107618198488264,0
18.241469816273,2.15033694602908,0.0107618198488264,0
18.2742782152231,2.13907718702384,0.0107618198488264,0
18.3070866141732,2.12781742801861,0.0107618198488264,0
18.3398950131234,2.11655766901337,0.0107618198488264,0
18.3727034120735,2.10529791000814,0.0107618198488264,0
18.4055118110236,2.0940381510029,0.0107618198488264,0
18.4383202099738,2.08277839199767,0.0107618198488264,0
18.4711286089239,2.07151863299243,0.0107618198488264,0
18.503937007874,2.0602588739872,0.0107618198488264,0
18.5367454068241,2.04899911498196,0.0107618198488264,0
18.5695538057743,2.03773935597673,0.0107618198488264,0
18.6023622047244,2.02647959697149,0.0107618198488264,0
18.6351706036745,2.01521983796626,0.0107618198488264,0
18.6679790026247,2.00396007896102,0.0107618198488264,0
18.7007874015748,1.99270031995579,0.0107618198488264,0
18.7335958005249,1.98144056095055,0.0107618198488264,0
18.7664041994751,1.97018080194532,0.0107618198488264,0
18.7992125984252,1.95892104294008,0.0107618198488264,0
18.8320209973753,1.94766128393485,0.0107618198488264,0
18.8648293963255,1.93640152492961,0.0107618198488264,0
18.8976377952756,1.92514176592438,0.0107618198488264,0
18.9304461942257,1.91388200691914,0.0107618198488264,0
18.9632545931759,1.90262224791391,0.0107618198488264,0
18.996062992126,1.89136248890867,0.0107618198488264,0
19.0288713910761,1.88010272990344,0.0107618198488264,0
19.0616797900262,1.8688429708982,0.0107618198488264,0
19.0944881889764,1.86764320729537,0.0107618198488264,0
19.1272965879265,1.87949558519562,0.0107618198488264,0
19.1601049868766,1.89134796309587,0.0107618198488264,0
19.1929133858268,1.90320034099612,0.0107618198488264,0
19.2257217847769,1.91505271889637,0.0107618198488264,0
19.258530183727,1.92690509679662,0.0107618198488264,0
19.2913385826772,1.93875747469687,0.0107618198488264,0
19.3241469816273,1.95060985259712,0.0107618198488264,0
19.3569553805774,1.96246223049737,0.0109344220907782,0
19.3897637795276,1.97431460839762,0.0114319307399455,0
19.4225721784777,1.98616698629787,0.0119294393891128,0
19.4553805774278,1.99801936419812,0.0124269480382801,0
19.488188976378,2.00987174209837,0.0129244566874473,0
19.5209973753281,2.02172411999862,0.0134219653366146,0
19.5538057742782,2.03357649789887,0.0139194739857819,0
19.5866141732283,2.04542887579912,0.0144169826349492,0
19.6194225721785,2.05728125369937,0.0149144912841165,0
19.6522309711286,2.06913363159962,0.0154119999332838,0
19.6850393700787,2.08098600949987,0.015909508582451,0
19.7178477690289,2.09283838740012,0.0164070172316183,0
19.750656167979,2.10469076530037,0.0169045258807856,0
19.7834645669291,2.11654314320062,0.0174020345299529,0
19.8162729658793,2.12839552110087,0.0178995431791202,0
19.8490813648294,2.14024789900112,0.0175855221861369,0
19.8818897637795,2.15210027690138,0.0170733809296412,0
19.9146981627297,2.16395265480163,0.0165612396731454,0
19.9475065616798,2.17580503270188,0.0160490984166497,0
19.9803149606299,2.18765741060213,0.015536957160154,0
20.0131233595801,2.19950978850238,0.0150248159036582,0
20.0459317585302,2.21136216640263,0.0145126746471625,0
20.0787401574803,2.22321454430288,0.0140005333906667,0
20.1115485564304,2.23506692220313,0.013488392134171,0
20.1443569553806,2.24691930010338,0.0129762508776752,0
20.1771653543307,2.25877167800363,0.0124641096211795,0
20.2099737532808,2.27062405590388,0.0119519683646838,0
20.242782152231,2.28247643380413,0.0114398271081881,0
20.2755905511811,2.29432881170438,0.0109276858516923,0
20.3083989501312,2.30618118960463,0.0110234500404578,0
20.3412073490814,2.31803356750488,0.0114104012120323,0
20.3740157480315,2.32988594540513,0.0117973523836069,0
20.4068241469816,2.34173832330538,0.0121843035551814,0
20.4396325459318,2.35359070120563,0.012571254726756,0
20.4724409448819,2.36544307910588,0.0129582058983305,0
20.505249343832,2.37729545700613,0.0133451570699051,0
20.5380577427822,2.38914783490638,0.0137321082414796,0
20.5708661417323,2.40100021280663,0.0141190594130542,0
20.6036745406824,2.41285259070688,0.0145060105846287,0
20.6364829396325,2.42470496860713,0.0148929617562033,0
20.6692913385827,2.43655734650738,0.0152799129277778,0
20.7020997375328,2.44840972440763,0.0156668640993524,0
20.7349081364829,2.46026210230788,0.0160538152709269,0
20.7677165354331,2.47211448020813,0.0164407664425015,0
20.8005249343832,2.48396685810838,0.0165500980951997,0
20.8333333333333,2.49581923600863,0.0165500980951997,0
20.8661417322835,2.50767161390888,0.0165500980951997,0
20.8989501312336,2.51952399180913,0.0165500980951997,0
20.9317585301837,2.52902835294124,0.0165500980951997,0
20.9645669291339,2.52902835294124,0.0165500980951997,0
20.997375328084,2.52902835294124,0.0165500980951997,0
21.0301837270341,2.52902835294124,0.0165500980951997,0
21.0629921259842,2.52902835294124,0.0165500980951997,0
21.0958005249344,2.52902835294124,0.0165500980951997,0
21.1286089238845,2.52902835294124,0.0165500980951997,0
21.1614173228346,2.52902835294124,0.0165500980951997,0
21.1942257217848,2.52902835294124,0.0165500980951997,0
21.2270341207349,2.52902835294124,0.0165500980951997,0
21.259842519685,2.52902835294124,0.0164807279657695,0
21.2926509186352,2.52902835294124,0.0160827210464356,0
21.3254593175853,2.52902835294124,0.0156847141271018,0
21.3582677165354,2.52902835294124,0.015286707207768,0
21.3910761154856,2.52902835294124,0.0148887002884342,0
21.4238845144357,2.52902835294124,0.0144906933691003,0
21.4566929133858,2.52902835294124,0.0140926864497665,0
21.489501312336,2.52902835294124,0.0136946795304327,0
21.5223097112861,2.52902835294124,0.0132966726110988,0
21.5551181102362,2.52902835294124,0.012898665691765,0
21.5879265091863,2.52902835294124,0.0125006587724312,0
21.6207349081365,2.52902835294124,0.0121026518530974,0
21.6535433070866,2.52902835294124,0.0117046449337635,0
21.6863517060367,2.52902835294124,0.0113066380144297,0
21.7191601049869,2.52902835294124,0.0109086310950959,0
21.751968503937,2.52902835294124,0.0107618198488264,0
21.7847769028871,2.52902835294124,0.0107618198488264,0
21.8175853018373,2.52902835294124,0.0107618198488264,0
21.8503937007874,2.52902835294124,0.0107618198488264,0
21.8832020997375,2.52902835294124,0.0107618198488264,0
21.9160104986877,2.52902835294124,0.0107618198488264,0
21.9488188976378,2.52902835294124,0.0107618198488264,0
21.9816272965879,2.52902835294124,0.0107618198488264,0
22.0144356955381,2.52902835294124,0.0107618198488264,0
22.0472440944882,2.52902835294124,0.0107618198488264,0
22.0800524934383,2.52902835294124,0.0107618198488264,0
22.1128608923885,2.52902835294124,0.0107618198488264,0
22.1456692913386,2.52902835294124,0.0107618198488264,0
22.1784776902887,2.52902835294124,0.0107618198488264,0
22.2112860892388,2.52902835294124,0.0107618198488264,0
22.244094488189,2.52902835294124,0.0107618198488264,0
22.2769028871391,2.52902835294124,0.0107618198488264,0
22.3097112860892,2.52902835294124,0.0107618198488264,0
22.3425196850394,2.52902835294124,0.0107618198488264,0
22.3753280839895,2.52902835294124,0.0107618198488264,0
22.4081364829396,2.52902835294124,0.0107618198488264,0
22.4409448818898,2.52902835294124,0.0107618198488264,0
22.4737532808399,2.52902835294124,0.0107618198488264,0
22.50656167979,2.52902835294124,0.0107618198488264,0
22.5393700787402,2.52902835294124,0.0107618198488264,0
22.5721784776903,2.52902835294124,0.0107618198488264,0
22.6049868766404,2.52902835294124,0.0107618198488264,0
22.6377952755905,2.52902835294124,0.0107618198488264,0
22.6706036745407,2.52902835294124,0.0107618198488264,0
22.7034120734908,2.52902835294124,0.0107618198488264,0
22.7362204724409,2.52902835294124,0.0107618198488264,0
22.7690288713911,2.52902835294124,0.0107618198488264,0
22.8018372703412,2.52902835294124,0.0107618198488264,0
22.8346456692913,2.52902835294124,0.0107618198488264,0
22.8674540682415,2.52902835294124,0.0107618198488264,0
22.9002624671916,2.52902835294124,0.0107618198488264,0
22.9330708661417,2.52902835294124,0.0107618198488264,0
22.9658792650919,2.52902835294124,0.0107618198488264,0
22.998687664042,2.52902835294124,0.0107618198488264,0
23.0314960629921,2.52902835294124,0.0107618198488264,0
23.0643044619423,2.52902835294124,0.0107618198488264,0
23.0971128608924,2.52902835294124,0.0107618198488264,0
23.1299212598425,2.52902835294124,0.0107618198488264,0
23.1627296587926,2.52902835294124,0.0107626429304501,0
23.1955380577428,2.52902835294124,0.0112601515796174,0
23.2283464566929,2.52902835294124,0.0117576602287848,0
23.261154855643,2.52902835294124,0.0122551688779522,0
23.2939632545932,2.52902835294124,0.0127526775271196,0
23.3267716535433,2.52902835294124,0.013250186176287,0
23.3595800524934,2.52902835294124,0.0137476948254544,0
23.3923884514436,2.52902835294124,0.0142452034746218,0
23.4251968503937,2.52902835294124,0.0147427121237892,0
23.4580052493438,2.52902835294124,0.0152402207729566,0
23.490813648294,2.52902835294124,0.0157377294221239,0
23.5236220472441,2.52902835294124,0.0162352380712913,0
23.5564304461942,2.52902835294124,0.0167327467204587,0
23.5892388451444,2.52902835294124,0.0172302553696261,0
23.6220472440945,2.52902835294124,0.0177277640187935,0
23.6548556430446,2.52902835294124,0.0177870709359805,0
23.6876640419947,2.52902835294124,0.0173288392854317,0
23.7204724409449,2.52902835294124,0.0168706076348829,0
23.753280839895,2.52902835294124,0.0164123759843341,0
23.7860892388451,2.52902835294124,0.0159541443337853,0
23.8188976377953,2.52902835294124,0.0154959126832365,0
23.8517060367454,2.52902835294124,0.0150376810326877,0
23.8845144356955,2.52902835294124,0.0145794493821389,0
23.9173228346457,2.52902835294124,0.0141212177315901,0
23.9501312335958,2.52902835294124,0.0136629860810413,0
23.9829396325459,2.52902835294124,0.0132047544304924,0
24.0157480314961,2.52902835294124,0.0127465227799436,0
24.0485564304462,2.52902835294124,0.0122882911293948,0
24.0813648293963,2.52902835294124,0.011830059478846,0
24.1141732283465,2.52902835294124,0.0113718278282972,0
24.1469816272966,2.52902835294124,0.0109135961777484,0
24.1797900262467,2.52902835294124,0.0108224724645649,0
24.2125984251968,2.52902835294124,0.0109131641454025,0
24.245406824147,2.53695494726466,0.0110038558262401,0
24.2782152230971,2.55102964602119,0.0110945475070777,0
24.3110236220472,2.56510434477773,0.0111852391879152,0
24.3438320209974,2.57917904353427,0.0112759308687528,0
24.3766404199475,2.59325374229081,0.0113666225495904,0
24.4094488188976,2.60732844104735,0.011457314230428,0
24.4422572178478,2.62140313980389,0.0115480059112656,0
24.4750656167979,2.63547783856043,0.0116386975921032,0
24.507874015748,2.64955253731697,0.0117293892729408,0
24.5406824146982,2.66362723607351,0.0118200809537784,0
24.5734908136483,2.67770193483005,0.011910772634616,0
24.6062992125984,2.69177663358659,0.0120131745972932,0
24.6391076115486,2.70585133234313,0.01213533073883,0
24.6719160104987,2.71992603109967,0.0122574868803667,0
24.7047244094488,2.73400072985621,0.0123796430219034,0
24.7375328083989,2.74807542861274,0.0125017991634402,0
24.7703412073491,2.76215012736928,0.0126239553049769,0
24.8031496062992,2.77622482612582,0.0127461114465137,0
24.8359580052493,2.79029952488236,0.0128682675880504,0
24.8687664041995,2.8043742236389,0.0129904237295871,0
24.9015748031496,2.81844892239544,0.0131125798711239,0
24.9343832020997,2.83252362115198,0.0132347360126606,0
24.9671916010499,2.84659831990852,0.0133568921541973,0
25,2.86067301866506,0.0134790482957341,0
25.0328083989501,2.8747477174216,0.0136012044372708,0
25.0656167979003,2.88882241617814,0.0137233605788076,0
25.0984251968504,2.90289711493468,0.0138455167203443,0
25.1312335958005,2.91697181369122,0.013747376872599,0
25.1640419947507,2.93104651244775,0.0136132172368683,0
25.1968503937008,2.94512121120429,0.0134790576011375,0
25.2296587926509,2.95919590996083,0.0133448979654068,0
25.262467191601,2.97327060871737,0.013210738329676,0
25.2952755905512,2.98734530747391,0.0130765786939453,0
25.3280839895013,3.00142000623045,0.0129424190582145,0
25.3608923884514,3.01549470498699,0.0128082594224838,0
25.3937007874016,3.02956940374353,0.0126740997867531,0
25.4265091863517,3.04364410250007,0.0125399401510223,0
25.4593175853018,3.05771880125661,0.0124057805152916,0
25.492125984252,3.07179350001315,0.0122716208795608,0
25.5249343832021,3.08586819876969,0.0121600958273209,0
25.5577427821522,3.09994289752623,0.0120684494972114,0
25.5905511811024,3.11401759628276,0.0119768031671018,0
25.6233595800525,3.1280922950393,0.0118851568369923,0
25.6561679790026,3.14216699379584,0.0117935105068827,0
25.6889763779528,3.15624169255238,0.0117018641767731,0
25.7217847769029,3.17031639130892,0.0116102178466636,0
25.754593175853,3.18439109006546,0.011518571516554,0
25.7874015748031,3.1917147129425,0.0114269251864445,0
25.8202099737533,3.17294844793378,0.0113352788563349,0
25.8530183727034,3.15418218292506,0.0112436325262253,0
25.8858267716535,3.13541591791634,0.0111519861961158,0
25.9186351706037,3.11664965290762,0.0110603398660062,0
25.9514435695538,3.09788338789891,0.0109686935358967,0
25.9842519685039,3.07911712289019,0.0108770472057871,0
26.0170603674541,3.06035085788147,0.0107854008756775,0
26.0498687664042,3.04158459287275,0.0107618198488264,0
26.0826771653543,3.02281832786403,0.0107618198488264,0
26.1154855643045,3.00405206285531,0.0107618198488264,0
26.1482939632546,2.98528579784659,0.0107618198488264,0
26.1811023622047,2.96651953283787,0.0107618198488264,0
26.2139107611549,2.94775326782915,0.0107618198488264,0
26.246719160105,2.92898700282044,0.0107618198488264,0
26.2795275590551,2.91022073781172,0.0107618198488264,0
26.3123359580052,2.891454472803,0.0107618198488264,0
26.3451443569554,2.87268820779428,0.0107618198488264,0
26.3779527559055,2.85392194278556,0.0107618198488264,0
26.4107611548556,2.83515567777684,0.0107618198488264,0
26.4435695538058,2.81638941276812,0.0107618198488264,0
26.4763779527559,2.7976231477594,0.0107618198488264,0
26.509186351706,2.77885688275068,0.0107618198488264,0
26.5419947506562,2.76009061774197,0.0107618198488264,0
26.5748031496063,2.74132435273325,0.0107618198488264,0
26.6076115485564,2.72255808772453,0.0107618198488264,0
26.6404199475066,2.70379182271581,0.0107618198488264,0
26.6732283464567,2.68502555770709,0.0107618198488264,0
26.7060367454068,2.66625929269837,0.0107618198488264,0
26.738845144357,2.64749302768965,0.0107618198488264,0
26.7716535433071,2.62872676268093,0.0107618198488264,0
26.8044619422572,2.60996049767221,0.0107618198488264,0
26.8372703412073,2.5911942326635,0.0107618198488264,0
26.8700787401575,2.57242796765478,0.0107618198488264,0
26.9028871391076,2.55366170264606,0.0107618198488264,0
26.9356955380577,2.53489543763734,0.0107618198488264,0
26.9685039370079,2.52902835294124,0.0107618198488264,0
27.001312335958,2.52902835294124,0.0108271303629191,0
27.0341207349081,2.52902835294124,0.0109266320927523,0
27.0669291338583,2.52902835294124,0.0110261338225856,0
27.0997375328084,2.52902835294124,0.0111256355524188,0
27.1325459317585,2.52902835294124,0.011225137282252,0
27.1653543307087,2.52902835294124,0.0113246390120853,0
27.1981627296588,2.52902835294124,0.0114241407419185,0
27.2309711286089,2.52902835294124,0.0115236424717518,0
27.2637795275591,2.52902835294124,0.011623144201585,0
27.2965879265092,2.52902835294124,0.0117226459314182,0
27.3293963254593,2.52902835294124,0.0118221476612515,0
27.3622047244094,2.52902835294124,0.0119216493910847,0
27.3950131233596,2.52902835294124,0.012021151120918,0
27.4278215223097,2.52902835294124,0.0121206528507512,0
27.4606299212598,2.52902835294124,0.0121976242402486,0
27.49343832021,2.52902835294124,0.0120981225104154,0
27.5262467191601,2.52902835294124,0.0119986207805821,0
27.5590551181102,2.52902835294124,0.0118991190507488,0
27.5918635170604,2.52902835294124,0.0117996173209156,0
27.6246719160105,2.52902835294124,0.0117001155910823,0
27.6574803149606,2.52902835294124,0.0116006138612491,0
27.6902887139108,2.52902835294124,0.0115011121314158,0
27.7230971128609,2.52902835294124,0.0114016104015825,0
27.755905511811,2.52902835294124,0.0113021086717493,0
27.7887139107612,2.52902835294124,0.011202606941916,0
27.8215223097113,2.52902835294124,0.0111031052120828,0
27.8543307086614,2.52902835294124,0.0110036034822495,0
27.8871391076115,2.52902835294124,0.0109041017524162,0
27.9199475065617,2.52902835294124,0.010804600022583,0
27.9527559055118,2.52902835294124,0.0110454276292102,0
27.9855643044619,2.52902835294124,0.0115429362783774,0
28.0183727034121,2.52902835294124,0.0120404449275448,0
28.0511811023622,2.52902835294124,0.0125379535767121,0
28.0839895013123,2.52902835294124,0.0130354622258793,0
28.1167979002625,2.52902835294124,0.0135329708750466,0
28.1496062992126,2.52902835294124,0.0140304795242139,0
28.1824146981627,2.52902835294124,0.0145279881733812,0
28.2152230971129,2.52902835294124,0.0150254968225484,0
28.248031496063,2.52902835294124,0.0155230054717157,0
28.2808398950131,2.52902835294124,0.0160205141208831,0
28.3136482939633,2.52902835294124,0.0165180227700503,0
28.3464566929134,2.52902835294124,0.0170155314192176,0
28.3792650918635,2.52902835294124,0.0175130400683849,0
28.4120734908136,2.52902835294124,0.017997167656793,0
28.4448818897638,2.52902835294124,0.017997167656793,0
28.4776902887139,2.52902835294124,0.017997167656793,0
28.510498687664,2.52902835294124,0.017997167656793,0
28.5433070866142,2.52902835294124,0.017997167656793,0
28.5761154855643,2.52902835294124,0.017997167656793,0
28.6089238845144,2.52902835294124,0.017997167656793,0
28.6417322834646,2.52902835294124,0.017997167656793,0
28.6745406824147,2.52902835294124,0.017997167656793,0
28.7073490813648,2.52902835294124,0.017997167656793,0
28.740157480315,2.52902835294124,0.017997167656793,0
28.7729658792651,2.52902835294124,0.017997167656793,0
28.8057742782152,2.52902835294124,0.017997167656793,0
28.8385826771654,2.52902835294124,0.017997167656793,0
28.8713910761155,2.52902835294124,0.017997167656793,0
28.9041994750656,2.52902835294124,0.0179169466600257,0
28.9370078740157,2.52902835294124,0.0177511104436365,0
28.9698162729659,2.52902835294124,0.0175852742272474,0
29.002624671916,2.52902835294124,0.0174194380108582,0
29.0354330708661,2.52902835294124,0.017253601794469,0
29.0682414698163,2.52902835294124,0.0170877655780799,0
29.1010498687664,2.52902835294124,0.0169219293616907,0
29.1338582677165,2.52902835294124,0.0167560931453015,0
29.1666666666667,2.52902835294124,0.0165902569289124,0
29.1994750656168,2.52902835294124,0.0164244207125232,0
29.2322834645669,2.52902835294124,0.0162585844961341,0
29.2650918635171,2.52902835294124,0.0160927482797449,0
29.2979002624672,2.52902835294124,0.0159269120633558,0
29.3307086614173,2.52902835294124,0.0157610758469666,0
29.3635170603675,2.52902835294124,0.0155952396305774,0
29.3963254593176,2.52902835294124,0.0153416637417175,0
29.4291338582677,2.52902835294124,0.0150825446536096,0
29.4619422572178,2.52902835294124,0.0148234255655017,0
29.494750656168,2.52902835294124,0.0145643064773938,0
29.5275590551181,2.52902835294124,0.0143051873892859,0
29.5603674540682,2.52902835294124,0.014046068301178,0
29.5931758530184,2.52902835294124,0.0137869492130701,0
29.6259842519685,2.52902835294124,0.0135278301249621,0
29.6587926509186,2.52902835294124,0.0132687110368542,0
29.6916010498688,2.52902835294124,0.0130095919487463,0
29.7244094488189,2.52902835294124,0.0127504728606384,0
29.757217847769,2.52902835294124,0.0124913537725304,0
29.7900262467192,2.56670307108302,0.0122322346844225,0
29.8228346456693,2.6109383746183,0.0119731155963146,0
29.8556430446194,2.65517367815359,0.0117139965082067,0
29.8884514435695,2.69940898168887,0.0117093503826689,0
29.9212598425197,2.74364428522417,0.0120449712967898,0
29.9540682414698,2.78787958875945,0.0123805922109107,0
29.9868766404199,2.83211489229474,0.0127162131250316,0
30.0196850393701,2.87635019583002,0.0130518340391525,0
30.0524934383202,2.92058549936531,0.0133874549532734,0
30.0853018372703,2.96482080290059,0.0137230758673943,0
30.1181102362205,3.00905610643587,0.0140586967815152,0
30.1509186351706,3.05329140997116,0.0143943176956361,0
30.1837270341207,3.09752671350645,0.0147299386097571,0
30.2165354330709,3.14176201704174,0.015065559523878,0
30.249343832021,3.18599732057702,0.0154011804379989,0
30.2821522309711,3.23023262411231,0.0157368013521198,0
30.3149606299213,3.27446792764759,0.0160724222662407,0
30.3477690288714,3.31870323118288,0.0189052523222929,0
30.3805774278215,3.36293853471816,0.0221641268071484,0
30.4133858267716,3.40717383825345,0.025423001292004,0
30.4461942257218,3.45140914178873,0.0286818757768601,0
30.4790026246719,3.49618138128326,0.0319407502617156,0
30.511811023622,3.55282138112781,0.0351996247465711,0
30.5446194225722,3.60946138097236,0.0384584992314266,0
30.5774278215223,3.66610138081692,0.0417173737162822,0
30.6102362204724,3.72274138066147,0.0449762482011377,0
30.6430446194226,3.77938138050602,0.0482351226859932,0
30.6758530183727,3.83602138035058,0.0514939971708487,0
30.7086614173228,3.89266138019513,0.0547528716557042,0
30.741469816273,3.94930138003969,0.0580117461405603,0
30.7742782152231,4.00594137988424,0.0612706206254159,0
30.8070866141732,4.0625813797288,0.0699407964238515,0
30.8398950131234,4.11922137957335,0.078851399095506,0
30.8727034120735,4.1758613794179,0.0877620017671606,0
30.9055118110236,4.23250137926246,0.0966726044388151,0
30.9383202099737,4.28914137910701,0.10558320711047,0
30.9711286089239,4.34578137895156,0.114493809782124,0
31.003937007874,4.42392556652785,0.12340441245378,0
31.0367454068241,5.06869492430132,0.132315015125435,0
31.0695538057743,5.71346428207478,0.141225617797089,0
31.1023622047244,6.35823363984824,0.150136220468744,0
31.1351706036745,7.0030029976217,0.159443353080453,0
31.1679790026247,7.64777235539517,0.171383560660471,0
31.2007874015748,8.29254171316863,0.18332376824049,0
31.2335958005249,8.93731107094209,0.195263975820508,0
31.2664041994751,10.1885429011232,0.207204183400528,0
31.2992125984252,14.0509926068215,0.219144390980546,0
31.3320209973753,15.1769685073457,0.231084598560565,0
31.3648293963255,16.3029444078699,0.243024806140583,0
31.3976377952756,17.4289203083941,0.282112008295524,0
31.4304461942257,18.3757576547042,0.32564401509761,0
31.4632545931759,18.7268684193836,0.341993197917362,0
31.496062992126,19.077979184063,0.355985628675197,0
31.5288713910761,19.4290899487424,0.369978059433031,0
31.5616797900262,19.7802007134218,0.385926993494912,0
31.5944881889764,20.1313114781012,0.446457212476926,0
31.6272965879265,20.4824222427806,0.559239446400556,0
31.6601049868766,20.83353300746,0.580694506895887,0
31.6929133858268,21.1846437721394,0.602149567391217,0
31.7257217847769,21.4709841210104,0.623604627886548,0
31.758530183727,21.5125094733702,0.651140369597409,0
31.7913385826772,21.5540348257299,0.699647462891237,0
31.8241469816273,21.5955601780896,0.739931153996787,0
31.8569553805774,21.6370855304494,0.759653818303069,0
31.8897637795276,21.6786108828091,0.779376482609352,0
31.9225721784777,21.7201362351688,0.799099146915634,0
31.9553805774278,21.7616615875286,0.806824347998991,0
31.9881889763779,21.8031869398883,0.797106345718592,0
32.0209973753281,21.844712292248,0.787388343438193,0
32.0538057742782,21.8862376446078,0.777670341157793,0
32.0866141732283,21.9277629969675,0.767952338877392,0
32.1194225721785,21.9692883493273,0.758234336596993,0
32.1522309711286,22.010813701687,0.74957006155742,0
32.1850393700787,21.4143047695204,0.745882644510651,0
32.2178477690289,20.2536834566734,0.742195227463881,0
32.250656167979,19.0930621438264,0.738507810417112,0
32.2834645669291,17.9324408309794,0.734820393370342,0
32.3162729658793,16.8119163136693,0.731132976323573,0
32.3490813648294,15.7049477572931,0.727445559276803,0
32.3818897637795,14.5979792009167,0.723758142230033,0
32.4146981627297,14.2838576261501,0.720070725183263,0
32.4475065616798,14.0242019277554,0.716383308136493,0
32.4803149606299,13.7645462293608,0.712695891089724,0
32.51312335958,13.5048905309661,0.709008474042954,0
32.5459317585302,13.2452348325715,0.705321056996185,0
32.5787401574803,12.9855791341768,0.701633639949415,0
32.6115485564304,12.7259234357822,0.697729404204629,0
32.6443569553806,12.4662677373875,0.689437593385172,0
32.6771653543307,12.4247371600428,0.681145782565716,0
32.7099737532808,12.4639953236243,0.67285397174626,0
32.742782152231,12.5032534872058,0.664562160926804,0
32.7755905511811,12.5425116507873,0.656270350107348,0
32.8083989501312,12.5817698143688,0.647978539287893,0
32.8412073490814,12.6210279779503,0.639686728468437,0
32.8740157480315,12.6602861415317,0.631394917648981,0
32.9068241469816,12.6995443051132,0.623103106829523,0
32.9396325459318,12.7388024686947,0.614811296010067,0
32.9724409448819,12.7780606322762,0.600769096932885,0
33.005249343832,12.8173187958577,0.585843837457863,0
33.0380577427822,12.8565769594392,0.570918577982841,0
33.0708661417323,12.8958351230207,0.555993318507819,0
33.1036745406824,12.9350932866021,0.541068059032797,0
33.1364829396325,12.9743514501836,0.527073314815634,0
33.1692913385827,13.0136096137651,0.513889335612699,0
33.2020997375328,13.0528677773466,0.500705356409763,0
33.2349081364829,13.0921259409281,0.487521377206828,0
33.2677165354331,13.2934130009482,0.474337398003894,0
33.3005249343832,13.5841869972373,0.479601014653966,0
33.3333333333333,13.8749609935263,0.493282502506068,0
33.3661417322835,14.1657349898154,0.50696399035817,0
33.3989501312336,14.4565089861044,0.520645478210272,0
33.4317585301837,14.7472829823935,0.534326966062375,0
33.4645669291339,15.0380569786826,0.548008453914479,0
33.497375328084,15.3288309749716,0.561689941766582,0
33.5301837270341,15.6196049712607,0.55218763617135,0
33.5629921259843,15.9103789675497,0.540105283262999,0
33.5958005249344,16.2011529638388,0.528022930354649,0
33.6286089238845,16.4919269601279,0.515940577446299,0
33.6614173228346,16.7827009564169,0.503858224537948,0
33.6942257217848,17.073474952706,0.491775871629598,0
33.7270341207349,17.364248948995,0.508056210006238,0
33.759842519685,17.272117859229,0.709020785931587,0
33.7926509186352,17.1515908614264,0.684145353473227,0
33.8254593175853,17.0310638636239,0.659269921014866,0
33.8582677165354,16.9105368658213,0.647817465901601,0
33.8910761154856,16.7900098680187,0.680091744937325,0
33.9238845144357,16.6694828702161,0.712366023973049,0
33.9566929133858,16.5489558724136,0.744640303008773,0
33.989501312336,16.428428874611,0.776914582044498,0
34.0223097112861,16.3079018768084,0.809188861080228,0
34.0551181102362,16.1873748790058,0.841463140115952,0
34.0879265091864,16.0668478812033,0.81291207807665,0
34.1207349081365,15.7084777635893,0.77998174367938,0
34.1535433070866,15.0610416207884,0.74705140928211,0
34.1863517060367,14.4136054779875,0.71555878791022,0
34.2191601049869,13.7661693351866,0.6852936784192,0
34.251968503937,13.1187331923857,0.65502856892818,0
34.2847769028871,12.4712970495847,0.624763459437154,0
34.3175853018373,12.2164595000538,0.594498349946134,0
34.3503937007874,12.1914378133755,0.564233240455114,0
34.3832020997375,12.1664161266972,0.579178269591827,0
34.4160104986877,12.1413944400189,0.611516331787696,0
34.4488188976378,12.1163727533406,0.643854393983566,0
34.4816272965879,12.0913510666623,0.483939884675848,0
34.5144356955381,12.066329379984,0.432278026470364,0
34.5472440944882,12.0413076933057,0.408770742797198,0
34.5800524934383,12.0162860066274,0.385263459124035,0
34.6128608923884,11.9912643199491,0.361756175450873,0
34.6456692913386,11.9662426332708,0.360952653754442,0
34.6784776902887,11.9412209465925,0.360952653754442,0
34.7112860892388,11.9161992599142,0.360952653754442,0
34.744094488189,11.8911775732359,0.360952653754442,0
34.7769028871391,11.8661558865576,0.360952653754442,0
34.8097112860892,11.8411341998793,0.360952653754442,0
34.8425196850394,11.816112513201,0.360952653754442,0
34.8753280839895,11.8081705052626,0.360952653754442,0
34.9081364829396,11.8842781355758,0.360952653754442,0
34.9409448818898,11.9603857658889,0.360952653754442,0
34.9737532808399,12.0364933962021,0.360952653754442,0
35.00656167979,12.1126010265153,0.361513041052157,0
35.0393700787402,12.1887086568284,0.363204570459326,0
35.0721784776903,12.2648162871416,0.364896099866495,0
35.1049868766404,12.3409239174547,0.366587629273664,0
35.1377952755905,12.4170315477679,0.368279158680833,0
35.1706036745407,12.493139178081,0.369970688088002,0
35.2034120734908,12.5692468083942,0.371662217495171,0
35.2362204724409,12.6453544387073,0.37335374690234,0
35.2690288713911,12.7214620690205,0.375045276309508,0
35.3018372703412,12.7975696993336,0.376736805716677,0
35.3346456692913,12.8736773296468,0.378428335123846,0
35.3674540682415,12.9497849599599,0.380119864531016,0
35.4002624671916,13.0258925902731,0.381811393938185,0
35.4330708661417,13.1020002205862,0.383502923345353,0
35.4658792650919,13.1295338379295,0.385194452752522,0
35.498687664042,13.1369382145996,0.380991386257437,0
35.5314960629921,13.1443425912698,0.375203702305457,0
35.5643044619422,13.1517469679399,0.369416018353477,0
35.5971128608924,13.15915134461,0.363628334401497,0
35.6299212598425,13.1665557212801,0.357840650449517,0
35.6627296587926,13.1739600979502,0.352052966497537,0
35.6955380577428,13.1813644746203,0.346265282545557,0
35.7283464566929,13.1887688512905,0.340477598593577,0
35.761154855643,13.1961732279606,0.334689914641597,0
35.7939632545932,13.2035776046307,0.328902230689617,0
35.8267716535433,13.2109819813008,0.323114546737637,0
35.8595800524934,13.2183863579709,0.317326862785657,0
35.8923884514436,13.225790734641,0.311539178833677,0
35.9251968503937,13.2331951113112,0.305751494881696,0
35.9580052493438,13.2405994879813,0.300282572099227,0
35.990813648294,13.2480038646514,0.2957961101737,0
36.0236220472441,13.2554082413215,0.291309648248173,0
36.0564304461942,13.3696003526065,0.286823186322646,0
36.0892388451444,13.498169232028,0.282336724397119,0
36.1220472440945,13.6267381114495,0.277850262471591,0
36.1548556430446,13.755306990871,0.273363800546064,0
36.1876640419947,13.8838758702926,0.268877338620536,0
36.2204724409449,14.0124447497141,0.264390876695009,0
36.253280839895,14.1410136291356,0.259904414769482,0
36.2860892388451,14.2695825085571,0.255417952843955,0
36.3188976377953,14.3981513879786,0.250931490918428,0
36.3517060367454,14.5267202674001,0.246445028992901,0
36.3845144356955,14.6552891468216,0.241958567067374,0
36.4173228346457,14.7838580262431,0.263816734078681,0
36.4501312335958,14.9124269056646,0.298571266856232,0
36.4829396325459,15.0409957850862,0.304689486163679,0
36.5157480314961,15.1695646645077,0.310062977980011,0
36.5485564304462,15.2981335439292,0.315436469796343,0
36.5813648293963,15.4267024233507,0.320809961612675,0
36.6141732283465,15.5216321626883,0.326183453429007,0
36.6469816272966,15.6072532467906,0.331556945245339,0
36.6797900262467,15.6928743308929,0.33693043706167,0
36.7125984251968,15.7784954149953,0.342303928878002,0
36.745406824147,15.8641164990976,0.347677420694335,0
36.7782152230971,15.9497375831999,0.353050912510667,0
36.8110236220472,16.0353586673023,0.358424404326999,0
36.8438320209974,16.1209797514046,0.363797896143331,0
36.8766404199475,16.2066008355069,0.369171387959663,0
36.9094488188976,16.2922219196092,0.374544879775995,0
36.9422572178478,16.3778430037116,0.379918371592327,0
36.9750656167979,16.4634640878139,0.385291863408659,0
37.007874015748,16.5490851719162,0.383132929849851,0
37.0406824146982,16.6347062560186,0.379450254094843,0
37.0734908136483,16.7203273401209,0.375767578339834,0
37.1062992125984,16.8059484242232,0.372084902584826,0
37.1391076115486,16.8915695083256,0.368402226829818,0
37.1719160104987,16.9771905924279,0.364719551074809,0
37.2047244094488,17.0082229425445,0.361036875319801,0
37.2375328083989,16.746705959197,0.357354199564793,0
37.2703412073491,16.4851889758495,0.353671523809785,0
37.3031496062992,16.223671992502,0.349988848054776,0
37.3359580052493,15.9621550091546,0.346306172299767,0
37.3687664041995,15.7006380258071,0.340858792697684,0
37.4015748031496,15.4391210424596,0.33043684427116,0
37.4343832020997,15.1776040591122,0.320014895844636,0
37.4671916010499,14.9160870757647,0.309592947418111,0
37.5,14.6573077487775,0.299170998991587,0
37.5328083989501,14.4160271986653,0.288749050565063,0
37.5656167979003,14.1747466485531,0.278327102138537,0
37.5984251968504,13.933466098441,0.267905153712012,0
37.6312335958005,13.6921855483288,0.257483205285488,0
37.6640419947507,13.4509049982166,0.247061256858964,0
37.6968503937008,13.2096244481045,0.251507975350015,0
37.7296587926509,12.9683438979923,0.257799996501248,0
37.762467191601,12.7270633478801,0.264092017652482,0
37.7952755905512,12.485782797768,0.270384038803716,0
37.8280839895013,12.2445022476558,0.276676059954951,0
37.8608923884514,12.2213366123351,0.282968081106184,0
37.8937007874016,12.2098470623298,0.289260102257418,0
37.9265091863517,12.1983575123244,0.295552123408652,0
37.9593175853018,12.1868679623191,0.302040969913134,0
37.992125984252,12.1753784123137,0.308636513147811,0
38.0249343832021,12.1638888623084,0.315232056382487,0
38.0577427821522,12.1523993123031,0.321827599617163,0
38.0905511811024,12.1409097622977,0.328423142851839,0
38.1233595800525,12.1294202122924,0.335018686086517,0
38.1561679790026,12.117930662287,0.341614229321193,0
38.1889763779528,12.1064411122817,0.348209772555869,0
38.2217847769029,12.0949515622764,0.354805315790546,0
38.254593175853,12.083462012271,0.361400859025222,0
38.2874015748031,12.0719724622657,0.367996402259898,0
38.3202099737533,13.834604011869,0.374591945494574,0
38.3530183727034,16.399326896394,0.378958805222871,0
38.3858267716535,19.8719612169606,0.381342700833464,0
38.4186351706037,23.3165839036473,0.383726596444057,0
38.4514435695538,26.6734262033188,0.38611049205465,0
38.4842519685039,33.8809631453379,0.388494387665243,0
38.5170603674541,38.3179283931639,0.390878283275836,0
38.5498687664042,39.3113459432406,0.393262178886428,0
38.5826771653543,40.3047634933174,0.395646074497021,0
38.6154855643045,41.2981810433941,0.398029970107614,0
38.6482939632546,42.2915985934708,0.400413865718208,0
38.6811023622047,43.2850161435477,0.386283276589817,0
38.7139107611549,42.1742227453991,0.35900321899379,0
38.746719160105,40.3856604608509,0.331723161397762,0
38.7795275590551,38.5970981763028,0.325254446452832,0
38.8123359580052,36.5371883019893,0.345237710527716,0
38.8451443569554,34.2852365009416,0.365220974602599,0
38.8779527559055,32.033284699894,0.385204238677482,0
38.9107611548556,30.4858791553056,0.405187502752366,0
38.9435695538058,29.3599032547817,0.425170766827252,0
38.9763779527559,28.233927354258,0.445154030902136,0
39.009186351706,27.1079514537342,0.465752953279879,0
39.0419947506562,25.9819755532105,0.489384614115334,0
39.0748031496063,24.8559996526868,0.513016274950789,0
39.1076115485564,21.4257334908402,0.536647935786244,0
39.1404199475066,21.2769505156755,0.592444623706064,0
39.1732283464567,23.3132660046723,0.705689704629819,0
39.2060367454068,25.3495814936695,0.774345898214968,0
39.238845144357,27.3858969826664,0.843002091800104,0
39.2716535433071,29.4222124716632,0.827744730858486,0
39.3044619422572,33.2117463347243,0.802869298400127,0
39.3372703412073,37.477718505456,0.777993865941767,0
39.3700787401575,41.7436906761876,0.951029146418538,0
39.4028871391076,46.0096628469193,1.14852083461972,0
39.4356955380577,49.7644376142897,1.11804842985823,0
39.4685039370079,54.1382205645479,1.08757602509673,0
39.501312335958,59.1849558454353,1.09455796342752,0
39.5341207349081,61.2063506763742,1.1239562017874,0
39.5669291338583,63.2277455073131,1.15335444014729,0
39.5997375328084,66.1512614686293,1.18275267850718,0
39.6325459317585,70.0831693132592,1.07190019274551,0
39.6653543307087,72.3376368239888,0.773216271605138,0
39.6981627296588,73.7016762006237,0.77750638242042,0
39.7309711286089,75.0657155772586,0.781796493235703,0
39.7637795275591,79.033351397769,0.786086604050986,0
39.7965879265092,80.6072169876708,0.790376714866268,0
39.8293963254593,82.0515155387787,0.79466682568155,0
39.8622047244094,87.86757371383,0.798956936496833,0
39.8950131233596,88.635518909339,0.803247047312115,0
39.9278215223097,89.4034641048479,0.807537158127397,0
39.9606299212598,90.1714093003569,0.824673291836432,0
39.99343832021,90.9393544958659,0.949336358680495,0
40.0262467191601,91.691324422018,0.959614550636506,0
40.0590551181102,91.1269465618675,1.10054052852676,0
40.0918635170604,90.5625687017169,1.39987489910904,0
40.1246719160105,89.9981908415663,1.40860056138774,0
40.1574803149606,89.4338129814158,1.39452212514534,0
40.1902887139108,88.8694351212652,1.38044368890295,0
40.2230971128609,88.3050572611147,1.36636525266056,0
40.255905511811,87.7029813341439,1.35228681641816,0
40.2887139107612,86.9378793701031,1.33820838017577,0
40.3215223097113,86.1727774060625,1.29885459902376,0
40.3543307086614,85.4076754420219,1.15143580987588,0
40.3871391076115,84.6425734779813,1.05485158400417,0
40.4199475065617,82.0182508515281,1.01272918504132,0
40.4527559055118,76.2382412288443,0.902997568890372,0
40.4855643044619,70.8571045153422,0.776789714712218,0
40.5183727034121,69.6791604963324,0.722084672809779,0
40.5511811023622,68.5012164773225,0.713792861990321,0
40.5839895013123,67.3232724583124,0.705501051170865,0
40.6167979002625,63.8201441749486,0.697209240351408,0
40.6496062992126,58.6506808224241,0.688917429531952,0
40.6824146981627,55.7231434810584,0.680625618712495,0
40.7152230971129,50.1616424501147,0.672333807893039,0
40.748031496063,50.0966310422584,0.664041997073582,0
40.7808398950131,46.6322104585412,0.655750186254126,0
40.8136482939632,43.1677898748239,0.754818456098952,0
40.8464566929134,41.0237613642854,0.598349516231029,0
40.8792650918635,40.6392885255933,0.867286409868919,0
40.9120734908136,40.2548156869013,0.85733623688557,0
40.9448818897638,39.8703428482092,0.847386063902221,0
40.9776902887139,39.4858700095172,0.837435890918872,0
41.010498687664,39.1013971708251,0.827485717935524,0
41.0433070866142,38.7169243321331,0.817535544952175,0
41.0761154855643,39.7393901575303,0.807585371968826,0
41.1089238845144,41.2925120345967,0.805109233098972,0
41.1417322834646,42.8456339116628,0.836949786645686,0
41.1745406824147,44.398755788729,0.868790340192399,0
41.2073490813648,45.9518776657951,0.900630893739112,0
41.240157480315,47.5049995428612,0.932471447285826,0
41.2729658792651,49.0581214199274,0.964312000832539,0
41.3057742782152,50.6112432969935,0.996152554379252,0
41.3385826771653,49.9110022003734,1.02799310792597,0
41.3713910761155,47.8842455794306,0.859129383330896,0
41.4041994750656,45.8574889584874,0.852083585164308,0
41.4370078740157,42.9259859743393,0.845037786997721,0
41.4698162729659,39.5480582727681,0.837991988831133,0
41.502624671916,36.170130571197,0.830946190664546,0
41.5354330708661,33.9110302520357,0.823900392497958,0
41.5682414698163,32.1094688111977,0.816854594331371,0
41.6010498687664,30.3079073703597,0.809808796164784,0
41.6338582677165,27.4718889975207,0.802762997998196,0
41.6666666666667,32.2747236863468,0.795717199831607,0
41.6994750656168,37.0775583751721,0.78867140166502,0
41.7322834645669,41.8803930639973,0.781625603498432,0
41.7650918635171,46.6832277528226,0.810106398781924,0
41.7979002624672,51.4860624416479,0.857762490438995,0
41.8307086614173,56.2888971304732,0.905418582096066,0
41.8635170603674,61.0917318192984,0.925830164163644,0
41.8963254593176,65.8945665081237,0.918056591520405,0
41.9291338582677,47.5764740532208,0.910283018877164,0
41.9619422572178,63.3401366605527,0.902509446233924,0
41.994750656168,79.1037992678845,0.894735873590684,0
42.0275590551181,81.9499672934055,0.886962300947445,0
42.0603674540682,83.5263335541403,0.879188728304205,0
42.0931758530184,85.1026998148752,0.871415155660966,0
42.1259842519685,88.4617238012346,0.863641583017726,0
42.1587926509186,91.9132956690741,0.826216834567167,0
42.1916010498688,89.2079177706527,0.688899243014075,0
42.2244094488189,84.7173148096224,0.667763221161331,0
42.257217847769,80.213411207527,0.646627199308588,0
42.2900262467192,75.9743176139348,0.627838500167792,0
42.3228346456693,80.0278308558199,0.611723127639067,0
42.3556430446194,68.1470084725129,0.595607755110342,0
42.3884514435696,66.8709024519193,0.579492382581617,0
42.4212598425197,65.5947964313257,0.563377010052892,0
42.4540682414698,64.318690410732,0.547261637524167,0
42.4868766404199,62.7753680726131,0.531146264995439,0
42.5196850393701,59.0971801309021,0.515030892466714,0
42.5524934383202,55.418992189191,0.604781380873435,0
42.5853018372703,51.74080424748,0.731093331297584,0
42.6181102362205,48.062616305769,0.748140318835229,0
42.6509186351706,40.9640221005041,0.765187306372874,0
42.6837270341207,58.6576574944598,0.782234293910519,0
42.7165354330709,70.195752001032,0.799281281448164,0
42.749343832021,59.445929489651,0.816328268985812,0
42.7821522309711,53.2216050541905,0.833375256523457,0
42.8149606299213,62.0042170782754,0.850422244061102,0
42.8477690288714,70.7868291023603,0.867469231598747,0
42.8805774278215,78.8960517016408,0.831883533161305,0
42.9133858267717,85.2015167445731,0.78729432047967,0
42.9461942257218,86.2995845502833,0.782131547900681,0
42.9790026246719,86.0293503341576,0.780639021953179,0
43.011811023622,85.759116118032,0.779146496005677,0
43.0446194225722,85.4888819019062,0.777653970058175,0
43.0774278215223,85.2186476857805,0.776161444110673,0
43.1102362204724,84.9484134696548,0.774668918163171,0
43.1430446194226,84.6781792535292,0.773176392215668,0
43.1758530183727,84.0722473813378,0.771683866268167,0
43.2086614173228,82.9462714808138,0.794913284628562,0
43.241469816273,81.8202955802899,0.924265533412038,0
43.2742782152231,81.6356878204533,1.05361778219551,0
43.3070866141732,82.6865986609422,1.19691564839413,0
43.3398950131234,83.737509501431,1.37601876209432,0
43.3727034120735,84.7884203419198,1.55786146707245,0
43.4055118110236,85.8393311824086,1.80180602043391,0
43.4383202099737,86.8902420228974,2.10905365693509,0
43.4711286089239,87.9411528633862,2.32915662338058,0
43.503937007874,88.992063703875,2.38245826779798,0
43.5367454068241,90.0429745443638,2.43575991221537,0
43.5695538057743,93.7500385391393,2.41813701881052,0
43.6023622047244,99.6051132218626,2.31367071301944,0
43.6351706036745,105.460187904586,2.18254652903454,0
43.6679790026247,106.240415719884,2.05142234504963,0
43.7007874015748,103.538073558627,1.95881254009207,0
43.7335958005249,100.83573139737,1.88437806006865,0
43.7664041994751,98.8463393583208,1.80994358004524,0
43.7992125984252,97.2699730975875,1.73550910002182,0
43.8320209973753,95.6936068368541,1.66805596628284,0
43.8648293963255,94.7436387492288,1.61830510136611,0
43.8976377952756,94.0975666464695,1.51909089769697,0
43.9304461942257,93.4514945437102,1.33889501884991,0
43.9632545931758,92.805422440951,1.04038982934952,0
43.996062992126,92.1593503381917,0.915791972543681,0
44.0288713910761,91.5132782354324,0.806340069726901,0
44.0616797900262,86.7517263909699,0.516983458136036,0
44.0944881889764,81.8177981705409,0.491445482346079,0
44.1272965879265,78.9653258892103,0.465907506556117,0
44.1601049868766,75.8520673912316,0.440369530766159,0
44.1929133858268,69.6118293445221,0.414831554976202,0
44.2257217847769,58.9901233495837,0.398698811759262,0
44.258530183727,51.7618073931211,0.430673463482497,0
44.2913385826772,55.8528531650288,0.462648115205732,0
44.3241469816273,43.005807416844,0.485159159329129,0
44.3569553805774,36.9775925729272,0.476029291919793,0
44.3897637795276,45.4521762520539,0.466899424510455,0
44.4225721784777,33.4534720265268,0.45776955710112,0
44.4553805774278,27.1160803599965,0.448639689691784,0
44.4881889763779,27.390726280838,0.439509822282448,0
44.5209973753281,25.0336833957428,0.430379954873112,0
44.5538057742782,22.6766405106475,0.421250087463776,0
44.5866141732283,20.3588891488559,0.41212022005444,0
44.6194225721785,18.8838607191694,0.402990352645105,0
44.6522309711286,17.4088322894828,0.393860485235767,0
44.6850393700787,15.933803859796,0.384730617826431,0
44.7178477690289,14.7457168200772,0.391424315437814,0
44.750656167979,13.9762999547195,0.399927399408725,0
44.7834645669291,13.3986702192353,0.408430483379636,0
44.8162729658793,13.4857456888758,0.416933567350547,0
44.8490813648294,13.5728211585163,0.425436651321458,0
44.8818897637795,13.6598966281568,0.433939735292369,0
44.9146981627296,13.7469720977973,0.442442819263279,0
44.9475065616798,13.8340475674378,0.450945903234192,0
44.9803149606299,13.9211230370783,0.459448987205103,0
45.01312335958,14.0081985067188,0.467952071176014,0
45.0459317585302,14.0952739763593,0.476455155146925,0
45.0787401574803,14.1823494459998,0.484958239117836,0
45.1115485564304,14.2694249156403,0.580126442008805,0
45.1443569553806,14.3565003852808,0.591409227445279,0
45.1771653543307,14.4435758549213,0.602692012881753,0
45.2099737532808,14.5306513245618,0.613974798318229,0
45.242782152231,14.6177267942023,0.625257583754703,0
45.2755905511811,14.7048022638428,0.636540369191177,0
45.3083989501312,14.7918777334833,0.647823154627651,0
45.3412073490814,14.8789532031238,0.651501062299373,0
45.3740157480315,14.9599013925723,0.629646218068093,0
45.4068241469816,14.8691977783635,0.607791373836813,0
45.4396325459318,14.7784941641546,0.585936529605534,0
45.4724409448819,14.6877905499458,0.575883778492908,0
45.505249343832,14.5970869357369,0.568144755061415,0
45.5380577427822,14.5063833215281,0.560405731629922,0
45.5708661417323,14.4156797073192,0.552666708198429,0
45.6036745406824,14.3249760931104,0.544927684766936,0
45.6364829396325,14.2342724789015,0.537188661335443,0
45.6692913385827,14.1435688646927,0.52944963790395,0
45.7020997375328,14.0528652504838,0.521710614472457,0
45.7349081364829,13.962161636275,0.512492526815421,0
45.7677165354331,13.8714580220661,0.49133111849052,0
45.8005249343832,13.7807544078573,0.470169710165622,0
45.8333333333333,13.6900507936484,0.449008301840724,0
45.8661417322835,13.5993471794396,0.427846893515826,0
45.8989501312336,13.5086435652307,0.421167236674033,0
45.9317585301837,13.4179399510219,0.419385997043665,0
45.9645669291339,13.4472259537902,0.417604757413297,0
45.997375328084,13.5660789655122,0.41582351778293,0
46.0301837270341,13.6849319772341,0.414042278152562,0
46.0629921259843,13.8037849889561,0.412261038522194,0
46.0958005249344,13.922638000678,0.410479798891826,0
46.1286089238845,14.0414910124,0.408698559261458,0
46.1614173228346,14.1603440241219,0.406917319631091,0
46.1942257217848,14.2791970358438,0.405136080000723,0
46.2270341207349,14.3980500475658,0.403354840370355,0
46.259842519685,14.5169030592877,0.411411712067098,0
46.2926509186352,14.6357560710097,0.420775150486454,0
46.3254593175853,14.7546090827316,0.430138588905808,0
46.3582677165354,14.8734620944536,0.439502027325162,0
46.3910761154856,14.9923151061755,0.448865465744516,0
46.4238845144357,15.1111681178974,0.458228904163869,0
46.4566929133858,15.2300211296194,0.467592342583223,0
46.489501312336,15.3488741413413,0.476955781002577,0
46.5223097112861,15.4677271530633,0.486319219421931,0
46.5551181102362,15.5865801647853,0.495682657841285,0
46.5879265091864,15.7054331765072,0.50504609626064,0
46.6207349081365,15.8242861882292,0.515513352018112,0
46.6535433070866,15.9431391999512,0.530052488968025,0
46.6863517060367,16.0619922116732,0.544591625917938,0
46.7191601049869,16.1808452233951,0.559130762867852,0
46.751968503937,16.2996982351171,0.573669899817765,0
46.7847769028871,16.4185512468391,0.588209036767678,0
46.8175853018373,16.5374042585611,0.602748173717591,0
46.8503937007874,16.6562572702831,0.61991729503547,0
46.8832020997375,16.775110282005,0.638435672532263,0
46.9160104986877,16.893963293727,0.656954050029056,0
46.9488188976378,17.012816305449,0.675472427525849,0
46.9816272965879,17.131669317171,0.697738153666718,0
47.0144356955381,17.2505223288929,0.728832444239678,0
47.0472440944882,17.3693753406149,0.759926734812638,0
47.0800524934383,17.4882283523369,0.791021025385597,0
47.1128608923884,17.6140918842528,0.799776694869129,0
47.1456692913386,17.7437497152222,0.806175809740666,0
47.1784776902887,17.8734075461916,0.812574924612202,0
47.2112860892388,18.0030653771609,0.818974039483738,0
47.244094488189,18.1327232081303,0.825373154355274,0
47.2769028871391,18.2623810390997,0.83177226922681,0
47.3097112860892,18.3920388700691,0.838171384098346,0
47.3425196850394,18.5216967010385,0.844570498969882,0
47.3753280839895,18.6513545320078,0.850969613841418,0
47.4081364829396,18.7810123629772,0.857368728712956,0
47.4409448818898,18.9106701939466,0.863767843584492,0
47.4737532808399,19.040328024916,0.876853001855234,0
47.50656167979,19.1699858558854,0.892109933763032,0
47.5393700787402,19.2996436868547,0.907366865670829,0
47.5721784776903,19.4293015178241,0.922623797578627,0
47.6049868766404,19.5589593487935,0.937880729486424,0
47.6377952755905,19.5330621821336,0.953137661394222,0
47.6706036745407,19.4204645920812,0.958986100288627,0
47.7034120734908,19.3078670020288,0.953463754282869,0
47.7362204724409,19.1952694119764,0.947941408277112,0
47.7690288713911,19.082671821924,0.942419062271354,0
47.8018372703412,18.9700742318717,0.936896716265596,0
47.8346456692913,18.8574766418193,0.931374370259838,0
47.8674540682415,18.7448790517669,0.925852024254081,0
47.9002624671916,18.6322814617145,0.920329678248323,0
47.9330708661417,18.5196838716621,0.914807332242564,0
47.9658792650919,18.4070862816097,0.909284986236806,0
47.998687664042,18.2944886915573,0.904126865235151,0
48.0314960629921,18.181891101505,0.899085444256923,0
48.0643044619422,18.0692935114526,0.894044023278695,0
48.0971128608924,17.9566959214002,0.889002602300466,0
48.1299212598425,17.8440983313478,0.883961181322238,0
48.1627296587926,17.7315007412954,0.87891976034401,0
48.1955380577428,17.618903151243,0.873878339365782,0
48.2283464566929,17.5063055611906,0.868836918387553,0
48.261154855643,17.3937079711383,0.863795497409325,0
48.2939632545932,17.2811103810859,0.858754076431096,0
48.3267716535433,17.1685127910335,0.853712655452868,0
48.3595800524934,17.0559152009811,0.846953226444624,0
48.3923884514436,16.9433176109287,0.839890554640758,0
48.4251968503937,16.8307200208763,0.832827882836891,0
48.4580052493438,16.718122430824,0.825765211033024,0
48.490813648294,16.6055248407716,0.818702539229157,0
48.5236220472441,16.4929272507192,0.81163986742529,0
48.5564304461942,16.3710015268276,0.804577195621423,0
48.5892388451444,16.2490208042708,0.797514523817557,0
48.6220472440945,16.1270400817141,0.79045185201369,0
48.6548556430446,16.0050593591574,0.783389180209824,0
48.6876640419947,15.8830786366006,0.776326508405957,0
48.7204724409449,15.7610979140439,0.76926383660209,0
48.753280839895,15.6391171914872,0.76261318791629,0
48.7860892388451,15.5171364689304,0.756394329801699,0
48.8188976377953,15.3951557463737,0.750175471687108,0
48.8517060367454,15.273175023817,0.743956613572516,0
48.8845144356955,15.1511943012603,0.737737755457925,0
48.9173228346457,15.0292135787035,0.731518897343334,0
48.9501312335958,14.9072328561468,0.725300039228742,0
48.9829396325459,14.7852521335901,0.719081181114151,0
49.0157480314961,14.6632714110333,0.71286232299956,0
49.0485564304462,14.5412906884766,0.706643464884967,0
49.0813648293963,14.4193099659199,0.704279441564238,0
49.1141732283465,14.3539310215033,0.702922599793782,0
49.1469816272966,14.3382924673294,0.701565758023325,0
49.1797900262467,14.3226539131555,0.700208916252869,0
49.2125984251968,14.3070153589815,0.698852074482413,0
49.245406824147,14.2913768048076,0.697495232711956,0
49.2782152230971,14.2757382506336,0.6961383909415,0
49.3110236220472,14.2600996964597,0.694781549171043,0
49.3438320209974,14.2444611422857,0.693424707400587,0
49.3766404199475,14.2288225881118,0.692067865630131,0
49.4094488188976,14.2131840339378,0.69207195604059,0
49.4422572178478,14.1975454797639,0.70135878415838,0
49.4750656167979,14.1819069255899,0.71064561227617,0
49.507874015748,14.166268371416,0.719932440393961,0
49.5406824146982,14.150629817242,0.729219268511751,0
49.5734908136483,14.1349912630681,0.738506096629543,0
49.6062992125984,14.1193527088941,0.747792924747333,0
49.6391076115486,14.1037141547202,0.757079752865123,0
49.6719160104987,14.0887360157906,0.766366580982914,0
49.7047244094488,14.082480594121,0.775653409100704,0
49.7375328083989,14.0762251724514,0.784940237218494,0
49.7703412073491,14.0699697507818,0.794227065336285,0
49.8031496062992,14.0637143291122,0.803513893454075,0
49.8359580052493,14.0574589074426,0.812345608889394,0
49.8687664041995,14.0512034857731,0.809968623121149,0
49.9015748031496,14.0449480641035,0.807591637352905,0
49.9343832020997,14.0386926424339,0.805214651584661,0
49.9671916010499,14.0324372207643,0.802837665816417,0
50,14.0261817990947,0.800460680048173,0
50.0328083989501,14.0199263774252,0.798083694279929,0
50.0656167979003,14.0136709557556,0.795706708511684,0
50.0984251968504,14.007415534086,0.79332972274344,0
50.1312335958005,14.0011601124164,0.790952736975196,0
50.1640419947507,13.9949046907468,0.788575751206952,0
50.1968503937008,13.9886492690772,0.786198765438707,0
50.2296587926509,13.9823938474077,0.783821779670464,0
50.262467191601,13.9761384257381,0.781444793902219,0
50.2952755905512,13.9698830040685,0.773155050753468,0
50.3280839895013,13.9636275823989,0.76455525838929,0
50.3608923884514,13.9573721607294,0.755955466025111,0
50.3937007874016,13.9511167390598,0.747355673660931,0
50.4265091863517,13.9448613173902,0.738755881296752,0
50.4593175853018,13.9386058957206,0.730156088932573,0
50.492125984252,13.9323504740511,0.721556296568395,0
50.5249343832021,13.9260950523815,0.712956504204216,0
50.5577427821522,13.9198396307119,0.704356711840038,0
50.5905511811024,13.9135842090423,0.695756919475859,0
50.6233595800525,13.9073287873728,0.685915771033475,0
50.6561679790026,13.9010733657032,0.675703751392668,0
50.6889763779528,13.8948179440336,0.66549173175186,0
50.7217847769029,13.8885625223641,0.655279712111054,0
50.754593175853,13.8823071006945,0.645067692470248,0
50.7874015748031,13.8760516790249,0.640432225386685,0
50.8202099737533,13.8853889877645,0.653115962376443,0
50.8530183727034,13.9854757344777,0.6657996993662,0
50.8858267716535,14.085562481191,0.678483436355958,0
50.9186351706037,14.1856492279042,0.691167173345716,0
50.9514435695538,14.2857359746174,0.703850910335475,0
50.9842519685039,14.3858227213307,0.716534647325233,0
51.0170603674541,14.4859094680439,0.729218384314991,0
51.0498687664042,14.5859962147571,0.731434903420719,0
51.0826771653543,14.6860829614704,0.728750975181791,0
51.1154855643045,14.7861697081836,0.726067046942862,0
51.1482939632546,14.8862564548968,0.723383118703933,0
51.1811023622047,14.9863432016101,0.720699190465004,0
51.2139107611549,15.0864299483233,0.718015262226075,0
51.246719160105,15.1865166950365,0.715331333987146,0
51.2795275590551,15.2866034417498,0.712647405748218,0
51.3123359580052,15.386690188463,0.709963477509289,0
51.3451443569554,15.4867769351762,0.70727954927036,0
51.3779527559055,15.5868636818895,0.704595621031431,0
51.4107611548556,15.6661453352443,0.701911692792502,0
51.4435695538058,15.7358486052768,0.699227764553574,0
51.4763779527559,15.8055518753092,0.696543836314645,0
51.509186351706,15.8752551453417,0.693859908075716,0
51.5419947506562,15.9449584153741,0.691175979836787,0
51.5748031496063,16.0146616854065,0.697998684932801,0
51.6076115485564,16.084364955439,0.705979552846528,0
51.6404199475066,16.1540682254714,0.713960420760255,0
51.6732283464567,16.2237714955039,0.721941288673983,0
51.7060367454068,16.2934747655363,0.72992215658771,0
51.738845144357,16.2799793075523,0.737903024501437,0
51.7716535433071,16.1828362886836,0.745883892415165,0
51.8044619422572,16.0856932698149,0.772870462489377,0
51.8372703412073,15.9885502509462,0.826974528086312,0
51.8700787401575,15.8914072320775,0.881078593683246,0
51.9028871391076,15.7942642132087,0.905106381960825,0
51.9356955380577,15.69712119434,0.899467950603595,0
51.9685039370079,15.5999781754713,0.893829519246365,0
52.001312335958,15.5028351566026,0.888191087889135,0
52.0341207349081,15.4056921377339,0.882552656531904,0
52.0669291338583,15.3085491188652,0.876914225174674,0
52.0997375328084,15.2114060999965,0.871275793817443,0
52.1325459317585,15.1142630811277,0.865637362460213,0
52.1653543307087,15.017120062259,0.859998931102983,0
52.1981627296588,14.9199770433903,0.848106734009089,0
52.2309711286089,14.8228340245216,0.836951592864314,0
52.2637795275591,14.7256910056529,0.827384118841867,0
52.2965879265092,14.6285479867842,0.817816644819419,0
52.3293963254593,14.5314049679155,0.808249170796973,0
52.3622047244094,14.4342619490468,0.798681696774526,0
52.3950131233596,14.337118930178,0.78911422275208,0
52.4278215223097,14.2399759113093,0.779546748729633,0
52.4606299212598,14.1428328924406,0.768771285835468,0
52.49343832021,14.0456898735719,0.735811337828105,0
52.5262467191601,13.9485468547032,0.702851389820741,0
52.5590551181102,13.9824533109094,0.663932816513354,0
52.5918635170604,14.0575183709443,0.589306519138263,0
52.6246719160105,14.1325834309792,0.561402532987848,0
52.6574803149606,14.2076484910141,0.554618324135566,0
52.6902887139108,14.282713551049,0.547834115283285,0
52.7230971128609,14.357778611084,0.541049906431004,0
52.755905511811,14.4328436711189,0.534265697578722,0
52.7887139107611,14.5079087311538,0.52748148872644,0
52.8215223097113,14.5829737911887,0.520697279874159,0
52.8543307086614,14.6580388512236,0.513913071021877,0
52.8871391076115,14.7331039112586,0.517721324228,0
52.9199475065617,14.8081689712934,0.526289528741439,0
52.9527559055118,14.8832340313284,0.534857733254875,0
52.9855643044619,14.9582990913633,0.543425937768314,0
53.0183727034121,15.0333641513982,0.551994142281753,0
53.0511811023622,15.1084292114331,0.560562346795188,0
53.0839895013123,15.183494271468,0.57077974356989,0
53.1167979002625,15.2772703779872,0.590680089536576,0
53.1496062992126,15.4148896547179,0.610580435503269,0
53.1824146981627,15.5525089314486,0.630480781469955,0
53.2152230971129,15.6901282081792,0.650381127436648,0
53.248031496063,15.8277474849099,0.669632569293107,0
53.2808398950131,15.9653667616406,0.688703734177853,0
53.3136482939632,16.1029860383713,0.707774899062598,0
53.3464566929134,16.240605315102,0.773224608165367,0
53.3792650918635,16.3782245918326,0.845363362294671,0
53.4120734908136,16.5158438685633,0.854558162296426,0
53.4448818897638,16.6534631452939,0.859367412571712,0
53.4776902887139,16.7910824220246,0.864176662846996,0
53.510498687664,16.9287016987553,0.868985913122282,0
53.5433070866142,17.066320975486,0.873795163397568,0
53.5761154855643,17.2039402522167,0.878604413672852,0
53.6089238845144,17.3415595289473,0.883413663948138,0
53.6417322834646,17.479178805678,0.888222914223422,0
53.6745406824147,17.6167980824087,0.891949210145839,0
53.7073490813648,17.5396886008985,0.891576078658963,0
53.7401574803149,17.4208355891766,0.891202947172087,0
53.7729658792651,17.3019825774546,0.890829815685212,0
53.8057742782152,17.1831295657327,0.890456684198336,0
53.8385826771653,17.0642765540107,0.890083552711461,0
53.8713910761155,16.9454235422887,0.889710421224585,0
53.9041994750656,16.8265705305668,0.889337289737709,0
53.9370078740157,16.7077175188448,0.888964158250834,0
53.9698162729659,16.5888645071228,0.888591026763958,0
54.002624671916,16.4700114954008,0.888217895277083,0
54.0354330708661,16.3511584836789,0.887844763790207,0
54.0682414698163,16.2323054719569,0.887471632303331,0
54.1010498687664,16.1134524602349,0.887098500816456,0
54.1338582677165,15.994599448513,0.88672536932958,0
54.1666666666667,15.875746436791,0.886352237842705,0
54.1994750656168,15.7568934250691,0.878733621631707,0
54.2322834645669,15.6380404133471,0.867954267566415,0
54.265091863517,15.5684963939746,0.85717491350112,0
54.2979002624672,15.5810072373137,0.846395559435828,0
54.3307086614173,15.5935180806529,0.835616205370533,0
54.3635170603674,15.606028923992,0.824836851305237,0
54.3963254593176,15.6185397673312,0.814057497239945,0
54.4291338582677,15.6310506106703,0.80327814317465,0
54.4619422572178,15.6435614540095,0.792498789109358,0
54.494750656168,15.6560722973486,0.748730368069123,0
54.5275590551181,15.6685831406878,0.715365287517419,0
54.5603674540682,15.6810939840269,0.69270100461091,0
54.5931758530184,15.693604827366,0.670036721704409,0
54.6259842519685,15.7061156707052,0.6473724387979,0
54.6587926509186,15.7186265140443,0.616371667882213,0
54.6916010498688,15.7311373573835,0.550536228266797,0
54.7244094488189,15.7436482007226,0.534864705818024,0
54.757217847769,15.7561590440618,0.519193183369256,0
54.7900262467192,15.7686698874009,0.503521660920482,0
54.8228346456693,15.7811807307401,0.487850138471714,0
54.8556430446194,15.9936896028225,0.480887855357805,0
54.8884514435696,16.2251402045969,0.491148971246877,0
54.9212598425197,16.4565908063713,0.501410087135953,0
54.9540682414698,16.6880414081455,0.511671203025029,0
54.9868766404199,16.9194920099199,0.521932318914101,0
55.0196850393701,17.1509426116942,0.532193434803177,0
55.0524934383202,17.3823932134686,0.540438953035506,0
55.0853018372703,17.6138438152428,0.546813282602964,0
55.1181102362205,17.8452944170172,0.55318761217042,0
55.1509186351706,18.0767450187915,0.559561941737877,0
55.1837270341207,18.3081956205659,0.565936271305335,0
55.2165354330709,18.5396462223402,0.572310600872791,0
55.249343832021,18.7710968241145,0.578684930440248,0
55.2821522309711,19.0025474258889,0.585059260007704,0
55.3149606299213,19.2339980276632,0.591433589575162,0
55.3477690288714,19.4654486294375,0.597807919142617,0
55.3805774278215,19.6968992312118,0.604182248710075,0
55.4133858267717,19.8817375002793,0.610556578277531,0
55.4461942257218,20.0099736445055,0.63438634520425,0
55.4790026246719,20.1382097887319,0.660505549285551,0
55.511811023622,20.2664459329582,0.686624753366843,0
55.5446194225722,20.3946820771845,0.712743957448144,0
55.5774278215223,20.5229182214108,0.739511292274371,0
55.6102362204724,20.6511543656371,0.766874267978574,0
55.6430446194226,20.7793905098634,0.794237243682767,0
55.6758530183727,20.9076266540896,0.821600219386969,0
55.7086614173228,21.035862798316,0.850569630533064,0
55.741469816273,21.1640989425423,0.888090074491094,0
55.7742782152231,21.2923350867686,0.925610518449125,0
55.8070866141732,21.4205712309949,0.960224042271789,0
55.8398950131234,21.5488073752212,0.986094492028494,0
55.8727034120735,21.6770435194475,1.01196494178519,0
55.9055118110236,21.8052796636738,1.0378353915419,0
55.9383202099738,21.9335158079001,1.06370584129859,0
55.9711286089239,22.0617519521264,1.08375064611323,0
56.003937007874,22.075451414372,1.09512227237991,0
56.0367454068241,22.0879622577112,1.10649389864659,0
56.0695538057743,22.1004731010503,1.11786552491328,0
56.1023622047244,22.1129839443895,1.12923715117996,0
56.1351706036745,22.1254947877286,1.14060877744664,0
56.1679790026247,22.1380056310678,1.15198040371332,0
56.2007874015748,22.150516474407,1.16261382996043,0
56.2335958005249,22.1630273177461,1.17278511789896,0
56.2664041994751,22.1755381610853,1.18295640583749,0
56.2992125984252,22.1880490044244,1.19312769377603,0
56.3320209973753,22.2005598477636,1.20329898171456,0
56.3648293963255,22.2130706911027,1.21347026965309,0
56.3976377952756,22.2255815344419,1.22364155759163,0
56.4304461942257,22.238092377781,1.23381284553016,0
56.4632545931758,22.2506032211202,1.24398413346869,0
56.496062992126,22.2631140644594,1.23852629947733,0
56.5288713910761,22.2756249077985,1.23111894847862,0
56.5616797900262,22.1940306758192,1.22371159747991,0
56.5944881889764,22.0282620015754,1.21630424648119,0
56.6272965879265,21.8624933273316,1.20889689548248,0
56.6601049868766,21.6967246530878,1.20148954448377,0
56.6929133858268,21.530955978844,1.19408219348506,0
56.7257217847769,21.3651873046002,1.18667484248635,0
56.758530183727,21.1994186303564,1.17977033040985,0
56.7913385826772,21.0336499561126,1.17544407230821,0
56.8241469816273,20.8678812818688,1.17111781420657,0
56.8569553805774,20.702112607625,1.16679155610493,0
56.8897637795276,20.5363439333812,1.16246529800329,0
56.9225721784777,20.3705752591374,1.15813903990165,0
56.9553805774278,20.2048065848936,1.15381278180001,0
56.9881889763779,20.0390379106498,1.14948652369837,0
57.0209973753281,19.873269236406,1.14516026559673,0
57.0538057742782,19.7075005621622,1.14083400749509,0
57.0866141732283,19.5417318879183,1.12683740010402,0
57.1194225721785,19.3798837965636,1.101837470643,0
57.1522309711286,19.2735416281808,1.07683754118199,0
57.1850393700787,19.167199459798,1.05183761172096,0
57.2178477690289,19.0608572914152,1.04583943406408,0
57.250656167979,18.9545151230325,1.07402536279158,0
57.2834645669291,18.8481729546497,1.10221129151908,0
57.3162729658793,18.7418307862669,1.13039722024658,0
57.3490813648294,18.6354886178841,1.14207935681478,0
57.3818897637795,18.5291464495013,1.14706656773804,0
57.4146981627296,18.4228042811185,1.15205377866129,0
57.4475065616798,18.3164621127357,1.15704098958455,0
57.4803149606299,18.210119944353,1.1620282005078,0
57.51312335958,18.1037777759702,1.16701541143106,0
57.5459317585302,17.9974356075874,1.17200262235431,0
57.5787401574803,17.8910934392046,1.17698983327757,0
57.6115485564304,17.7847512708219,1.17595176231161,0
57.6443569553806,17.6784091024391,1.17217845444531,0
57.6771653543307,17.5720669340563,1.168405146579,0
57.7099737532808,17.450609265379,1.16463183871269,0
57.742782152231,17.3192454103179,1.16085853084639,0
57.7755905511811,17.1878815552568,1.15708522298008,0
57.8083989501312,17.0565177001957,1.15255167777582,0
57.8412073490814,16.9251538451346,1.14425986695636,0
57.8740157480315,16.7937899900735,1.13596805613691,0
57.9068241469816,16.6624261350124,1.12767624531745,0
57.9396325459318,16.5310622799513,1.119384434498,0
57.9724409448819,16.3996984248902,1.11109262367855,0
58.005249343832,16.2683345698291,1.10280081285909,0
58.0380577427822,16.136970714768,1.09450900203964,0
58.0708661417323,16.0056068597069,1.08621719122018,0
58.1036745406824,15.8742430046458,1.07254577169409,0
58.1364829396325,15.7428791495847,1.05209263833942,0
58.1692913385827,15.6115152945236,1.03163950498475,0
58.2020997375328,15.4801514394625,1.01118637163009,0
58.2349081364829,15.3487875844014,0.987748404272932,0
58.2677165354331,15.2263200847601,0.929705728536759,0
58.3005249343832,15.1575104463947,0.904301949576316,0
58.3333333333333,15.0887008080294,0.898473991114643,0
58.3661417322835,15.0198911696641,0.892646032652967,0
58.3989501312336,14.9510815312987,0.886818074191294,0
58.4317585301837,14.8822718929334,0.880990115729618,0
58.4645669291339,14.813462254568,0.875162157267943,0
58.497375328084,14.7446526162027,0.869334198806269,0
58.5301837270341,14.6758429778373,0.863506240344594,0
58.5629921259843,14.607033339472,0.85767828188292,0
58.5958005249344,14.5382237011067,0.851850323421245,0
58.6286089238845,14.4694140627413,0.84802488081264,0
58.6614173228346,14.400604424376,0.846698191081527,0
58.6942257217848,14.3317947860106,0.845371501350415,0
58.7270341207349,14.2629851476453,0.844044811619302,0
58.759842519685,14.1941755092799,0.842718121888189,0
58.7926509186352,14.1253658709146,0.841391432157076,0
58.8254593175853,14.0565562325493,0.840064742425963,0
58.8582677165354,14.0345605886629,0.838738052694851,0
58.8910761154856,14.0345605886629,0.837411362963738,0
58.9238845144357,14.0345605886629,0.836084673232625,0
58.9566929133858,14.0345605886629,0.834757983501512,0
58.989501312336,14.0345605886629,0.833431293770399,0
59.0223097112861,14.0345605886629,0.832104604039287,0
59.0551181102362,14.0345605886629,0.83011662855837,0
59.0879265091864,14.0345605886629,0.826932573203699,0
59.1207349081365,14.0345605886629,0.823748517849028,0
59.1535433070866,14.0345605886629,0.820564462494357,0
59.1863517060367,14.0345605886629,0.817380407139686,0
59.2191601049869,14.0345605886629,0.814196351785016,0
59.251968503937,14.0345605886629,0.811012296430344,0
59.2847769028871,14.0345605886629,0.807828241075672,0
59.3175853018373,14.0345605886629,0.804644185721002,0
59.3503937007874,14.0345605886629,0.801460130366331,0
59.3832020997375,14.0123242397295,0.79827607501166,0
59.4160104986877,13.9793139868279,0.795092019656989,0
59.4488188976378,13.9463037339262,0.791907964302318,0
59.4816272965879,13.9132934810246,0.788723908947647,0
59.5144356955381,13.8802832281229,0.785539853592976,0
59.5472440944882,13.8472729752212,0.77958557575679,0
59.5800524934383,13.8142627223196,0.772993586155322,0
59.6128608923885,13.7812524694179,0.766401596553856,0
59.6456692913386,13.7482422165163,0.759809606952388,0
59.6784776902887,13.7152319636146,0.753217617350922,0
59.7112860892388,13.682221710713,0.746625627749454,0
59.744094488189,13.6492114578113,0.740033638147988,0
59.7769028871391,13.6162012049096,0.73344164854652,0
59.8097112860892,13.583190952008,0.726849658945052,0
59.8425196850394,13.5501806991063,0.720257669343586,0
59.8753280839895,13.5069554277335,0.713665679742118,0
59.9081364829396,13.4396623813076,0.707073690140652,0
59.9409448818898,13.3723693348817,0.700481700539184,0
59.9737532808399,13.3050762884558,0.693889710937718,0
60.00656167979,13.2377832420299,0.68750738590105,0
60.0393700787402,13.170490195604,0.681692753563908,0
60.0721784776903,13.1031971491781,0.675878121226764,0
60.1049868766404,13.0359041027521,0.670063488889619,0
60.1377952755905,12.9686110563262,0.664248856552477,0
60.1706036745407,12.9013180099003,0.658434224215332,0
60.2034120734908,12.8340249634744,0.65261959187819,0
60.2362204724409,12.7667319170485,0.646804959541046,0
60.2690288713911,12.6994388706226,0.640990327203903,0
60.3018372703412,12.6321458241967,0.635175694866759,0
60.3346456692913,12.5648527777708,0.629361062529617,0
60.3674540682415,12.5154213184475,0.623546430192472,0
60.4002624671916,12.6029972218216,0.624295606865987,0
60.4330708661417,12.6905731251957,0.62881464376259,0
60.4658792650919,12.7781490285697,0.633333680659194,0
60.498687664042,12.8657249319438,0.637852717555797,0
60.5314960629921,12.9533008353179,0.642371754452401,0
60.5643044619423,13.040876738692,0.646890791349004,0
60.5971128608924,13.128452642066,0.651409828245608,0
60.6299212598425,13.2160285454401,0.655928865142212,0
60.6627296587926,13.3036044488142,0.660447902038815,0
60.6955380577428,13.3911803521883,0.66496693893542,0
60.7283464566929,13.4787562555624,0.669485975832022,0
60.761154855643,13.5663321589364,0.674006924659476,0
60.7939632545932,13.6539080623105,0.681428095342885,0
60.8267716535433,13.7414839656846,0.688849266026298,0
60.8595800524934,13.8290598690587,0.696270436709707,0
60.8923884514436,13.9166357724327,0.703691607393119,0
60.9251968503937,14.0042116758068,0.711112778076532,0
60.9580052493438,14.0079909144939,0.718533948759941,0
60.990813648294,13.9673306736416,0.725955119443353,0
61.0236220472441,13.9266704327894,0.733376290126763,0
61.0564304461942,13.8860101919371,0.740797460810175,0
61.0892388451444,13.8453499510849,0.748218631493585,0
61.1220472440945,13.8046897102327,0.755639802176997,0
61.1548556430446,13.7640294693804,0.754970330309631,0
61.1876640419948,13.7233692285282,0.740293825159193,0
61.2204724409449,13.6827089876759,0.725617320008754,0
61.253280839895,13.6420487468237,0.71094081485832,0
61.2860892388451,13.6013885059714,0.696264309707882,0
61.3188976377953,13.5607282651192,0.681587804557448,0
61.3517060367454,13.520068024267,0.666911299407009,0
61.3845144356955,13.4794077834147,0.652234794256576,0
61.4173228346457,13.4387475425625,0.637558289106137,0
61.4501312335958,13.3980873017102,0.622881783955698,0
61.4829396325459,13.357427060858,0.608205278805265,0
61.5157480314961,13.3281516451637,0.593528773654826,0
61.5485564304462,13.3469179101724,0.588861686792526,0
61.5813648293963,13.3656841751812,0.587866669494192,0
61.6141732283465,13.3844504401899,0.586871652195857,0
61.6469816272966,13.4032167051986,0.585876634897523,0
61.6797900262467,13.4219829702073,0.584881617599188,0
61.7125984251968,13.440749235216,0.583886600300854,0
61.745406824147,13.4595155002248,0.582891583002519,0
61.7782152230971,13.4782817652335,0.581896565704184,0
61.8110236220472,13.4970480302422,0.58090154840585,0
61.8438320209974,13.5158142952509,0.579906531107515,0
61.8766404199475,13.5345805602597,0.578911513809181,0
61.9094488188976,13.5533468252684,0.577916496510846,0
61.9422572178478,13.5721130902771,0.576921479212512,0
61.9750656167979,13.5908793552858,0.575926461914177,0
62.007874015748,13.6096456202945,0.576264808202924,0
62.0406824146982,13.6284118853033,0.582345469470527,0
62.0734908136483,13.647178150312,0.588426130738128,0
62.1062992125984,13.7230017251477,0.594506792005731,0
62.1391076115486,13.8199607610262,0.600587453273332,0
62.1719160104987,13.9169197969046,0.606668114540935,0
62.2047244094488,14.013878832783,0.612748775808536,0
62.2375328083989,14.1108378686615,0.618829437076139,0
62.2703412073491,14.2077969045399,0.624910098343742,0
62.3031496062992,14.3047559404184,0.630990759611343,0
62.3359580052493,14.4017149762968,0.637071420878946,0
62.3687664041995,14.4986740121752,0.643152082146547,0
62.4015748031496,14.5956330480537,0.64923274341415,0
62.4343832020997,14.6925920839321,0.65527407806332,0
62.4671916010499,14.7895511198105,0.660959891196661,0
62.5,14.886510155689,0.66664570433,0
62.5328083989501,14.9834691915674,0.67233151746334,0
62.5656167979003,15.0804282274459,0.678017330596681,0
62.5984251968504,15.1773872633243,0.68370314373002,0
62.6312335958005,15.2743462992027,0.689388956863361,0
62.6640419947507,15.3528765372815,0.695074769996699,0
62.6968503937008,15.3810259347946,0.70076058313004,0
62.7296587926509,15.4091753323077,0.706446396263379,0
62.762467191601,15.4373247298208,0.71213220939672,0
62.7952755905512,15.4654741273339,0.712819258828897,0
62.8280839895013,15.493623524847,0.71306801315348,0
62.8608923884514,15.52177292236,0.713316767478064,0
62.8937007874016,15.5499223198731,0.713565521802648,0
62.9265091863517,15.5780717173862,0.713814276127231,0
62.9593175853018,15.6062211148993,0.714063030451815,0
62.992125984252,15.6343705124124,0.714311784776399,0
63.0249343832021,15.6625199099255,0.714560539100983,0
63.0577427821522,15.6906693074386,0.714809293425566,0
63.0905511811024,15.7188187049517,0.71505804775015,0
63.1233595800525,15.7469681024647,0.715306802074734,0
63.1561679790026,15.7751174999778,0.717307866496472,0
63.1889763779528,15.8032668974909,0.723708107972738,0
63.2217847769029,15.831416295004,0.730108349449006,0
63.254593175853,15.901698457154,0.736508590925272,0
63.2874015748031,15.9821253071914,0.74290883240154,0
63.3202099737533,16.0625521572289,0.749309073877806,0
63.3530183727034,16.1429790072663,0.755709315354074,0
63.3858267716535,16.2234058573037,0.762109556830343,0
63.4186351706037,16.3038327073412,0.768509798306608,0
63.4514435695538,16.3842595573786,0.774910039782877,0
63.4842519685039,16.464686407416,0.781310281259143,0
63.5170603674541,16.5451132574534,0.787710522735411,0
63.5498687664042,16.6255401074909,0.794110764211677,0
63.5826771653543,16.6551028770083,0.800511005687945,0
63.6154855643045,16.6534710278771,0.806399394757536,0
63.6482939632546,16.6518391787459,0.811217041803272,0
63.6811023622047,16.6502073296147,0.816034688849008,0
63.7139107611549,16.6485754804835,0.820852335894742,0
63.746719160105,16.6469436313523,0.825669982940478,0
63.7795275590551,16.6453117822211,0.830487629986212,0
63.8123359580052,16.6436799330899,0.835305277031948,0
63.8451443569554,16.6420480839587,0.840122924077682,0
63.8779527559055,16.6404162348275,0.844940571123417,0
63.9107611548556,16.6387843856963,0.849758218169153,0
63.9435695538058,16.6371525365651,0.854575865214887,0
63.9763779527559,16.6355206874339,0.859393512260623,0
64.009186351706,16.6338888383027,0.834207248661779,0
64.0419947506562,16.6322569891715,0.803063207223919,0
64.0748031496063,16.6306251400403,0.771919165786069,0
64.1076115485564,16.6289932909091,0.746401084295873,0
64.1404199475066,16.6273614417779,0.743593714061286,0
64.1732283464567,16.6257295926467,0.740786343826699,0
64.2060367454068,16.6240977435155,0.737978973592111,0
64.238845144357,16.6224658943843,0.735171603357524,0
64.2716535433071,16.6208340452531,0.732364233122936,0
64.3044619422572,16.6192021961219,0.729556862888349,0
64.3372703412073,16.6175703469907,0.726749492653761,0
64.3700787401575,16.6159384978595,0.723942122419174,0
64.4028871391076,16.6143066487283,0.721134752184586,0
64.4356955380577,16.6126747995971,0.718331330016471,0
64.4685039370079,16.6110429504659,0.71573937137513,0
64.501312335958,16.6094111013347,0.713147412733788,0
64.5341207349081,16.6077792522035,0.710555454092448,0
64.5669291338583,16.6061474030723,0.707963495451107,0
64.5997375328084,16.6045155539411,0.705371536809766,0
64.6325459317585,16.6028837048099,0.702779578168425,0
64.6653543307087,16.5944026291661,0.700187619527085,0
64.6981627296588,16.5474869666443,0.697595660885744,0
64.7309711286089,16.5005713041225,0.695003702244402,0
64.7637795275591,16.4536556416007,0.692411743603062,0
64.7965879265092,16.4067399790789,0.689819784961721,0
64.8293963254593,16.359824316557,0.68722782632038,0
64.8622047244094,16.3129086540352,0.684635867679039,0
64.8950131233596,16.2659929915134,0.676745986755016,0
64.9278215223097,16.2190773289916,0.668454175935559,0
64.9606299212598,16.1721616664698,0.660162365116105,0
64.99343832021,16.1252460039479,0.651870554296649,0
65.0262467191601,16.0783303414261,0.643578743477192,0
65.0590551181102,16.0314146789043,0.635286932657738,0
65.0918635170604,15.9844990163825,0.626995121838282,0
65.1246719160105,15.9375833538606,0.618703311018828,0
65.1574803149606,15.8906676913388,0.610411500199371,0
65.1902887139108,15.843752028817,0.604284901114289,0
65.2230971128609,15.7968363662952,0.60524438208054,0
65.255905511811,15.790887758366,0.606203863046791,0
65.2887139107612,15.8033986017052,0.607163344013043,0
65.3215223097113,15.8159094450443,0.608122824979294,0
65.3543307086614,15.8284202883835,0.609082305945545,0
65.3871391076115,15.8409311317226,0.610041786911797,0
65.4199475065617,15.8534419750618,0.611001267878048,0
65.4527559055118,15.865952818401,0.611960748844299,0
65.4855643044619,15.8784636617401,0.61292022981055,0
65.5183727034121,15.8909745050793,0.613879710776802,0
65.5511811023622,15.9034853484184,0.614839191743053,0
65.5839895013123,15.9159961917576,0.615798672709305,0
65.6167979002625,15.9285070350967,0.616758153675556,0
65.6496062992126,15.9410178784359,0.619121092990778,0
65.6824146981627,15.953528721775,0.622205646615616,0
65.7152230971129,15.9660395651142,0.625290200240453,0
65.748031496063,15.9785504084534,0.62837475386529,0
65.7808398950131,15.9910612517925,0.631459307490127,0
65.8136482939632,16.0335787956821,0.634543861114965,0
65.8464566929134,16.1779896730826,0.637628414739803,0
65.8792650918635,16.3224005504831,0.64071296836464,0
65.9120734908136,16.4668114278836,0.643797521989478,0
65.9448818897638,16.6112223052841,0.646882075614314,0
65.9776902887139,16.7556331826845,0.649966629239152,0
66.010498687664,16.9000440600851,0.653051182863989,0
66.0433070866142,17.0444549374855,0.656135736488827,0
66.0761154855643,17.188865814886,0.659220290113664,0
66.1089238845144,17.3332766922865,0.6627307412482,0
66.1417322834646,17.477687569687,0.669447108011961,0
66.1745406824147,17.6220984470875,0.676163474775719,0
66.2073490813648,17.766509324488,0.682879841539479,0
66.240157480315,17.9109202018885,0.689596208303237,0
66.2729658792651,18.0553310792889,0.696312575066997,0
66.3057742782152,18.1997419566895,0.703028941830755,0
66.3385826771653,18.3441528340899,0.709745308594516,0
66.3713910761155,18.4885637114904,0.716461675358276,0
66.4041994750656,18.6329745888909,0.723178042122034,0
66.4370078740157,18.8671503609055,0.729894408885794,0
66.4698162729659,19.1121354204741,0.736610775649552,0
66.502624671916,19.3571204800427,0.739184250135992,0
66.5354330708661,19.6021055396113,0.737318592701614,0
66.5682414698163,19.8470905991799,0.735452935267236,0
66.6010498687664,20.0920756587485,0.733587277832859,0
66.6338582677165,20.1983392327899,0.731721620398481,0
66.6666666666667,20.1601242931358,0.729855962964103,0
66.6994750656168,20.1219093534816,0.727990305529725,0
66.7322834645669,20.0836944138275,0.726124648095347,0
66.7650918635171,20.0454794741734,0.72425899066097,0
66.7979002624672,20.0072645345192,0.722393333226592,0
66.8307086614173,19.9690495948651,0.720527675792214,0
66.8635170603674,19.930834655211,0.718662018357836,0
66.8963254593176,19.8926197155568,0.719729213746059,0
66.9291338582677,19.8544047759027,0.721321241423395,0
66.9619422572178,19.8161898362485,0.722913269100731,0
66.994750656168,19.7779748965944,0.724505296778066,0
67.0275590551181,19.7397599569403,0.726097324455402,0
67.0603674540682,19.7015450172861,0.727689352132737,0
67.0931758530184,19.663330077632,0.729281379810073,0
67.1259842519685,19.6251151379779,0.730873407487408,0
67.1587926509186,19.5305657805456,0.732465435164744,0
67.1916010498688,19.3757440942235,0.734057462842079,0
67.2244094488189,19.2209224079015,0.735649490519415,0
67.257217847769,19.0661007215795,0.73724151819675,0
67.2900262467192,18.9112790352575,0.738833545874086,0
67.3228346456693,18.7564573489355,0.740425573551421,0
67.3556430446194,18.6016356626135,0.740671938330717,0
67.3884514435696,18.4468139762916,0.737852722652101,0
67.4212598425197,18.2919922899695,0.735033506973487,0
67.4540682414698,18.1371706036476,0.732214291294871,0
67.4868766404199,17.9823489173255,0.729395075616256,0
67.5196850393701,17.8275272310035,0.726575859937641,0
67.5524934383202,17.6818724196526,0.723756644259026,0
67.5853018372703,17.5379395326263,0.720937428580411,0
67.6181102362205,17.3940066456001,0.718118212901796,0
67.6509186351706,17.2500737585739,0.715298997223181,0
67.6837270341207,17.1061408715477,0.712479781544566,0
67.7165354330709,16.9622079845214,0.709660565865951,0
67.749343832021,16.8182750974952,0.706841350187336,0
67.7821522309711,16.674342210469,0.704022134508721,0
67.8149606299213,16.5304093234427,0.701202918830106,0
67.8477690288714,16.3864764364165,0.694024646300757,0
67.8805774278215,16.2425435493902,0.685484081156719,0
67.9133858267716,16.098610662364,0.676943516012678,0
67.9461942257218,15.9546777753378,0.66840295086864,0
67.9790026246719,15.8107448883116,0.659862385724599,0
68.011811023622,15.6668120012853,0.651321820580558,0
68.0446194225722,15.5228791142591,0.64278125543652,0
68.0774278215223,15.3789462272329,0.634240690292479,0
68.1102362204724,15.2350133402066,0.625700125148441,0
68.1430446194226,15.1397039154675,0.6171595600044,0
68.1758530183727,15.0641919859879,0.608618994860363,0
68.2086614173228,14.9886800565084,0.600683040442398,0
68.241469816273,14.9131681270287,0.596889536992497,0
68.2742782152231,14.8376561975492,0.593096033542596,0
68.3070866141732,14.7621442680696,0.589302530092694,0
68.3398950131234,14.6866323385899,0.585509026642794,0
68.3727034120735,14.6111204091104,0.581715523192893,0
68.4055118110236,14.5356084796307,0.577922019742992,0
68.4383202099737,14.4600965501512,0.574128516293091,0
68.4711286089239,14.3845846206716,0.570335012843191,0
68.503937007874,14.309072691192,0.566541509393289,0
68.5367454068241,14.2335607617124,0.562748005943389,0
68.5695538057743,14.1580488322328,0.558954502493487,0
68.6023622047244,14.0825369027532,0.557214472495286,0
68.6351706036745,14.0070249732736,0.557587603982162,0
68.6679790026247,13.931513043794,0.557960735469037,0
68.7007874015748,13.9770175249431,0.558333866955912,0
68.7335958005249,14.0333163199693,0.558706998442787,0
68.7664041994751,14.0896151149955,0.559080129929663,0
68.7992125984252,14.1459139100217,0.559453261416538,0
68.8320209973753,14.2022127050479,0.559826392903413,0
68.8648293963255,14.2585115000741,0.560199524390289,0
68.8976377952756,14.3148102951003,0.560572655877164,0
68.9304461942257,14.3711090901265,0.560945787364039,0
68.9632545931758,14.4274078851527,0.561318918850914,0
68.996062992126,14.4837066801789,0.56169205033779,0
69.0288713910761,14.5400054752051,0.562065181824665,0
69.0616797900262,14.5963042702313,0.56243831331154,0
69.0944881889764,14.6526030652575,0.568625484957445,0
69.1272965879265,14.7089018602837,0.57512073676602,0
69.1601049868766,14.7652006553099,0.581615988574592,0
69.1929133858268,14.8214994503361,0.588111240383167,0
69.2257217847769,14.8777982453623,0.59460649219174,0
69.258530183727,15.0015055864972,0.601101744000315,0
69.2913385826772,15.2055556792682,0.607596995808887,0
69.3241469816273,15.4096057720391,0.614092247617462,0
69.3569553805774,15.6136558648101,0.620587499426035,0
69.3897637795276,15.8177059575811,0.62708275123461,0
69.4225721784777,16.021756050352,0.633578003043184,0
69.4553805774278,16.225806143123,0.640073254851757,0
69.4881889763779,16.4298562358939,0.646568506660332,0
69.5209973753281,16.6339063286649,0.666387782514071,0
69.5538057742782,16.8379564214358,0.688361081185625,0
69.5866141732283,17.0420065142068,0.710334379857172,0
69.6194225721785,17.2460566069777,0.732307678528727,0
69.6522309711286,17.4501066997487,0.749997788903278,0
69.6850393700787,17.6541567925196,0.763368333849652,0
69.7178477690289,17.8582068852906,0.77673887879603,0
69.750656167979,17.8888843131143,0.790109423742404,0
69.7834645669291,17.8441165965874,0.803479968688783,0
69.8162729658793,17.7993488800606,0.816850513635157,0
69.8490813648294,17.7545811635337,0.81468708501774,0
69.8818897637795,17.7098134470068,0.805234420683564,0
69.9146981627296,17.66504573048,0.795781756349385,0
69.9475065616798,17.6202780139531,0.786329092015207,0
69.9803149606299,17.5755102974263,0.776876427681031,0
70.01312335958,17.5307425808994,0.767423763346852,0
70.0459317585302,17.4859748643726,0.757971099012677,0
70.0787401574803,17.4412071478457,0.748518434678498,0
70.1115485564304,17.3964394313189,0.739065770344323,0
70.1443569553806,17.351671714792,0.742152693781357,0
70.1771653543307,17.3069039982652,0.745834257785194,0
70.2099737532808,17.2621362817383,0.749515821789033,0
70.242782152231,17.2173685652115,0.753197385792872,0
70.2755905511811,17.1726008486846,0.756878949796709,0
70.3083989501312,17.1421160700779,0.760560513800548,0
70.3412073490814,17.1296052267387,0.764242077804386,0
70.3740157480315,17.1170943833995,0.767923641808225,0
70.4068241469816,17.1045835400604,0.771605205812063,0
70.4396325459317,17.0920726967212,0.775286769815901,0
70.4724409448819,17.0795618533821,0.77896833381974,0
70.505249343832,17.0670510100429,0.782649897823578,0
70.5380577427821,17.0545401667038,0.786331461827417,0
70.5708661417323,17.0420293233646,0.790013025831255,0
70.6036745406824,17.0295184800254,0.792220334642423,0
70.6364829396325,17.0170076366863,0.792319836372256,0
70.6692913385827,17.0044967933471,0.79241933810209,0
70.7020997375328,16.991985950008,0.792518839831923,0
70.7349081364829,16.9794751066688,0.792618341561757,0
70.7677165354331,16.9669642633297,0.79271784329159,0
70.8005249343832,16.9544534199905,0.792817345021424,0
70.8333333333333,16.9419425766514,0.792916846751257,0
70.8661417322835,16.9294317333122,0.793016348481091,0
70.8989501312336,16.9690769257685,0.793115850210924,0
70.9317585301837,17.0097371666207,0.793215351940758,0
70.9645669291339,17.050397407473,0.793314853670591,0
70.997375328084,17.0910576483252,0.793414355400424,0
71.0301837270341,17.1317178891775,0.793513857130258,0
71.0629921259843,17.1723781300297,0.793613358860091,0
71.0958005249344,17.213038370882,0.797255585270504,0
71.1286089238845,17.2536986117342,0.80143465792351,0
71.1614173228346,17.2943588525865,0.805613730576515,0
71.1942257217848,17.3350190934388,0.809792803229522,0
71.2270341207349,17.375679334291,0.813971875882527,0
71.259842519685,17.4163395751433,0.818150948535533,0
71.2926509186352,17.4569998159955,0.822330021188539,0
71.3254593175853,17.4976600568478,0.826509093841544,0
71.3582677165354,17.5383202977,0.830688166494551,0
71.3910761154856,17.5789805385523,0.834867239147556,0
71.4238845144357,17.6196407794045,0.839046311800562,0
71.4566929133858,17.5719004728441,0.843225384453567,0
71.4895013123359,17.4422426418747,0.847404457106574,0
71.5223097112861,17.3125848109053,0.851583529759578,0
71.5551181102362,17.182926979936,0.853254502841279,0
71.5879265091863,17.0532691489666,0.84972219143219,0
71.6207349081365,16.9236113179972,0.846189880023103,0
71.6535433070866,16.7939534870278,0.842657568614014,0
71.6863517060367,16.6642956560584,0.839125257204927,0
71.7191601049869,16.5346378250891,0.835592945795838,0
71.751968503937,16.4049799941197,0.832060634386751,0
71.7847769028871,16.2753221631503,0.828528322977662,0
71.8175853018373,16.1456643321809,0.824996011568575,0
71.8503937007874,16.0160065012115,0.821463700159486,0
71.8832020997375,15.8863486702422,0.817931388750398,0
71.9160104986877,15.7566908392728,0.81439907734131,0
71.9488188976378,15.6270330083034,0.810866765932222,0
71.9816272965879,15.5593629937357,0.807334454523134,0
72.0144356955381,15.5507016406548,0.803802143114046,0
72.0472440944882,15.5420402875738,0.798974701853662,0
72.0800524934383,15.5333789344929,0.793786397369489,0
72.1128608923884,15.5247175814119,0.788598092885316,0
72.1456692913386,15.516056228331,0.783409788401144,0
72.1784776902887,15.50739487525,0.778221483916971,0
72.2112860892388,15.4987335221691,0.7730331794328,0
72.244094488189,15.4900721690881,0.767844874948626,0
72.2769028871391,15.4814108160072,0.762656570464455,0
72.3097112860892,15.4727494629262,0.757468265980282,0
72.3425196850394,15.4640881098453,0.75227996149611,0
72.3753280839895,15.4554267567643,0.753123190469084,0
72.4081364829396,15.4467654036834,0.757956131632424,0
72.4409448818898,15.4381040506025,0.762789072795764,0
72.4737532808399,15.4294426975215,0.767622013959104,0
72.50656167979,15.4207813444406,0.772454955122444,0
72.5393700787401,15.4121199913596,0.777287896285785,0
72.5721784776903,15.4034586382787,0.782120837449124,0
72.6049868766404,15.4576706505248,0.786953778612465,0
72.6377952755905,15.5546296864032,0.791786719775804,0
72.6706036745407,15.6515887222816,0.796619660939144,0
72.7034120734908,15.74854775816,0.802299217705171,0
72.7362204724409,15.8455067940385,0.80913996163122,0
72.7690288713911,15.9424658299169,0.815980705557273,0
72.8018372703412,16.0394248657953,0.822821449483322,0
72.8346456692913,16.1363839016737,0.829662193409374,0
72.8674540682415,16.2333429375521,0.836502937335424,0
72.9002624671916,16.3303019734305,0.843343681261476,0
72.9330708661417,16.4272610093089,0.850184425187528,0
72.9658792650919,16.5242200451873,0.857025169113578,0
72.998687664042,16.6211790810657,0.86386591303963,0
73.0314960629921,16.7181381169442,0.87070665696568,0
73.0643044619422,16.8150971528226,0.877547400891732,0
73.0971128608924,16.912056188701,0.875938811058441,0
73.1299212598425,17.0090152245794,0.872045265108435,0
73.1627296587926,17.1055570265807,0.86815171915843,0
73.1955380577428,17.1993883516243,0.864258173208425,0
73.2283464566929,17.293219676668,0.860364627258418,0
73.261154855643,17.3870510017116,0.856471081308414,0
73.2939632545932,17.4808823267553,0.852577535358408,0
73.3267716535433,17.5747136517989,0.848683989408403,0
73.3595800524934,17.6685449768425,0.844790443458397,0
73.3923884514436,17.7623763018862,0.840896897508393,0
73.4251968503937,17.8562076269298,0.837003351558387,0
73.4580052493438,17.9500389519735,0.835591469957096,0
73.490813648294,18.0438702770171,0.835591469957096,0
73.5236220472441,18.1377016020608,0.835591469957096,0
73.5564304461942,18.2315329271044,0.835591469957096,0
73.5892388451444,18.3253642521481,0.835591469957096,0
73.6220472440945,18.4191955771917,0.835591469957096,0
73.6548556430446,18.5130269022353,0.835591469957096,0
73.6876640419948,18.606858227279,0.835591469957096,0
73.7204724409449,18.7006895523226,0.835591469957096,0
73.753280839895,18.8176244517733,0.835591469957096,0
73.7860892388451,18.9458605959996,0.835591469957096,0
73.8188976377953,19.074096740226,0.835591469957096,0
73.8517060367454,19.2023328844523,0.835591469957096,0
73.8845144356955,19.3305690286786,0.835591469957096,0
73.9173228346457,19.458805172905,0.838345384174575,0
73.9501312335958,19.5870413171313,0.843101785545735,0
73.9829396325459,19.7152774613577,0.847858186916894,0
74.015748031496,19.843513605584,0.852614588288054,0
74.0485564304462,19.9717497498104,0.857370989659215,0
74.0813648293963,20.0999858940367,0.862127391030373,0
74.1141732283464,20.2282220382631,0.866883792401534,0
74.1469816272966,20.3564581824894,0.871640193772692,0
74.1797900262467,20.4846943267158,0.876396595143853,0
74.2125984251968,20.6129304709421,0.881152996515011,0
74.245406824147,20.7411666151684,0.885909397886172,0
74.2782152230971,20.8694027593948,0.89066579925733,0
74.3110236220472,20.9773120430326,0.895422200628491,0
74.3438320209974,21.0085891513805,0.901727394308945,0
74.3766404199475,21.0398662597283,0.908072432153397,0
74.4094488188976,21.0711433680762,0.914417469997851,0
74.4422572178478,21.1024204764241,0.920762507842303,0
74.4750656167979,21.1336975847719,0.927107545686757,0
74.507874015748,21.1649746931198,0.933452583531209,0
74.5406824146982,21.1962518014676,0.939797621375664,0
74.5734908136483,21.2275289098155,0.946142659220118,0
74.6062992125984,21.2588060181634,0.95248769706457,0
74.6391076115486,21.2900831265112,0.958513389129883,0
74.6719160104987,21.3213602348591,0.964094415642978,0
74.7047244094488,21.352637343207,0.969675442156075,0
74.737532808399,21.3839144515548,0.975256468669169,0
74.7703412073491,21.4151915599027,0.980837495182266,0
74.8031496062992,21.4464686682506,0.986418521695361,0
74.8359580052493,21.4777457765984,0.991999548208457,0
74.8687664041995,21.5090228849463,0.997580574721554,0
74.9015748031496,21.5028792533063,1.00316160123465,0
74.9343832020997,21.4841129882976,1.00874262774775,0
74.9671916010499,21.4653467232889,1.01432365426084,0
75,21.4465804582802,1.04398967902596,0
75.0328083989501,21.4278141932715,1.088765457451,0
75.0656167979002,21.4090479282628,1.13354123587606,0
75.0984251968504,21.390281663254,1.13749312902428,0
75.1312335958005,21.3715153982453,1.12443352698363,0
75.1640419947506,21.3527491332366,1.11137392494298,0
75.1968503937008,21.3339828682279,1.09831432290233,0
75.2296587926509,21.3152166032192,1.16709633795563,0
75.262467191601,21.2964503382105,1.25291657993687,0
75.2952755905512,21.2776840732018,1.27212250288532,0
75.3280839895013,21.2589178081931,1.28297723704897,0
75.3608923884514,21.2401515431843,1.29383197121263,0
75.3937007874016,21.2213852781756,1.30468670537628,0
75.4265091863517,21.1869503805402,1.31554143953993,0
75.4593175853018,20.0046756849907,1.3025739498571,0
75.492125984252,18.8224009894409,1.27059125098206,0
75.5249343832021,18.5225706627779,1.238608552107,0
75.5577427821522,18.4025451216832,1.2102915727173,0
75.5905511811024,18.2825195805884,1.20083890838312,0
75.6233595800525,18.1624940394936,1.19138624404894,0
75.6561679790026,18.0424684983989,1.18193357971476,0
75.6889763779528,17.9224429573041,1.17248091538058,0
75.7217847769029,17.8024174162093,1.16302825104641,0
75.754593175853,17.6823918751145,1.15357558671223,0
75.7874015748031,17.5623663340197,1.14412292237805,0
75.8202099737533,17.442340792925,1.10343929290549,0
75.8530183727034,17.3223152518302,1.0589399081744,0
75.8858267716535,17.2022897107354,1.01444052344329,0
75.9186351706037,17.1367208271002,0.969941138712204,0
75.9514435695538,17.0757209171343,0.927923489826533,0
75.9842519685039,17.0147210071684,0.888122797893136,0
76.0170603674541,16.9537210972025,0.864254798705478,0
76.0498687664042,16.8927211872366,0.85150048606319,0
76.0826771653543,16.8317212772706,0.838746173420907,0
76.1154855643044,16.7707213673047,0.82599186077862,0
76.1482939632546,16.7097214573388,0.813237548136337,0
76.1811023622047,16.6487215473729,0.802479352893249,0
76.2139107611548,16.587721637407,0.797504266401574,0
76.246719160105,16.5267217274411,0.792529179909902,0
76.2795275590551,16.4657218174752,0.787554093418227,0
76.3123359580052,16.4047219075093,0.782579006926555,0
76.3451443569554,16.3437219975434,0.777603920434881,0
76.3779527559055,16.2827220875774,0.772628833943208,0
76.4107611548556,16.2217221776115,0.767653747451534,0
76.4435695538058,16.1607222676456,0.762678660959861,0
76.4763779527559,16.0997223576797,0.757703574468187,0
76.509186351706,16.0788604950722,0.752693019726002,0
76.5419947506562,16.1651853141123,0.74725359182844,0
76.5748031496063,16.2515101331524,0.741814163930876,0
76.6076115485564,16.3378349521926,0.736374736033315,0
76.6404199475066,16.4241597712327,0.730935308135751,0
76.6732283464567,16.5104845902729,0.725495880238189,0
76.7060367454068,16.596809409313,0.720056452340625,0
76.7388451443569,16.6831342283532,0.714617024443064,0
76.7716535433071,16.7694590473933,0.7091775965455,0
76.8044619422572,16.8557838664334,0.703738168647936,0
76.8372703412073,16.9421086854736,0.698298740750375,0
76.8700787401575,17.0284335045137,0.692859312852811,0
76.9028871391076,17.1147583235539,0.687419884955249,0
76.9356955380577,17.201083142594,0.681980457057686,0
76.9685039370079,17.2874079616342,0.676541029160124,0
77.001312335958,18.0570597698358,0.656404888353421,0
77.0341207349081,19.0912894858724,0.623403481291951,0
77.0669291338583,20.125519201909,0.590402074230493,0
77.0997375328084,21.1597489179452,0.641326365525737,0
77.1325459317585,23.6595795305736,0.742693752793534,0
77.1653543307087,27.7258993940977,0.833015224475391,0
77.1981627296588,30.4282415553542,0.897276758326141,0
77.2309711286089,29.6549804866198,0.961538292176914,0
77.2637795275591,28.7541997662005,1.02579982602766,0
77.2965879265092,27.8534190457815,0.998015930155724,0
77.3293963254593,26.9526383253623,0.987630515836371,0
77.3622047244095,26.3700131462964,1.0493926351902,0
77.3950131233596,26.0754364069209,1.11115475454405,0
77.4278215223097,25.7808596675452,1.17291687389787,0
77.4606299212598,25.4862829281697,1.23467899325172,0
77.49343832021,25.191706188794,1.30396812835708,0
77.5262467191601,24.8971294494185,1.27865333451106,0
77.5590551181102,24.6025527100428,1.23970061441052,0
77.5918635170604,24.3079759706671,1.20074789430997,0
77.6246719160105,24.0133992312916,1.16179517420941,0
77.6574803149606,23.7188224919159,1.13629586947969,0
77.6902887139107,23.4242457525404,1.1110116854285,0
77.7230971128609,23.1296690131647,1.08572750137732,0
77.755905511811,22.8910104262774,1.06071557916182,0
77.7887139107611,22.7239906676997,1.03646203251491,0
77.8215223097113,22.556970909122,1.01220848586799,0
77.8543307086614,22.3899511505443,0.987954939221067,0
77.8871391076115,22.2229313919666,0.915452704559152,0
77.9199475065617,22.055911633389,0.806552956934852,0
77.9527559055118,21.8888918748112,0.702076140609633,0
77.9855643044619,21.7218721162336,0.597599324284377,0
78.0183727034121,21.5548523576559,0.581269619643942,0
78.0511811023622,21.3878325990782,0.565598097195174,0
78.0839895013123,21.2208128405005,0.54992657474641,0
78.1167979002625,21.0537930819229,0.534255052297641,0
78.1496062992126,20.8867733233451,0.518583529848872,0
78.1824146981627,20.7197535647674,0.50538824176429,0
78.2152230971129,20.5527338061898,0.503840437077992,0
78.248031496063,20.5199608846693,0.502292632391693,0
78.2808398950131,20.5043223304954,0.500744827705395,0
78.3136482939633,20.4886837763214,0.499197023019097,0
78.3464566929134,20.4730452221475,0.497649218332798,0
78.3792650918635,20.4574066679736,0.4961014136465,0
78.4120734908136,20.4417681137996,0.494553608960201,0
78.4448818897638,20.4261295596257,0.493005804273902,0
78.4776902887139,20.4104910054518,0.491457999587604,0
78.510498687664,20.3948524512778,0.489910194901305,0
78.5433070866142,20.3792138971039,0.488362390215007,0
78.5761154855643,20.36357534293,0.486814585528708,0
78.6089238845144,20.347936788756,0.485116671786524,0
78.6417322834645,20.3322982345821,0.481833114702019,0
78.6745406824147,20.3166596804082,0.478549557617514,0
78.7073490813648,20.3010211262343,0.475266000533011,0
78.7401574803149,20.2853825720603,0.471982443448506,0
78.7729658792651,20.2697440178864,0.468698886364002,0
78.8057742782152,20.2594217645712,0.465415329279497,0
78.8385826771653,20.2562940537364,0.462131772194993,0
78.8713910761155,20.2531663429017,0.458848215110488,0
78.9041994750656,20.2500386320669,0.455564658025984,0
78.9370078740157,20.2469109212321,0.452281100941479,0
78.9698162729659,20.2437832103973,0.448997543856974,0
79.002624671916,20.2406554995625,0.44571398677247,0
79.0354330708661,20.2375277887277,0.442430429687965,0
79.0682414698163,20.2344000778929,0.439146872603462,0
79.1010498687664,20.2312723670581,0.437647340518894,0
79.1338582677165,20.2281446562233,0.437647340518894,0
79.1666666666667,20.2250169453885,0.437647340518894,0
79.1994750656168,20.2218892345537,0.437647340518894,0
79.2322834645669,20.2187615237189,0.437647340518894,0
79.2650918635171,20.2156338128841,0.437647340518894,0
79.2979002624672,20.2125061020493,0.437647340518894,0
79.3307086614173,20.2093783912145,0.437647340518894,0
79.3635170603675,20.2062506803797,0.437647340518894,0
79.3963254593176,20.2236057002739,0.437647340518894,0
79.4291338582677,20.2417464231157,0.437647340518894,0
79.4619422572178,20.2598871459574,0.437647340518894,0
79.494750656168,20.2780278687992,0.437647340518894,0
79.5275590551181,20.296168591641,0.437647340518894,0
79.5603674540682,20.3143093144828,0.437647781060907,0
79.5931758530184,20.3324500373246,0.440384078631327,0
79.6259842519685,20.3505907601663,0.443120376201748,0
79.6587926509186,20.3687314830081,0.445856673772167,0
79.6916010498688,20.3868722058499,0.448592971342588,0
79.7244094488189,20.4050129286917,0.451329268913008,0
79.757217847769,20.4231536515335,0.454065566483429,0
79.7900262467192,20.4412943743752,0.45680186405385,0
79.8228346456693,20.459435097217,0.45953816162427,0
79.8556430446194,20.4775758200588,0.462274459194691,0
79.8884514435696,20.4957165429006,0.46501075676511,0
79.9212598425197,20.5138572657423,0.467747054335531,0
79.9540682414698,20.5153819954949,0.470483351905951,0
79.9868766404199,20.5003689834879,0.473219649476372,0
80.0196850393701,20.4853559714809,0.475955947046793,0
80.0524934383202,20.4703429594739,0.478614088920057,0
80.0853018372703,20.455329947467,0.481179367892326,0
80.1181102362205,20.44031693546,0.483744646864595,0
80.1509186351706,20.425303923453,0.486309925836865,0
80.1837270341207,20.410290911446,0.488875204809134,0
80.2165354330709,20.395277899439,0.491440483781404,0
80.249343832021,20.3802648874321,0.494005762753673,0
80.2821522309711,20.3652518754251,0.496571041725942,0
80.3149606299213,20.3502388634181,0.499136320698212,0
80.3477690288714,20.3352258514111,0.501701599670481,0
80.3805774278215,20.3202128394041,0.504266878642751,0
80.4133858267716,20.3051998273971,0.50683215761502,0
80.4461942257218,20.2901868153902,0.50939743658729,0
80.4790026246719,20.2751738033832,0.511962715559558,0
80.511811023622,20.2607508397859,0.514527994531828,0
80.5446194225722,20.2607508397859,0.517093273504097,0
80.5774278215223,20.2607508397859,0.525849094654822,0
80.6102362204724,20.2607508397859,0.534970086556226,0
80.6430446194226,20.2607508397859,0.544091078457626,0
80.6758530183727,20.2607508397859,0.553212070359029,0
80.7086614173228,20.2607508397859,0.562333062260429,0
80.741469816273,20.2607508397859,0.571454054161832,0
80.7742782152231,20.2607508397859,0.580575046063233,0
80.8070866141732,20.2607508397859,0.589696037964636,0
80.8398950131234,20.2607508397859,0.607093040505496,0
80.8727034120735,20.2607508397859,0.654107607851741,0
80.9055118110236,20.2607508397859,0.695236190534071,0
80.9383202099738,20.2607508397859,0.721177712954947,0
80.9711286089239,20.2607508397859,0.747119235375832,0
81.003937007874,20.2607508397859,0.773060757796709,0
81.0367454068241,20.2607508397859,0.793043724491315,0
81.0695538057743,20.2607508397859,0.790231719082978,0
81.1023622047244,20.2607508397859,0.787419713674641,0
81.1351706036745,20.2607508397859,0.784607708266303,0
81.1679790026247,20.2607508397859,0.781795702857967,0
81.2007874015748,20.2607508397859,0.778983697449629,0
81.2335958005249,20.2607508397859,0.776171692041293,0
81.2664041994751,20.2607508397859,0.773359686632955,0
81.2992125984252,20.2607508397859,0.770547681224618,0
81.3320209973753,20.2607508397859,0.767735675816281,0
81.3648293963254,20.2607508397859,0.764923670407944,0
81.3976377952756,20.2607508397859,0.762111664999607,0
81.4304461942257,20.2607508397859,0.759299659591269,0
81.4632545931758,20.2607508397859,0.756487654182933,0
81.496062992126,20.2607508397859,0.757731780573177,0
81.5288713910761,20.2607508397859,0.75982131689968,0
81.5616797900262,20.2607508397859,0.761910853226183,0
81.5944881889764,20.2607508397859,0.764000389552685,0
81.6272965879265,20.2607508397859,0.766089925879189,0
81.6601049868766,20.2589438495101,0.768179462205692,0
81.6929133858268,20.2433052953361,0.770268998532194,0
81.7257217847769,20.2276667411622,0.772358534858697,0
81.758530183727,20.2120281869883,0.7744480711852,0
81.7913385826772,20.1963896328143,0.776537607511703,0
81.8241469816273,20.1807510786404,0.778627143838205,0
81.8569553805774,20.1651125244665,0.780716680164708,0
81.8897637795276,20.1494739702925,0.782806216491211,0
81.9225721784777,20.1338354161186,0.784895752817714,0
81.9553805774278,20.1181968619447,0.785796920581624,0
81.988188976378,20.1025583077707,0.783707384255122,0
82.0209973753281,20.0869197535968,0.781617847928618,0
82.0538057742782,20.0712811994229,0.779528311602116,0
82.0866141732283,20.0556426452489,0.777438775275613,0
82.1194225721785,20.040004091075,0.77534923894911,0
82.1522309711286,20.0243655369011,0.773259702622607,0
82.1850393700787,20.0087269827271,0.771170166296105,0
82.2178477690289,19.9930884285532,0.769080629969602,0
82.250656167979,19.9846055863138,0.766991093643098,0
82.2834645669291,19.9799140200616,0.764901557316596,0
82.3162729658793,19.9752224538094,0.762812020990093,0
82.3490813648294,19.9705308875572,0.76072248466359,0
82.3818897637795,19.965839321305,0.758632948337087,0
82.4146981627296,19.9611477550528,0.756543412010585,0
82.4475065616798,19.9564561888006,0.75074447979812,0
82.4803149606299,19.9517646225484,0.743650374985918,0
82.51312335958,19.9470730562962,0.736556270173719,0
82.5459317585302,19.942381490044,0.729462165361516,0
82.5787401574803,19.9376899237918,0.722368060549317,0
82.6115485564304,19.9315771504679,0.715273955737114,0
82.6443569553806,19.8124355590511,0.708179850924915,0
82.6771653543307,19.6932939676344,0.701085746112713,0
82.7099737532808,19.5741523762176,0.693991641300513,0
82.742782152231,19.4550107848008,0.686897536488311,0
82.7755905511811,19.335869193384,0.679803431676109,0
82.8083989501312,19.2167276019672,0.672709326863909,0
82.8412073490814,19.0975860105504,0.665615222051707,0
82.8740157480315,18.9784444191336,0.66196314425182,0
82.9068241469816,18.8593028277169,0.660145324187554,0
82.9396325459318,18.7401612363001,0.65832750412329,0
82.9724409448819,18.6210196448833,0.656509684059025,0
83.005249343832,18.5018780534665,0.65469186399476,0
83.0380577427822,18.3827364620497,0.652874043930495,0
83.0708661417323,18.2635948706329,0.651056223866229,0
83.1036745406824,18.1444532792161,0.649238403801965,0
83.1364829396325,18.0253116877994,0.6474205837377,0
83.1692913385827,17.9061700963826,0.645602763673435,0
83.2020997375328,17.7870285049658,0.64378494360917,0
83.2349081364829,17.667886913549,0.641967123544905,0
83.2677165354331,17.5487453221323,0.640020098899344,0
83.3005249343832,17.4296037307154,0.635526472390734,0
83.3333333333333,17.3104621392986,0.631032845882126,0
83.3661417322835,17.1927415749647,0.626539219373517,0
83.3989501312336,17.1744723051104,0.62204559286491,0
83.4317585301837,17.1562030352561,0.6175519663563,0
83.4645669291339,17.1379337654018,0.613058339847693,0
83.497375328084,17.1196644955475,0.608564713339083,0
83.5301837270341,17.1013952256932,0.604071086830476,0
83.5629921259842,17.0831259558389,0.599577460321866,0
83.5958005249344,17.0648566859846,0.595083833813257,0
83.6286089238845,17.0465874161303,0.590590207304649,0
83.6614173228346,17.028318146276,0.58609658079604,0
83.6942257217848,17.0100488764217,0.581602954287432,0
83.7270341207349,16.9917796065674,0.577109327778823,0
83.759842519685,16.9735103367131,0.572589867852794,0
83.7926509186352,16.9552410668588,0.566827059333271,0
83.8254593175853,16.9369717970045,0.561064250813751,0
83.8582677165354,16.9187025271502,0.555301442294228,0
83.8910761154856,16.9004332572959,0.549538633774705,0
83.9238845144357,16.8821639874416,0.543775825255185,0
83.9566929133858,16.8638947175873,0.538013016735662,0
83.989501312336,16.845625447733,0.532250208216141,0
84.0223097112861,16.8273561778788,0.526487399696619,0
84.0551181102362,16.8090869080245,0.520724591177098,0
84.0879265091863,16.7908176381702,0.514961782657576,0
84.1207349081365,16.7725483683159,0.509198974138053,0
84.1535433070866,16.7542790984616,0.504663858781561,0
84.1863517060367,16.7360098286073,0.502083032664005,0
84.2191601049869,16.717740558753,0.49950220654645,0
84.251968503937,16.6994712888987,0.496921380428894,0
84.2847769028871,16.6812020190444,0.494340554311338,0
84.3175853018373,16.6629327491901,0.491759728193782,0
84.3503937007874,16.6404311676166,0.489178902076227,0
84.3832020997375,16.6154094809383,0.486598075958671,0
84.4160104986877,16.59038779426,0.484017249841115,0
84.4488188976378,16.5653661075817,0.481436423723559,0
84.4816272965879,16.5403444209034,0.478855597606003,0
84.5144356955381,16.5153227342251,0.476274771488448,0
84.5472440944882,16.4903010475468,0.471542128670864,0
84.5800524934383,16.4652793608685,0.466097172899423,0
84.6128608923884,16.4402576741902,0.460652217127979,0
84.6456692913386,16.4152359875119,0.455207261356538,0
84.6784776902887,16.3902143008335,0.449762305585095,0
84.7112860892388,16.3651926141553,0.444317349813651,0
84.744094488189,16.3401709274769,0.43887239404221,0
84.7769028871391,16.3151492407987,0.433427438270766,0
84.8097112860892,16.2901275541203,0.427982482499325,0
84.8425196850394,16.265105867442,0.422537526727882,0
84.8753280839895,16.2400841807637,0.41709257095644,0
84.9081364829396,16.2135151492605,0.411647615184997,0
84.9409448818898,16.1791103300779,0.406202659413553,0
84.9737532808399,16.1447055108952,0.40355910798171,0
85.00656167979,16.1103006917125,0.402342975728189,0
85.0393700787401,16.0758958725298,0.401126843474669,0
85.0721784776903,16.0414910533471,0.399910711221149,0
85.1049868766404,16.0070862341644,0.398694578967629,0
85.1377952755905,15.9726814149817,0.397478446714109,0
85.1706036745407,15.9382765957991,0.396262314460589,0
85.2034120734908,15.9038717766164,0.395046182207068,0
85.2362204724409,15.8694669574337,0.393830049953548,0
85.2690288713911,15.835062138251,0.392613917700028,0
85.3018372703412,15.8006573190683,0.391397785446507,0
85.3346456692913,15.7662524998856,0.390181653192987,0
85.3674540682415,15.7318476807029,0.388965520939467,0
85.4002624671916,15.6974428615202,0.388033179654674,0
85.4330708661417,15.6630380423376,0.387311792113381,0
85.4658792650919,15.6286332231549,0.386590404572089,0
85.498687664042,15.6184160034221,0.385869017030796,0
85.5314960629921,15.6184160034221,0.385147629489503,0
85.5643044619423,15.6184160034221,0.384426241948211,0
85.5971128608924,15.6184160034221,0.383704854406918,0
85.6299212598425,15.6184160034221,0.382983466865625,0
85.6627296587926,15.6184160034221,0.382262079324332,0
85.6955380577428,15.6184160034221,0.38154069178304,0
85.7283464566929,15.6184160034221,0.380819304241747,0
85.761154855643,15.6184160034221,0.380097916700454,0
85.7939632545932,15.6184160034221,0.379376529159162,0
85.8267716535433,15.6184160034221,0.378655141617869,0
85.8595800524934,15.6184160034221,0.377890072517958,0
85.8923884514436,15.6184160034221,0.375734201704899,0
85.9251968503937,15.6184160034221,0.373578330891841,0
85.9580052493438,15.6184160034221,0.371422460078782,0
85.990813648294,15.6184160034221,0.369266589265724,0
86.0236220472441,15.6184160034221,0.367110718452665,0
86.0564304461942,15.6191702563336,0.364954847639606,0
86.0892388451444,15.6222979671684,0.362798976826547,0
86.1220472440945,15.6254256780032,0.360643106013488,0
86.1548556430446,15.628553388838,0.35848723520043,0
86.1876640419947,15.6316810996728,0.356331364387371,0
86.2204724409449,15.6348088105076,0.354175493574313,0
86.253280839895,15.6379365213424,0.352019622761254,0
86.2860892388451,15.6410642321772,0.349863751948195,0
86.3188976377953,15.644191943012,0.347707881135136,0
86.3517060367454,15.6473196538468,0.345552010322077,0
86.3845144356955,15.6504473646816,0.345671811291559,0
86.4173228346457,15.6535750755163,0.34650972059542,0
86.4501312335958,15.6567027863511,0.347347629899281,0
86.4829396325459,15.6598304971859,0.348185539203142,0
86.5157480314961,15.6629582080207,0.349023448507002,0
86.5485564304462,15.6660859188555,0.349861357810863,0
86.5813648293963,15.6692136296903,0.350699267114724,0
86.6141732283465,15.6723413405251,0.351537176418585,0
86.6469816272966,15.6925304592228,0.352375085722446,0
86.6797900262467,15.7175521459011,0.353212995026306,0
86.7125984251968,15.7425738325794,0.354050904330167,0
86.745406824147,15.7675955192577,0.354888813634028,0
86.7782152230971,15.792617205936,0.355726722937889,0
86.8110236220472,15.8176388926143,0.356564632241749,0
86.8438320209974,15.8426605792926,0.356329616950105,0
86.8766404199475,15.8676822659709,0.356031111760604,0
86.9094488188976,15.8927039526492,0.355732606571104,0
86.9422572178478,15.9177256393275,0.355434101381603,0
86.9750656167979,15.9427473260059,0.355135596192102,0
87.007874015748,15.9677690126842,0.354837091002602,0
87.0406824146982,15.9927906993625,0.354538585813101,0
87.0734908136483,16.0178123860408,0.354240080623601,0
87.1062992125984,16.0428340727191,0.3539415754341,0
87.1391076115486,16.0678557593974,0.3536430702446,0
87.1719160104987,16.0928774460757,0.353344565055099,0
87.2047244094488,16.1016184556346,0.353046059865598,0
87.2375328083989,16.0753456846224,0.352747554676098,0
87.2703412073491,16.0490729136101,0.352449049486597,0
87.3031496062992,16.0228001425979,0.352080723912557,0
87.3359580052493,15.9965273715857,0.351608090695849,0
87.3687664041995,15.9702546005735,0.35113545747914,0
87.4015748031496,15.9439818295613,0.350662824262431,0
87.4343832020997,15.917709058549,0.350190191045722,0
87.4671916010499,15.8914362875368,0.349717557829014,0
87.5,15.8651635165246,0.349244924612305,0
87.5328083989501,15.8388907455124,0.348772291395596,0
87.5656167979003,15.8126179745002,0.348299658178888,0
87.5984251968504,15.7863452034879,0.347827024962179,0
87.6312335958005,15.7600724324757,0.34735439174547,0
87.6640419947506,15.7337996614635,0.346881758528761,0
87.6968503937008,15.7075268904513,0.346409125312052,0
87.7296587926509,15.6812541194391,0.345936492095344,0
87.762467191601,15.6549813484269,0.345463858878635,0
87.7952755905512,15.6449098764803,0.348044202795862,0
87.8280839895013,15.7452685980487,0.351130599045327,0
87.8608923884514,15.8456273196172,0.35421699529479,0
87.8937007874016,15.9459860411856,0.357303391544255,0
87.9265091863517,16.046344762754,0.360389787793718,0
87.9593175853018,16.1467034843225,0.363476184043182,0
87.992125984252,16.2470622058909,0.366562580292647,0
88.0249343832021,16.3474209274593,0.36964897654211,0
88.0577427821522,16.4477796490277,0.372735372791575,0
88.0905511811024,16.5481383705962,0.375821769041038,0
88.1233595800525,16.6484970921646,0.378908165290502,0
88.1561679790026,16.748855813733,0.381994561539966,0
88.1889763779527,16.8492145353014,0.38508095778943,0
88.2217847769029,16.9495732568699,0.382456437213765,0
88.254593175853,17.0499319784383,0.378116103136547,0
88.2874015748031,17.1502907000067,0.373775769059327,0
88.3202099737533,17.2506494215752,0.369435434982109,0
88.3530183727034,17.2807229381524,0.365095100904889,0
88.3858267716535,17.2025301672827,0.360754766827671,0
88.4186351706037,17.124337396413,0.356414432750451,0
88.4514435695538,17.0461446255433,0.352074098673233,0
88.4842519685039,16.9679518546736,0.347733764596013,0
88.5170603674541,16.8897590838039,0.343393430518794,0
88.5498687664042,16.8115663129342,0.339053096441575,0
88.5826771653543,16.7333735420645,0.334712762364356,0
88.6154855643045,16.6551807711948,0.330372428287137,0
88.6482939632546,16.5769880003251,0.326032094209918,0
88.6811023622047,16.4987952294554,0.324245635171867,0
88.7139107611548,16.4206024585857,0.323499372198116,0
88.746719160105,16.3424096877159,0.322753109224366,0
88.7795275590551,16.2642169168462,0.322006846250615,0
88.8123359580052,16.1860241459765,0.321260583276864,0
88.8451443569554,16.1078313751068,0.320514320303113,0
88.8779527559055,16.0296386042371,0.319768057329362,0
88.9107611548556,15.9514458333674,0.319021794355611,0
88.9435695538058,15.9927388125528,0.31827553138186,0
88.9763779527559,16.0427821859094,0.31752926840811,0
89.009186351706,16.092825559266,0.316783005434359,0
89.0419947506562,16.1428689326227,0.316036742460608,0
89.0748031496063,16.1929123059793,0.315290479486857,0
89.1076115485564,16.2429556793359,0.314646427783453,0
89.1404199475066,16.2929990526925,0.314646427783453,0
89.1732283464567,16.3430424260491,0.314646427783453,0
89.2060367454068,16.3930857994057,0.314646427783453,0
89.2388451443569,16.4431291727624,0.314646427783453,0
89.2716535433071,16.493172546119,0.314646427783453,0
89.3044619422572,16.5432159194756,0.314646427783453,0
89.3372703412073,16.5932592928322,0.314646427783453,0
89.3700787401575,16.6433026661888,0.314646427783453,0
89.4028871391076,16.6933460395454,0.314646427783453,0
89.4356955380577,16.7433894129021,0.314646427783453,0
89.4685039370079,16.7934327862587,0.314646427783453,0
89.501312335958,16.8398667888604,0.314646427783453,0
89.5341207349081,16.8822287831069,0.314646427783453,0
89.5669291338583,16.9245907773533,0.314646427783453,0
89.5997375328084,16.9669527715998,0.315041508624572,0
89.6325459317585,17.0093147658463,0.3157068470861,0
89.6653543307087,17.0516767600927,0.316372185547629,0
89.6981627296588,17.0940387543392,0.317037524009157,0
89.7309711286089,17.1364007485857,0.317702862470685,0
89.763779527559,17.1787627428321,0.318368200932214,0
89.7965879265092,17.2362244465544,0.319033539393742,0
89.8293963254593,17.3013290436468,0.31969887785527,0
89.8622047244094,17.3664336407393,0.320364216316799,0
89.8950131233596,17.4315382378318,0.321029554778327,0
89.9278215223097,17.4966428349243,0.321694893239856,0
89.9606299212598,17.5617474320168,0.322360231701384,0
89.99343832021,17.6268520291093,0.323025570162912,0
90.0262467191601,17.6919566262018,0.323690908624441,0
90.0590551181102,17.7570612232943,0.324322551378955,0
90.0918635170604,17.8221658203868,0.324322551378955,0
90.1246719160105,17.8872704174793,0.324322551378955,0
90.1574803149606,17.9523750145718,0.324322551378955,0
90.1902887139108,18.0174796116643,0.324322551378955,0
90.2230971128609,18.0488148295186,0.324322551378955,0
